time,user,action,file,event
389,jh_user_9,save,03_celebrities_go_full_cringe.txt,
396,jh_user_41,save,ali_wajeeh_holiday_from_arabic_trans_muntather_alsawad_and_jeffrey_clapp_poem_1.txt,
397,jh_user_29,save,allan_popa_morpo_from_filipino_trans_jose_perez_beduya_jose_edmundo_ocampo_reyes_and_marc_gaba_poem_2.txt,
397,jh_user_85,save,2_Kayaga_Insatiable_trans_en_gpt.txt,
398,jh_user_30,save,03_celebrities_go_full_cringe.txt,
399,jh_user_13,save,alberto_caeiro_xiii_from_portuguese_trans_margaret_jull_costa_and_patricio_ferrari_poem_3.txt,
402,jh_user_91,save,03_celebrities_go_full_cringe.txt,
402,jh_user_19,save,ali_wajeeh_holiday_from_arabic_trans_muntather_alsawad_and_jeffrey_clapp_poem_1.txt,
404,jh_user_90,save,aco_šopov_horrordeath_from_macedonian_trans_rawley_grau_and_christina_e_kramer_poem_1.txt,
404,jh_user_95,save,2_Kayaga_Insatiable_trans_en_gpt.txt,
405,jh_user_23,save,2_Kayaga_Insatiable_trans_en_gpt.txt,
408,jh_user_26,save,ann_jäderlund_leadingnote_from_swedish_trans_joel_duncan_poem_1.txt,
408,jh_user_36,save,2_Ch_Lambert_Desincarceration_trans_en_gpt.txt,
408,jh_user_79,save,2_Ch_Lambert_Desincarceration_trans_en_gpt.txt,
409,jh_user_92,save,0_Roubaud_J_IlPleut_Raining_trans_R_Sieburth_F_Gramet.txt,
409,jh_user_41,save,6_battle_of_maldon_excerpt_original_&_trans_douglas_b_killings.txt,
409,jh_user_98,save,2_Hoex_Ici_II_trans_en_gpt.txt,
410,jh_user_28,save,andrey_platonov_night_stands_in_the_yard_like_an_orphan_from_russian_trans_george_kovalenko_poem_2.txt,
410,jh_user_13,save,almog_behar_1_from_hebrew_trans_shoshana_olidort_poem_1.txt,
411,jh_user_16,save,1_Monnier_P_Hiver_trans_S_Gavronsky.txt,
411,jh_user_14,save,alberto_caeiro_xiii_from_portuguese_trans_margaret_jull_costa_and_patricio_ferrari_poem_3.txt,
412,jh_user_27,save,ann_jäderlund_leadingnote_from_swedish_trans_joel_duncan_poem_1.txt,
412,jh_user_79,save,allan_popa_babel_from_filipino_trans_jose_perez_beduya_jose_edmundo_ocampo_reyes_and_marc_gaba_poem_1.txt,
412,jh_user_29,save,afrikaans_emoji_in_the_scriptorium_slippers_trans_inggs.txt,
412,jh_user_76,save,alara_adilow_myths_and_traffic_lights_from_dutch_trans_shimanto_robin_reza_poem_2.txt,
412,jh_user_15,save,2_Namur_Cette_Rose_II_trans_en_gpt.txt,
413,jh_user_8,save,alejandro_crotto_if_you_go_and_look_at_a_hen_for_an_hour_or_two_youll_find_in_the_end_that_the_mystery_has_not_diminished_but_rather_increased_from_spanish_trans_robin_myers_poem_2.txt,
413,jh_user_82,save,afrikaans_15_instagram_poems_slippers_trans_inggs.txt,
413,jh_user_35,save,08_lesson_of_the_day.txt,
414,jh_user_63,save,alain_lance_spring_from_french_trans_erika_luckert_poem_5.txt,
414,jh_user_47,save,0_Laabi_A_DemainSera_TomorrowWillBe_trans_P_Joris.txt,
414,jh_user_23,save,artur-becker_on-copernicus-street.txt,
414,jh_user_30,save,2_Namur_Cette_Rose_II_trans_en_gpt.txt,
415,jh_user_54,save,alberto_caeiro_iv_from_portuguese_trans_margaret_jull_costa_and_patricio_ferrari_poem_1.txt,
415,jh_user_88,save,aandaal_song_ten_from_tamil_trans_priya_sarukkai_chabria_and_ravi_shankar_poem_3.txt,
416,jh_user_46,save,Antonioni_Interview.txt,
417,jh_user_39,save,albanian_autumn_afternoon_gjika_trans_gjika.txt,
417,jh_user_71,save,0_Bancquart_MC_ContrefableOrphee_ContrefableOrpheus_trans_M_Sorrell.txt,
417,jh_user_74,save,ana_cristina_cesar_ladies_talk_from_portuguese_trans_brenda_hillman_helen_hillman_and_sebastião_edson_macedo_poem_1.txt,
418,jh_user_22,save,aase_berg_hyperparasites_from_swedish_trans_johannes_göransson_poem_1.txt,
418,jh_user_46,save,17_ancient_mariner_pandemic_436.txt,
418,jh_user_59,save,1_Jamme_FA_VieDuScarabee_trans_M_Tweed.txt,
418,jh_user_45,save,0_Royet-Journoud_C_Localite_Locality_trans_K_Waldrop.txt,
419,jh_user_21,save,2_Mathy_Mains_Ouvertes_I_trans_en_gpt.txt,
419,jh_user_48,save,alejandro_crotto_if_you_go_and_look_at_a_hen_for_an_hour_or_two_youll_find_in_the_end_that_the_mystery_has_not_diminished_but_rather_increased_from_spanish_trans_robin_myers_poem_2.txt,
419,jh_user_59,save,andrey_platonov_night_stands_in_the_yard_like_an_orphan_from_russian_trans_george_kovalenko_poem_2.txt,
420,jh_user_31,save,albanian_autumn_afternoon_gjika_trans_gjika.txt,
420,jh_user_19,save,afrikaans_exile_1_cussons_trans_van_der_vlies.txt,
420,jh_user_27,save,2_Ch_Lambert_Une_Salve_trans_en_gpt.txt,
421,jh_user_2,save,almog_behar_6_from_hebrew_trans_shoshana_olidort_poem_6.txt,
421,jh_user_67,save,alen-meskovic_the-curious-house.txt,
421,jh_user_41,save,3_geffrey_brewer_&_lovepoemsandpoetscom.txt,
421,jh_user_100,save,0_Collobert_D_DontLeSoleil_ForWhichTheSun_trans_M_Tweed.txt,
422,jh_user_14,save,almog_behar_12_from_hebrew_trans_shoshana_olidort_poem_12.txt,
422,jh_user_56,save,afrikaans_15_instagram_poems_slippers_trans_inggs.txt,
422,jh_user_2,save,17_ancient_mariner_pandemic_436.txt,
422,jh_user_20,save,2_Ch_Lambert_Desincarceration_trans_en_gpt.txt,
423,jh_user_46,save,afrikaans_anene_booysen_coetzer_trans_coetzer.txt,
423,jh_user_69,save,archilochus_and_anacreon_anacreon_from_ancient_trans_george_economou_poem_2.txt,
423,jh_user_80,save,2_Vielle_Joueurs_de_Foot_trans_en_gpt.txt,
423,jh_user_90,save,andrea-inglese_inventory-of-lost-flesh.txt,
423,jh_user_53,save,alara_adilow_myths_and_traffic_lights_from_dutch_trans_shimanto_robin_reza_poem_2.txt,
424,jh_user_46,save,alexandra-salmela_anttis-thoughts.txt,
424,jh_user_94,save,afrikaans_aown_terms_coetzer_trans_coetzer.txt,
424,jh_user_42,save,3_geffrey_brewer_&_lovepoemsandpoetscom.txt,
424,jh_user_27,save,7_mary_borden_at_the_somme_excerpt.txt,
424,jh_user_79,save,anna_gréki_menaâ_from_french_trans_marine_cornuet_poem_2.txt,
424,jh_user_11,save,alain_lance_malaise_from_french_trans_erika_luckert_poem_2.txt,
424,jh_user_74,save,amit_ben_ami_orifice_from_hebrew_trans_lonnie_monka_poem_9.txt,
424,jh_user_38,save,0_Tengour_H_AuPaysDesMorts_InTheCountryOfTheDead_trans_M_Hacker.txt,
424,jh_user_84,save,2_Hoex_Ici_II_trans_en_gpt.txt,
425,jh_user_41,save,agi_mishol_night_lamp_from_hebrew_trans_joanna_chen_poem_2.txt,
425,jh_user_39,save,alexandra-salmela_anttis-thoughts.txt,
425,jh_user_61,save,alain_lance_spring_from_french_trans_erika_luckert_poem_5.txt,
425,jh_user_2,save,ann_jäderlund_refrain_from_swedish_trans_joel_duncan_poem_3.txt,
425,jh_user_37,save,1_Melancon_R_DebutEte_trans_P_Stratford.txt,
425,jh_user_46,save,aco_šopov_horrordeath_from_macedonian_trans_rawley_grau_and_christina_e_kramer_poem_1.txt,
425,jh_user_20,save,2_Ch_Lambert_Une_Salve_trans_en_gpt.txt,
426,jh_user_51,save,afrikaans_circulation_of_blood_coetzer_trans_coetzer.txt,
426,jh_user_83,save,artur-becker_on-copernicus-street.txt,
426,jh_user_87,save,albanian_boys_of_my_street_gjika_trans_gjika.txt,
426,jh_user_44,save,1_Melancon_R_DebutEte_trans_P_Stratford.txt,
426,jh_user_79,save,afrikaans_anene_booysen_coetzer_trans_coetzer.txt,
426,jh_user_39,save,0_Venaille_F_Maintenant_NowTheyTellMe_trans_MA_Caws.txt,
426,jh_user_91,save,17_maps_&_poems.txt,
426,jh_user_84,save,almog_behar_12_from_hebrew_trans_shoshana_olidort_poem_12.txt,
426,jh_user_94,save,ann_jäderlund_anagram_for_the_blind_from_swedish_trans_joel_duncan_poem_5.txt,
426,jh_user_56,save,antònia_vicens_i_picornell_the_boat_from_catalan_trans_laia_sales_merino_poem_4.txt,
427,jh_user_75,save,ann_jäderlund_play_at_scattered_places_from_swedish_trans_joel_duncan_poem_9.txt,
427,jh_user_7,save,aase_berg_hyperparasites_from_swedish_trans_johannes_göransson_poem_1.txt,
427,jh_user_43,save,2_Lombe_1998_trans_en_gpt.txt,
428,jh_user_67,save,albanian_boys_of_my_street_gjika_trans_gjika.txt,
428,jh_user_20,save,2_yade_lauren_&_yellow_claw_love_&_war.txt,
428,jh_user_66,save,alejandro_crotto_if_you_go_and_look_at_a_hen_for_an_hour_or_two_youll_find_in_the_end_that_the_mystery_has_not_diminished_but_rather_increased_from_spanish_trans_robin_myers_poem_2.txt,
428,jh_user_14,save,almog_behar_2_from_hebrew_trans_shoshana_olidort_poem_2.txt,
428,jh_user_101,save,abdallah_zrika_sun_tearing_the_pages_flesh_from_arabic_trans_tim_demay_poem_1.txt,
428,jh_user_49,save,anna_gréki_with_rage_in_my_heart_from_french_trans_marine_cornuet_poem_3.txt,
428,jh_user_66,save,alemannic_riedligers_tochter_hebels_trans_deepl.txt,
429,jh_user_20,save,0_Roubaud_J_IlPleut_Raining_trans_R_Sieburth_F_Gramet.txt,
429,jh_user_92,save,arseny_tarkovsky_my_sight_which_was_my_power_from_russian_trans_philip_metres_and_dimitri_psurtsev_poem_3.txt,
429,jh_user_45,save,26_poet_charged.txt,
429,jh_user_28,save,ann_jäderlund_leadingnote_from_swedish_trans_joel_duncan_poem_1.txt,
429,jh_user_2,save,0_Bancquart_MC_JeMarcheSolitudeLivres_IWalkSolitudeBooks_trans_MA_Caws.txt,
429,jh_user_98,save,alberto_caeiro_xiii_from_portuguese_trans_margaret_jull_costa_and_patricio_ferrari_poem_3.txt,
430,jh_user_79,save,2_Kayaga_Armee_des_Poetes_trans_en_gpt.txt,
430,jh_user_52,save,0_Roubaud_J_LePasse_ThePast_trans_R_Sieburth_F_Gramet.txt,
430,jh_user_10,save,0_Etienne_M_Cauchemars_Nightmares_trans_M_Hacker.txt,
430,jh_user_12,save,alejandro_albarrán_cowboy_from_spanish_trans_rachel_galvin_poem_2.txt,
430,jh_user_75,save,anonymous_cancer_from_old_trans_gnaomi_siemens_poem_4.txt,
431,jh_user_4,save,30_bell_hooks.txt,1.0
431,jh_user_82,save,ann_jäderlund_off_ring_from_swedish_trans_joel_duncan_poem_2.txt,
431,jh_user_79,save,23_jewish_poets.txt,
431,jh_user_74,save,0_Kaddour_H_LeChauffer_BusDriver_trans_M_Hacker.txt,
431,jh_user_67,save,almog_behar_1_from_hebrew_trans_shoshana_olidort_poem_1.txt,
431,jh_user_70,save,30_bell_hooks.txt,1.0
431,jh_user_32,save,aandaal_dark_flowers_from_tamil_trans_priya_sarukkai_chabria_and_ravi_shankar_poem_4.txt,
431,jh_user_91,save,agnar_artúvertin_poem_about_the_body_from_faroese_trans_matthew_landrum_poem_3.txt,
431,jh_user_43,save,afrikaans_exile_1_cussons_trans_van_der_vlies.txt,
431,jh_user_14,save,andrea-inglese_inventory-of-lost-flesh.txt,
431,jh_user_19,save,1_Goffette_G_MaxJacob_trans_M_Hacker.txt,
431,jh_user_60,save,2_Vielle_Joueurs_de_Foot_trans_en_gpt.txt,
431,jh_user_16,save,alemannic_der_käfer_hebels_trans_deepl.txt,
431,jh_user_96,save,aandaal_dark_flowers_from_tamil_trans_priya_sarukkai_chabria_and_ravi_shankar_poem_4.txt,
431,jh_user_93,save,amit_ben_ami_orifice_from_hebrew_trans_lonnie_monka_poem_9.txt,
432,jh_user_86,save,anna_gréki_with_rage_in_my_heart_from_french_trans_marine_cornuet_poem_3.txt,
432,jh_user_76,save,aco_šopov_august_from_macedonian_trans_rawley_grau_and_christina_e_kramer_poem_4.txt,
432,jh_user_51,save,Antonioni_Interview.txt,
432,jh_user_88,save,2_Hoex_Ici_II_trans_en_gpt.txt,
432,jh_user_13,save,0_Broda_M_JeVoulaitTelAvouer_IWantedToTellYou_trans_MA_Caws.txt,
432,jh_user_40,save,14_putin_on_history_literature.txt,
432,jh_user_99,save,0_Esteban_C_LeSoirVenu_OnceEveningsFallen_trans_R_Lloyd.txt,
432,jh_user_13,save,0_Bancquart_MC_RetourUlysse_ReturnUlysses_trans_M_Sorrell.txt,1.0
432,jh_user_89,save,allan_popa_crossing_from_filipino_trans_jose_perez_beduya_jose_edmundo_ocampo_reyes_and_marc_gaba_poem_5.txt,
432,jh_user_51,save,1_Said_A_LaTerre_trans_MA_Caws.txt,
432,jh_user_34,save,albanian_house_among_the_pines_gjika_trans_gjika.txt,
432,jh_user_85,save,almog_behar_1_from_hebrew_trans_shoshana_olidort_poem_1.txt,
433,jh_user_23,save,Merchant_of_Four_Seasons.txt,
433,jh_user_29,save,anna_gual_curse_from_catalan_trans_ona_bantjesràfols_poem_4.txt,
433,jh_user_41,save,albanian_house_among_the_pines_gjika_trans_gjika.txt,
433,jh_user_46,save,08_lesson_of_the_day.txt,
433,jh_user_48,save,2_Logist_Si_Tu_trans_en_gpt.txt,
433,jh_user_99,save,7_mary_borden_at_the_somme_excerpt.txt,
433,jh_user_85,save,alev-adil_oh-o.txt,1.0
433,jh_user_47,save,2_Norac_Envoyer_Tout_Dancer_trans_en_gpt.txt,
433,jh_user_12,save,aimé_césaire_when_in_the_heat_of_the_day_naked_monks_descend_the_himalayas_from_french_trans_a_james_arnold_and_clayton_eshleman_poem_1.txt,1.0
433,jh_user_49,save,1_lil_poppa_love_&_war_remix.txt,
433,jh_user_86,save,anonymous_pisces_from_old_trans_gnaomi_siemens_poem_12.txt,1.0
433,jh_user_55,save,0_Roubaud_J_IlPleut_Raining_trans_R_Sieburth_F_Gramet.txt,
433,jh_user_2,save,anna_gual_buds_from_catalan_trans_ona_bantjesràfols_poem_5.txt,
434,jh_user_63,save,32_poem_hunter.txt,1.0
434,jh_user_40,save,afrikaans_aown_terms_coetzer_trans_coetzer.txt,
434,jh_user_68,save,0_Bancquart_MC_RetourUlysse_ReturnUlysses_trans_M_Sorrell.txt,1.0
434,jh_user_7,save,anna_gréki_with_rage_in_my_heart_from_french_trans_marine_cornuet_poem_3.txt,
434,jh_user_50,save,afrikaans_mary_eybers_trans_eybers.txt,
434,jh_user_34,save,alemannic_der_morgen-stern_hebels_trans_deepl.txt,1.0
434,jh_user_87,save,1_Giraudon_L_QuandRienAAttendre_trans_S_Gavronsky.txt,1.0
434,jh_user_34,save,2_Logist_Si_Tu_trans_en_gpt.txt,
434,jh_user_98,save,18_massacre.txt,1.0
434,jh_user_75,save,abdourahman_waberi_here_is_from_french_trans_nancy_naomi_carlson_poem_2.txt,
435,jh_user_35,save,ann_jäderlund_to_give_yourself_away_you_have_to_peek_from_swedish_trans_joel_duncan_poem_8.txt,
435,jh_user_14,save,1_Alferi_P_QuandRienEntraineRien_trans_C_Wiener.txt,
435,jh_user_99,save,afrikaans_circulation_of_blood_coetzer_trans_coetzer.txt,
435,jh_user_74,save,ann_jäderlund_play_at_scattered_places_from_swedish_trans_joel_duncan_poem_9.txt,
435,jh_user_96,save,ana_cristina_cesar_summary_from_portuguese_trans_brenda_hillman_helen_hillman_and_sebastião_edson_macedo_poem_2.txt,1.0
435,jh_user_50,save,2_Norac_Envoyer_Tout_Dancer_trans_en_gpt.txt,
435,jh_user_3,save,agi_mishol_night_lamp_from_hebrew_trans_joanna_chen_poem_2.txt,
435,jh_user_95,save,3_geffrey_brewer_&_lovepoemsandpoetscom.txt,
435,jh_user_50,save,abdourahman_waberi_aiyaiyai_from_french_trans_nancy_naomi_carlson_poem_3.txt,1.0
435,jh_user_11,save,0_Esteban_C_LeSoirVenu_OnceEveningsFallen_trans_R_Lloyd.txt,
436,jh_user_82,save,anuar_duisenbinov_balkhash_dreams_from_kazakh_trans_mariya_deykute_and_victoria_thorstensson_poem_4.txt,1.0
436,jh_user_61,save,alain_lance_malaise_from_french_trans_erika_luckert_poem_2.txt,
436,jh_user_4,save,Merchant_of_Four_Seasons.txt,
436,jh_user_69,save,anuar_duisenbinov_0215_from_kazakh_trans_mariya_deykute_and_victoria_thorstensson_poem_3.txt,1.0
436,jh_user_75,save,0_Roubaud_J_LePasse_ThePast_trans_R_Sieburth_F_Gramet.txt,
436,jh_user_47,save,12_joy_harjo_the_real_revolution_is_love_[in_mad_love_and_war].txt,1.0
436,jh_user_94,save,1_Jamme_FA_VieDuScarabee_trans_M_Tweed.txt,
436,jh_user_53,save,6_battle_of_maldon_excerpt_original_&_trans_douglas_b_killings.txt,
436,jh_user_32,save,alemannic_das_gewitter_hebels_trans_deepl.txt,1.0
436,jh_user_89,save,alemannic_der_morgen-stern_hebels_trans_deepl.txt,1.0
437,jh_user_100,save,alemannic_die_vergänglichkeit_hebels_trans_deepl.txt,1.0
437,jh_user_65,save,allan_popa_tongues_of_angels_from_filipino_trans_jose_perez_beduya_jose_edmundo_ocampo_reyes_and_marc_gaba_poem_4.txt,1.0
437,jh_user_12,save,anuar_duisenbinov_a_metamorph_from_kazakh_trans_mariya_deykute_and_victoria_thorstensson_poem_2.txt,1.0
437,jh_user_23,save,alberto_caeiro_xx_from_portuguese_trans_margaret_jull_costa_and_patricio_ferrari_poem_4.txt,
437,jh_user_24,save,abdourahman_waberi_aiyaiyai_from_french_trans_nancy_naomi_carlson_poem_3.txt,1.0
437,jh_user_69,save,2_Ch_Lambert_Une_Salve_trans_en_gpt.txt,
437,jh_user_71,save,archilochus_and_anacreon_anacreon_from_ancient_trans_george_economou_poem_2.txt,
437,jh_user_89,save,30_bell_hooks.txt,1.0
437,jh_user_66,save,ann_jäderlund_a_midsummer_nights_dream_from_swedish_trans_johannes_göransson_poem_1.txt,
437,jh_user_62,save,agi_mishol_betrayal_from_hebrew_trans_joanna_chen_poem_3.txt,1.0
437,jh_user_63,save,afrikaans_15_instagram_poems_slippers_trans_inggs.txt,
437,jh_user_7,save,anna_gual_buds_from_catalan_trans_ona_bantjesràfols_poem_5.txt,
437,jh_user_70,save,01_russian_poet_arrested.txt,1.0
437,jh_user_47,save,0_Grangaud_M_MichelleGranguadCreatingAnagrams_trans_P_Lloyd_R_Lloyd.txt,1.0
437,jh_user_32,save,2_Vielle_Joueurs_de_Foot_trans_en_gpt.txt,
437,jh_user_22,save,albanian_eighth_letter_zeqo_trans_mihani.txt,
437,jh_user_70,save,abdallah_zrika_sun_tearing_the_pages_flesh_from_arabic_trans_tim_demay_poem_1.txt,
437,jh_user_98,save,ana_ristović_grain_of_salt_from_serbian_trans_steven_and_maja_teref_poem_2.txt,1.0
437,jh_user_49,save,ann_jäderlund_refrain_from_swedish_trans_joel_duncan_poem_6.txt,
437,jh_user_27,save,anonymous_virgo_from_old_trans_gnaomi_siemens_poem_6.txt,
437,jh_user_10,save,35_immigration_director_poem.txt,1.0
437,jh_user_80,save,04_ukraine_feature_pio.txt,1.0
437,jh_user_25,save,armenian_mercy_hamo_sahyan_trans_google.txt,1.0
438,jh_user_99,save,abdourahman_waberi_here_is_from_french_trans_nancy_naomi_carlson_poem_2.txt,
438,jh_user_1,save,anuar_duisenbinov_0215_from_kazakh_trans_mariya_deykute_and_victoria_thorstensson_poem_3.txt,1.0
438,jh_user_23,save,albanian_eighth_letter_zeqo_trans_mihani.txt,
438,jh_user_83,save,anuar_duisenbinov_balkhash_dreams_from_kazakh_trans_mariya_deykute_and_victoria_thorstensson_poem_4.txt,1.0
438,jh_user_95,save,11_ukraine_tls.txt,
438,jh_user_59,save,09_ukrainian_needs_prayers.txt,
438,jh_user_21,save,armenian_letter_from_military_yuri_sahakian_trans_google.txt,
438,jh_user_18,save,01_russian_poet_arrested.txt,1.0
438,jh_user_87,save,06_olivia_wilde.txt,1.0
438,jh_user_55,save,aimé_césaire_when_in_the_heat_of_the_day_naked_monks_descend_the_himalayas_from_french_trans_a_james_arnold_and_clayton_eshleman_poem_1.txt,1.0
438,jh_user_28,save,1_Tarkos_C_67Mots_trans_S_Doris.txt,1.0
438,jh_user_62,save,1_Tarkos_C_67Mots_trans_S_Doris.txt,1.0
438,jh_user_8,save,04_ukraine_feature_pio.txt,1.0
438,jh_user_62,save,0_Roubaud_J_LePasse_ThePast_trans_R_Sieburth_F_Gramet.txt,
439,jh_user_13,save,agi_mishol_betrayal_from_hebrew_trans_joanna_chen_poem_3.txt,1.0
439,jh_user_88,save,alemannic_der_käfer_hebels_trans_deepl.txt,
439,jh_user_53,save,23_jewish_poets.txt,
439,jh_user_22,save,21_songs.txt,
439,jh_user_28,save,abd_alqāder_bīdel_of_delhi_bubble_from_persian_trans_jane_mikkelson_poem_2.txt,1.0
439,jh_user_50,save,allan_popa_eve_from_filipino_trans_jose_perez_beduya_jose_edmundo_ocampo_reyes_and_marc_gaba_poem_6.txt,
439,jh_user_95,save,1_Alferi_P_QuandRienEntraineRien_trans_C_Wiener.txt,
439,jh_user_76,save,aco_šopov_horrordeath_from_macedonian_trans_rawley_grau_and_christina_e_kramer_poem_1.txt,
439,jh_user_18,save,1_Giraudon_L_QuandRienAAttendre_trans_S_Gavronsky.txt,1.0
439,jh_user_97,save,1_Giraudon_L_QuandRienAAttendre_trans_S_Gavronsky.txt,1.0
439,jh_user_34,save,amit_ben_ami_frame_from_hebrew_trans_lonnie_monka_poem_10.txt,1.0
439,jh_user_41,save,ana_cristina_cesar_summary_from_portuguese_trans_brenda_hillman_helen_hillman_and_sebastião_edson_macedo_poem_2.txt,1.0
439,jh_user_12,save,afrikaans_ferret_cussons_trans_van_der_vlies.txt,1.0
440,jh_user_57,save,0_Grangaud_M_MichelleGranguadCreatingAnagrams_trans_P_Lloyd_R_Lloyd.txt,1.0
440,jh_user_80,save,anuar_duisenbinov_0215_from_kazakh_trans_mariya_deykute_and_victoria_thorstensson_poem_3.txt,1.0
440,jh_user_51,save,alcman_26_from_ancient_trans_m_pfaff_poem_2.txt,1.0
440,jh_user_23,save,0_Baron_Supervielle_S_HereTime_trans_R_LLoyd.txt,1.0
440,jh_user_52,save,alev-adil_oh-o.txt,1.0
440,jh_user_99,save,0_Roubaud_J_Meditation8-5-85_trans_R_Waldrop.txt,1.0
440,jh_user_25,save,aimé_césaire_at_the_locks_of_the_void_from_french_trans_a_james_arnold_and_clayton_eshleman_poem_2.txt,
440,jh_user_61,save,albanian_autumn_afternoon_gjika_trans_gjika.txt,
440,jh_user_12,save,anonymous_mayan_figures_of_wood_from_kiché_trans_michael_bazzett_poem_1.txt,
440,jh_user_39,save,almog_behar_15_from_hebrew_trans_shoshana_olidort_poem_15.txt,
440,jh_user_63,save,allan_popa_lilith_from_filipino_trans_marc_gaba_jose_edmundo_ocampo_reyes_and_allan_popa_poem_2.txt,1.0
441,jh_user_7,save,17_ancient_mariner_pandemic_436.txt,
441,jh_user_51,save,1_Maulpoix_JM_MiseAuMonde_trans_M_Polizzotti.txt,
441,jh_user_50,save,26_poet_charged.txt,
441,jh_user_56,save,amit_ben_ami_salad_from_hebrew_trans_lonnie_monka_poem_11.txt,1.0
441,jh_user_52,save,anonymous_mayan_figures_of_wood_from_kiché_trans_michael_bazzett_poem_1.txt,
441,jh_user_36,save,0_Khoury-Ghata_V_ElleLancaitVaisselle_SheThrowCrockery_trans_M_Hacker.txt,
442,jh_user_1,save,armenian_was_it_worth_it_hamo_sahyan_trans_google.txt,
442,jh_user_59,save,amit_ben_ami_3_from_hebrew_trans_lonnie_monka_poem_4.txt,1.0
442,jh_user_16,save,8_trakl_grodek_trans_michael_hamburger.txt,1.0
442,jh_user_3,save,allan_popa_tongues_of_angels_from_filipino_trans_jose_perez_beduya_jose_edmundo_ocampo_reyes_and_marc_gaba_poem_4.txt,1.0
442,jh_user_88,save,alcman_26_from_ancient_trans_m_pfaff_poem_2.txt,1.0
442,jh_user_7,save,0_Broda_M_JeVoulaitTelAvouer_IWantedToTellYou_trans_MA_Caws.txt,
442,jh_user_99,save,anonymous_taurus_from_old_trans_gnaomi_siemens_poem_2.txt,1.0
442,jh_user_43,save,anonymous_capricorn_from_old_trans_gnaomi_siemens_poem_10.txt,
442,jh_user_79,save,afrikaans_emoji_in_the_scriptorium_slippers_trans_inggs.txt,
442,jh_user_6,save,andré_breton_and_philippe_soupault_lets_stop_moving_from_french_trans_charlotte_mandell_poem_1.txt,1.0
443,jh_user_58,save,ana_cristina_cesar_ladies_talk_from_portuguese_trans_brenda_hillman_helen_hillman_and_sebastião_edson_macedo_poem_1.txt,
443,jh_user_52,save,allan_popa_christ_in_hell_from_filipino_trans_marc_gaba_jose_edmundo_ocampo_reyes_and_allan_popa_poem_3.txt,1.0
443,jh_user_12,save,alemannic_der_morgen-stern_hebels_trans_deepl.txt,1.0
443,jh_user_69,save,allan_popa_christ_in_hell_from_filipino_trans_marc_gaba_jose_edmundo_ocampo_reyes_and_allan_popa_poem_3.txt,1.0
443,jh_user_94,save,anuar_duisenbinov_balkhash_dreams_from_kazakh_trans_mariya_deykute_and_victoria_thorstensson_poem_4.txt,1.0
443,jh_user_71,save,armenian_new_garo_hovhannes_hovhannesian_trans_alice_stone_blackwell.txt,1.0
443,jh_user_52,save,2_Verheggen_Portrait_trans_en_gpt.txt,
443,jh_user_84,save,armenian_poem_8_nahaped_kouchak_trans_google.txt,1.0
443,jh_user_73,save,amit_ben_ami_orifice_from_hebrew_trans_lonnie_monka_poem_9.txt,
443,jh_user_29,save,allan_popa_crossing_from_filipino_trans_jose_perez_beduya_jose_edmundo_ocampo_reyes_and_marc_gaba_poem_5.txt,
443,jh_user_25,save,alejandro_albarrán_cowboy_from_spanish_trans_rachel_galvin_poem_2.txt,
443,jh_user_14,save,0_black_kodak_love_&_war.txt,1.0
443,jh_user_64,save,abd_alqāder_bīdel_of_delhi_composure_and_distraction_from_persian_trans_jane_mikkelson_poem_1.txt,1.0
443,jh_user_98,save,0_Grangaud_M_MichelleGranguadCreatingAnagrams_trans_P_Lloyd_R_Lloyd.txt,1.0
443,jh_user_90,save,06_olivia_wilde.txt,1.0
443,jh_user_22,save,2_Logist_Si_Tu_trans_en_gpt.txt,
444,jh_user_93,save,almog_behar_8_from_hebrew_trans_shoshana_olidort_poem_8.txt,1.0
444,jh_user_50,save,1_Velter_A_JeChanteMaFemme_trans_R_Lloyd.txt,1.0
444,jh_user_86,save,almog_behar_7_from_hebrew_trans_shoshana_olidort_poem_7.txt,1.0
444,jh_user_49,save,0_Bancquart_MC_ContrefableOrphee_ContrefableOrpheus_trans_M_Sorrell.txt,
444,jh_user_93,save,2_Namur_Cette_Rose_II_trans_en_gpt.txt,
444,jh_user_76,save,35_immigration_director_poem.txt,1.0
444,jh_user_1,save,aimé_césaire_when_in_the_heat_of_the_day_naked_monks_descend_the_himalayas_from_french_trans_a_james_arnold_and_clayton_eshleman_poem_1.txt,1.0
444,jh_user_51,save,anuar_duisenbinov_a_metamorph_from_kazakh_trans_mariya_deykute_and_victoria_thorstensson_poem_2.txt,1.0
444,jh_user_63,save,17_maps_&_poems.txt,
444,jh_user_97,save,alara_adilow_myths_and_traffic_lights_from_dutch_trans_shimanto_robin_reza_poem_2.txt,
444,jh_user_38,save,0_Pleynet_M_LumiereJour_Daylight_trans_MA_Caws.txt,1.0
444,jh_user_44,save,0_black_kodak_love_&_war.txt,1.0
444,jh_user_9,save,2_Verheggen_Portrait_trans_en_gpt.txt,
444,jh_user_84,save,anonymous_scorpio_from_old_trans_gnaomi_siemens_poem_8.txt,
444,jh_user_65,save,2_Bergen_Heure_du_Banditisme_trans_en_gpt.txt,1.0
444,jh_user_5,save,allan_popa_christ_in_hell_from_filipino_trans_marc_gaba_jose_edmundo_ocampo_reyes_and_allan_popa_poem_3.txt,1.0
445,jh_user_94,save,allan_popa_tongues_of_angels_from_filipino_trans_jose_perez_beduya_jose_edmundo_ocampo_reyes_and_marc_gaba_poem_4.txt,1.0
445,jh_user_17,save,1_Tarkos_C_67Mots_trans_S_Doris.txt,1.0
445,jh_user_8,save,35_immigration_director_poem.txt,1.0
445,jh_user_43,save,ali_wajeeh_the_daily_question_from_arabic_trans_muntather_alsawad_and_jeffrey_clapp_poem_3.txt,1.0
445,jh_user_2,save,2_Baetens_Le_P_Respectueux_trans_en_gpt.txt,1.0
445,jh_user_34,save,alev-adil_the-future-price-of-love.txt,1.0
445,jh_user_14,save,anna_gréki_menaâ_from_french_trans_marine_cornuet_poem_2.txt,
445,jh_user_59,save,alemannic_das_gewitter_hebels_trans_deepl.txt,1.0
445,jh_user_79,save,armenian_mercy_hamo_sahyan_trans_google.txt,1.0
445,jh_user_11,save,0_Etienne_M_Cauchemars_Nightmares_trans_M_Hacker.txt,
445,jh_user_2,save,2_Logist_J'arrive_a_la_Mer_trans_en_gpt.txt,
445,jh_user_42,save,12_joy_harjo_the_real_revolution_is_love_[in_mad_love_and_war].txt,1.0
445,jh_user_3,save,almog_behar_12_from_hebrew_trans_shoshana_olidort_poem_12.txt,
445,jh_user_45,save,agi_mishol_betrayal_from_hebrew_trans_joanna_chen_poem_3.txt,1.0
445,jh_user_53,save,alemannic_die_vergänglichkeit_hebels_trans_deepl.txt,1.0
445,jh_user_55,save,1_Maulpoix_JM_MiseAuMonde_trans_M_Polizzotti.txt,
445,jh_user_14,save,0_Tengour_H_AuPaysDesMorts_InTheCountryOfTheDead_trans_M_Hacker.txt,
445,jh_user_32,save,Antonioni_Interview.txt,
445,jh_user_61,save,alberto_caeiro_xx_from_portuguese_trans_margaret_jull_costa_and_patricio_ferrari_poem_4.txt,
445,jh_user_39,save,8_trakl_grodek_trans_michael_hamburger.txt,1.0
445,jh_user_15,save,0_Rissett_J_M-S-1544_trans_J_Moxley.txt,1.0
445,jh_user_87,save,anuar_duisenbinov_balkhash_dreams_from_kazakh_trans_mariya_deykute_and_victoria_thorstensson_poem_4.txt,1.0
446,jh_user_27,save,almog_behar_5_from_hebrew_trans_shoshana_olidort_poem_5.txt,1.0
446,jh_user_9,save,2_Lombe_Asma_trans_en_gpt.txt,1.0
446,jh_user_50,save,2_Baetens_Le_Coiffeur_trans_en_gpt.txt,1.0
446,jh_user_8,save,32_poem_hunter.txt,1.0
446,jh_user_15,save,amit_ben_ami_3_from_hebrew_trans_lonnie_monka_poem_4.txt,1.0
446,jh_user_46,save,0_Hocquard_E_Noel_AtChristmas_trans_R_Waldrop.txt,1.0
446,jh_user_94,save,01_russian_poet_arrested.txt,1.0
446,jh_user_12,save,antònia_vicens_i_picornell_his_feet_always_hurt_from_catalan_trans_laia_sales_merino_poem_1.txt,1.0
446,jh_user_15,save,anonymous_pisces_from_old_trans_gnaomi_siemens_poem_12.txt,1.0
446,jh_user_78,save,2_Kayaga_Armee_des_Poetes_trans_en_gpt.txt,
446,jh_user_98,save,anuar_duisenbinov_a_metamorph_from_kazakh_trans_mariya_deykute_and_victoria_thorstensson_poem_2.txt,1.0
446,jh_user_32,save,allan_popa_crossing_from_filipino_trans_jose_perez_beduya_jose_edmundo_ocampo_reyes_and_marc_gaba_poem_5.txt,
446,jh_user_97,save,anonymous_pisces_from_old_trans_gnaomi_siemens_poem_12.txt,1.0
446,jh_user_3,save,0_Baron_Supervielle_S_HereTime_trans_R_LLoyd.txt,1.0
446,jh_user_101,save,0_Rissett_J_M-S-1544_trans_J_Moxley.txt,1.0
446,jh_user_41,save,afrikaans_emoji_in_the_scriptorium_slippers_trans_inggs.txt,
446,jh_user_42,save,ann_jäderlund_off_ring_from_swedish_trans_joel_duncan_poem_2.txt,
446,jh_user_73,save,18_massacre.txt,1.0
447,jh_user_52,save,alev-adil_the-future-price-of-love.txt,1.0
447,jh_user_92,save,adela_greceanu_mariana_from_romanian_trans_monica_cure_poem_1.txt,1.0
447,jh_user_73,save,35_immigration_director_poem.txt,1.0
447,jh_user_71,save,abd_alqāder_bīdel_of_delhi_composure_and_distraction_from_persian_trans_jane_mikkelson_poem_1.txt,1.0
447,jh_user_82,save,anna_gual_curse_from_catalan_trans_ona_bantjesràfols_poem_4.txt,
447,jh_user_14,save,artur-becker_on-copernicus-street.txt,
447,jh_user_22,save,armenian_was_it_worth_it_hamo_sahyan_trans_google.txt,
447,jh_user_73,save,0_Bancquart_MC_RetourUlysse_ReturnUlysses_trans_M_Sorrell.txt,1.0
447,jh_user_6,save,0_Bancquart_MC_RetourUlysse_ReturnUlysses_trans_M_Sorrell.txt,1.0
447,jh_user_92,save,ana_ristović_black_radish_from_serbian_trans_steven_and_maja_teref_poem_3.txt,
447,jh_user_89,save,amit_ben_ami_salad_from_hebrew_trans_lonnie_monka_poem_11.txt,1.0
447,jh_user_42,save,anonymous_sagittarius_from_old_trans_gnaomi_siemens_poem_9.txt,1.0
447,jh_user_52,save,amit_ben_ami_3_from_hebrew_trans_lonnie_monka_poem_4.txt,1.0
447,jh_user_64,save,anja-golob_veins-wires.txt,1.0
447,jh_user_4,save,alemannic_der_käfer_hebels_trans_deepl.txt,
447,jh_user_54,save,17_maps_&_poems.txt,
447,jh_user_57,save,amit_ben_ami_5_from_hebrew_trans_lonnie_monka_poem_6.txt,1.0
448,jh_user_13,save,1_Giraudon_L_QuandRienAAttendre_trans_S_Gavronsky.txt,1.0
448,jh_user_79,save,1_Cadiot_O_PourquoiJeDeviensUnSaint_trans_C_Swensen.txt,1.0
448,jh_user_62,save,agnar_artúvertin_poem_about_the_body_from_faroese_trans_matthew_landrum_poem_3.txt,
448,jh_user_33,save,almog_behar_8_from_hebrew_trans_shoshana_olidort_poem_8.txt,1.0
448,jh_user_73,save,aco_šopov_if_there_isnt_enough_light_for_you_from_macedonian_trans_rawley_grau_and_christina_e_kramer_poem_3.txt,1.0
448,jh_user_98,save,1_Goffette_G_RelèvementIcareEnvoi_trans_M_Hacker.txt,1.0
448,jh_user_45,save,anonymous_mayan_figures_of_wood_from_kiché_trans_michael_bazzett_poem_1.txt,
448,jh_user_37,save,anonymous_sagittarius_from_old_trans_gnaomi_siemens_poem_9.txt,1.0
448,jh_user_88,save,albanian_footprints_that_talk_gjika_trans_gjika.txt,1.0
448,jh_user_57,save,alejandro_albarrán_cowboy_from_spanish_trans_rachel_galvin_poem_2.txt,
448,jh_user_42,save,abdourahman_waberi_aiyaiyai_from_french_trans_nancy_naomi_carlson_poem_3.txt,1.0
448,jh_user_66,save,alemannic_die_vergänglichkeit_hebels_trans_deepl.txt,1.0
448,jh_user_77,save,alemannic_schlof_sanft_und_wohl_hebels_trans_deepl.txt,1.0
448,jh_user_15,save,0_black_kodak_love_&_war.txt,1.0
448,jh_user_74,save,almog_behar_7_from_hebrew_trans_shoshana_olidort_poem_7.txt,1.0
448,jh_user_94,save,26_poet_charged.txt,
448,jh_user_26,save,1_Quintane_N_MonPouchkine_trans_MA_Caws.txt,1.0
448,jh_user_84,save,21_songs.txt,
449,jh_user_10,save,armenian_new_garo_hovhannes_hovhannesian_trans_alice_stone_blackwell.txt,1.0
449,jh_user_101,save,afrikaans_anene_booysen_coetzer_trans_coetzer.txt,
449,jh_user_65,save,17_browning_love_among_ruins.txt,
449,jh_user_56,save,35_immigration_director_poem.txt,1.0
449,jh_user_39,save,alejandro_albarrán_confusion_from_spanish_trans_rachel_galvin_poem_1.txt,1.0
449,jh_user_41,save,anonymous_leo_from_old_trans_gnaomi_siemens_poem_5.txt,1.0
449,jh_user_24,save,amit_ben_ami_3_from_hebrew_trans_lonnie_monka_poem_4.txt,1.0
449,jh_user_4,save,2_Aventin_Parricide_II_trans_en_gpt.txt,1.0
449,jh_user_44,save,adela_greceanu_mariana_from_romanian_trans_monica_cure_poem_1.txt,1.0
449,jh_user_35,save,amit_ben_ami_3_from_hebrew_trans_lonnie_monka_poem_4.txt,1.0
449,jh_user_65,save,alexandra-salmela_anttis-thoughts.txt,
449,jh_user_99,save,0_Roux_T_EncoreLeFroid_TheColdAgain_trans_S_Romer.txt,
449,jh_user_16,save,aleš_debeljak_the_balkan_bridge_from_slovenian_trans_brian_henry_poem_2.txt,1.0
449,jh_user_50,save,12_calamity_again.txt,1.0
449,jh_user_73,save,1_Alferi_P_Bibliotheque_Library_trans_C_Swensen.txt,1.0
449,jh_user_18,save,allan_popa_lilith_from_filipino_trans_marc_gaba_jose_edmundo_ocampo_reyes_and_allan_popa_poem_2.txt,1.0
449,jh_user_33,save,2_Mathy_Mains_Ouvertes_I_trans_en_gpt.txt,
449,jh_user_88,save,8_trakl_grodek_trans_michael_hamburger.txt,1.0
449,jh_user_41,save,antònia_vicens_i_picornell_the_boat_from_catalan_trans_laia_sales_merino_poem_4.txt,
449,jh_user_99,save,1_Alferi_P_Bibliotheque_Library_trans_C_Swensen.txt,1.0
449,jh_user_49,save,agi_mishol_betrayal_from_hebrew_trans_joanna_chen_poem_3.txt,1.0
449,jh_user_8,save,ann_jäderlund_tragedy_from_swedish_trans_joel_duncan_poem_4.txt,1.0
449,jh_user_95,save,0_Pleynet_M_LumiereJour_Daylight_trans_MA_Caws.txt,1.0
449,jh_user_64,save,aco_šopov_if_there_isnt_enough_light_for_you_from_macedonian_trans_rawley_grau_and_christina_e_kramer_poem_3.txt,1.0
450,jh_user_7,save,afrikaans_mary_eybers_trans_eybers.txt,
450,jh_user_78,save,2_Aventin_Parricide_II_trans_en_gpt.txt,1.0
450,jh_user_27,save,antiwar_demonstration_margento.txt,
450,jh_user_67,save,0_Venaille_F_ElogeDeRobertDesnos_InPraiseOfRobertDesnos_trans_MA_Caws.txt,1.0
450,jh_user_48,save,aandaal_song_ten_from_tamil_trans_priya_sarukkai_chabria_and_ravi_shankar_poem_3.txt,
450,jh_user_4,save,18_massacre.txt,1.0
450,jh_user_8,save,abd_alqāder_bīdel_of_delhi_composure_and_distraction_from_persian_trans_jane_mikkelson_poem_1.txt,1.0
450,jh_user_22,save,agi_mishol_the_sermon_at_latrun_from_hebrew_trans_joanna_chen_poem_1.txt,1.0
450,jh_user_49,save,anuar_duisenbinov_a_metamorph_from_kazakh_trans_mariya_deykute_and_victoria_thorstensson_poem_2.txt,1.0
450,jh_user_63,save,aimé_césaire_when_in_the_heat_of_the_day_naked_monks_descend_the_himalayas_from_french_trans_a_james_arnold_and_clayton_eshleman_poem_1.txt,1.0
450,jh_user_82,save,30_bell_hooks.txt,1.0
451,jh_user_7,save,2_Aventin_Parricide_I_trans_en_gpt.txt,1.0
451,jh_user_35,save,abdourahman_waberi_aiyaiyai_from_french_trans_nancy_naomi_carlson_poem_3.txt,1.0
451,jh_user_55,save,albanian_footprints_that_talk_gjika_trans_gjika.txt,1.0
451,jh_user_88,save,allan_popa_lilith_from_filipino_trans_marc_gaba_jose_edmundo_ocampo_reyes_and_allan_popa_poem_2.txt,1.0
451,jh_user_86,save,anonymous_virgo_from_old_trans_gnaomi_siemens_poem_6.txt,
451,jh_user_66,save,0_Hocquard_E_Noel_AtChristmas_trans_R_Waldrop.txt,1.0
451,jh_user_22,save,0_Bancquart_MC_JeMarcheSolitudeLivres_IWalkSolitudeBooks_trans_MA_Caws.txt,
451,jh_user_21,save,alemannic_der_morgen-stern_hebels_trans_deepl.txt,1.0
451,jh_user_91,save,12_calamity_again.txt,1.0
451,jh_user_78,save,ana_elisa_ribeiro_on_absence_from_portuguese_trans_anita_di_marco_poem_3.txt,1.0
451,jh_user_13,save,ana_ristović_grain_of_salt_from_serbian_trans_steven_and_maja_teref_poem_2.txt,1.0
451,jh_user_58,save,1_Bekri_T_RetourEnTunisie__trans_MA_Caws.txt,1.0
451,jh_user_82,save,10_transreading_russia.txt,
451,jh_user_31,save,armenian_poem_8_nahaped_kouchak_trans_google.txt,1.0
451,jh_user_99,save,alemannic_die_vergänglichkeit_hebels_trans_deepl.txt,1.0
451,jh_user_77,save,almog_behar_11_from_hebrew_trans_shoshana_olidort_poem_11.txt,
451,jh_user_25,save,aco_šopov_if_there_isnt_enough_light_for_you_from_macedonian_trans_rawley_grau_and_christina_e_kramer_poem_3.txt,1.0
451,jh_user_76,save,0_Baron_Supervielle_S_HereTime_trans_R_LLoyd.txt,1.0
451,jh_user_48,save,2_Savitzkaya_Cyprine_I_trans_en_gpt.txt,
451,jh_user_98,save,ann_jäderlund_conversation_from_swedish_trans_joel_duncan_poem_7.txt,1.0
452,jh_user_14,save,0_Roubaud_J_Meditation8-5-85_trans_R_Waldrop.txt,1.0
452,jh_user_45,save,alberto_caeiro_xlix_from_portuguese_trans_margaret_jull_costa_and_patricio_ferrari_poem_5.txt,
452,jh_user_6,save,almog_behar_9_from_hebrew_trans_shoshana_olidort_poem_9.txt,1.0
452,jh_user_85,save,ana_ristović_black_radish_from_serbian_trans_steven_and_maja_teref_poem_3.txt,
452,jh_user_33,save,alemannic_die_wiese_hebels_trans_deepl.txt,1.0
452,jh_user_20,save,abd_alqāder_bīdel_of_delhi_bubble_from_persian_trans_jane_mikkelson_poem_2.txt,1.0
452,jh_user_1,save,afrikaans_mary_eybers_trans_eybers.txt,
452,jh_user_55,save,ann_jäderlund_refrain_from_swedish_trans_joel_duncan_poem_3.txt,
452,jh_user_77,save,alev-adil_oh-o.txt,1.0
452,jh_user_94,save,albanian_house_among_the_pines_gjika_trans_gjika.txt,
452,jh_user_30,save,0_Collobert_D_JeTempsDeQuoi_ITimeOfWhat_trans_M_Tweed.txt,1.0
452,jh_user_9,save,anuar_duisenbinov_0215_from_kazakh_trans_mariya_deykute_and_victoria_thorstensson_poem_3.txt,1.0
452,jh_user_64,save,almog_behar_5_from_hebrew_trans_shoshana_olidort_poem_5.txt,1.0
452,jh_user_30,save,30_bell_hooks.txt,1.0
452,jh_user_18,save,4_ovid_elegy_ix_trans_marlowe.txt,1.0
452,jh_user_54,save,0_Khoury-Ghata_V_ElleLancaitVaisselle_SheThrowCrockery_trans_M_Hacker.txt,
452,jh_user_91,save,1_Tarkos_C_67Mots_trans_S_Doris.txt,1.0
452,jh_user_94,save,0_Tengour_H_CereteAuGrandJour_SecretInBroadDaylight_trans_MA_Caws.txt,1.0
452,jh_user_75,save,aleš_debeljak_the_balkan_bridge_from_slovenian_trans_brian_henry_poem_2.txt,1.0
452,jh_user_32,save,2_Namur_Cette_Rose_I_trans_en_gpt.txt,
452,jh_user_80,save,0_LeBrun_A_Rites_Rituals_trans_MA_Caws.txt,1.0
452,jh_user_18,save,alejandro_albarrán_confusion_from_spanish_trans_rachel_galvin_poem_1.txt,1.0
452,jh_user_91,save,anonymous_leo_from_old_trans_gnaomi_siemens_poem_5.txt,1.0
453,jh_user_97,save,anuar_duisenbinov_0215_from_kazakh_trans_mariya_deykute_and_victoria_thorstensson_poem_3.txt,1.0
453,jh_user_41,save,2_Baetens_Le_Coiffeur_trans_en_gpt.txt,1.0
453,jh_user_31,save,2_Hoex_Ici_I_trans_en_gpt.txt,
453,jh_user_18,save,almog_behar_2_from_hebrew_trans_shoshana_olidort_poem_2.txt,
453,jh_user_83,save,armenian_new_garo_hovhannes_hovhannesian_trans_alice_stone_blackwell.txt,1.0
453,jh_user_5,save,alberto_caeiro_xx_from_portuguese_trans_margaret_jull_costa_and_patricio_ferrari_poem_4.txt,
453,jh_user_45,save,1_Bekri_T_RetourEnTunisie__trans_MA_Caws.txt,1.0
453,jh_user_1,save,1_Quintane_N_MonPouchkine_trans_MA_Caws.txt,1.0
453,jh_user_92,save,antònia_vicens_i_picornell_his_feet_always_hurt_from_catalan_trans_laia_sales_merino_poem_1.txt,1.0
453,jh_user_88,save,alemannic_die_vergänglichkeit_hebels_trans_deepl.txt,1.0
453,jh_user_89,save,0_Pleynet_M_LumiereJour_Daylight_trans_MA_Caws.txt,1.0
453,jh_user_68,save,07_kobzar.txt,1.0
453,jh_user_12,save,8_trakl_grodek_trans_michael_hamburger.txt,1.0
453,jh_user_61,save,anonymous_pisces_from_old_trans_gnaomi_siemens_poem_12.txt,1.0
454,jh_user_78,save,alcman_26_from_ancient_trans_m_pfaff_poem_2.txt,1.0
454,jh_user_98,save,abdourahman_waberi_the_elixir_of_exile_from_french_trans_nancy_naomi_carlson_poem_1.txt,1.0
454,jh_user_19,save,0_Tengour_H_CereteAuGrandJour_SecretInBroadDaylight_trans_MA_Caws.txt,1.0
454,jh_user_72,save,17_browning_love_among_ruins.txt,
454,jh_user_71,save,2_Norac_Promener_Un_Feu_trans_en_gpt.txt,
454,jh_user_6,save,2_Verheggen_Portrait_trans_en_gpt.txt,
454,jh_user_46,save,13_war_advertisement.txt,1.0
454,jh_user_87,save,0_black_kodak_love_&_war.txt,1.0
454,jh_user_71,save,aandaal_dark_flowers_from_tamil_trans_priya_sarukkai_chabria_and_ravi_shankar_poem_4.txt,
454,jh_user_60,save,0_Roux_T_EncoreLeFroid_TheColdAgain_trans_S_Romer.txt,
454,jh_user_96,save,0_Roux_P_Labeurdujour_DayLabor_trans_S_Romer.txt,1.0
454,jh_user_29,save,abdourahman_waberi_the_elixir_of_exile_from_french_trans_nancy_naomi_carlson_poem_1.txt,1.0
454,jh_user_12,save,1_Jamme_FA_VieDuScarabee_trans_M_Tweed.txt,
454,jh_user_20,save,23_jewish_poets.txt,
454,jh_user_85,save,35_immigration_director_poem.txt,1.0
454,jh_user_54,save,alev-adil_the-future-price-of-love.txt,1.0
454,jh_user_22,save,0_Kaddour_H_Variations_trans_M_Hacker.txt,1.0
454,jh_user_88,save,0_Kaddour_H_Variations_trans_M_Hacker.txt,1.0
454,jh_user_24,save,amit_ben_ami_5_from_hebrew_trans_lonnie_monka_poem_6.txt,1.0
454,jh_user_80,save,amit_ben_ami_salad_from_hebrew_trans_lonnie_monka_poem_11.txt,1.0
455,jh_user_18,save,alejandro_crotto_joy_from_spanish_trans_robin_myers_poem_3.txt,
455,jh_user_23,save,adela_greceanu_mariana_from_romanian_trans_monica_cure_poem_1.txt,1.0
455,jh_user_98,save,aleš_debeljak_anchor_from_slovenian_trans_brian_henry_poem_1.txt,
455,jh_user_91,save,afrikaans_ferret_cussons_trans_van_der_vlies.txt,1.0
455,jh_user_44,save,agnar_artúvertin_an_sms_from_faroese_trans_matthew_landrum_poem_2.txt,
455,jh_user_45,save,0_Broda_M_JeVoulaitTelAvouer_IWantedToTellYou_trans_MA_Caws.txt,
455,jh_user_45,save,30_bell_hooks.txt,1.0
455,jh_user_55,save,16_amit_majmudar_ode_to_a_drone.txt,1.0
455,jh_user_74,save,anuar_duisenbinov_mängilik_jel_the_eternal_wind_from_kazakh_trans_mariya_deykute_and_victoria_thorstensson_poem_1.txt,
455,jh_user_90,save,0_Bancquart_MC_JeMarcheSolitudeLivres_IWalkSolitudeBooks_trans_MA_Caws.txt,
455,jh_user_82,save,ali_wajeeh_the_daily_question_from_arabic_trans_muntather_alsawad_and_jeffrey_clapp_poem_3.txt,1.0
455,jh_user_41,save,0_Baron_Supervielle_S_HereTime_trans_R_LLoyd.txt,1.0
455,jh_user_63,save,ali_wajeeh_the_magician_from_arabic_trans_muntather_alsawad_and_jeffrey_clapp_poem_2.txt,
455,jh_user_32,save,2_Hoex_Ici_I_trans_en_gpt.txt,
455,jh_user_1,save,allan_popa_christ_in_hell_from_filipino_trans_marc_gaba_jose_edmundo_ocampo_reyes_and_allan_popa_poem_3.txt,1.0
455,jh_user_14,save,0_Grangaud_M_IsidoreDucasse_trans_P_Lloyd_R_Lloyd.txt,
455,jh_user_36,save,32_poem_hunter.txt,1.0
455,jh_user_89,save,0_Roubaud_J_DansCetArbre_InThisTree_trans_R_Waldrop.txt,1.0
455,jh_user_100,save,4_ovid_elegy_ix_trans_marlowe.txt,1.0
455,jh_user_40,save,allan_popa_from_the_depths_from_filipino_trans_marc_gaba_jose_edmundo_ocampo_reyes_and_allan_popa_poem_1.txt,
456,jh_user_36,save,alcman_3b_from_ancient_trans_m_pfaff_poem_1.txt,
456,jh_user_64,save,2_Logist_J'arrive_a_la_Mer_trans_en_gpt.txt,
456,jh_user_21,save,agnar_artúvertin_the_protestant_from_faroese_trans_matthew_landrum_poem_1.txt,
456,jh_user_61,save,alemannic_die_vergänglichkeit_hebels_trans_deepl.txt,1.0
456,jh_user_44,save,agi_mishol_the_sermon_at_latrun_from_hebrew_trans_joanna_chen_poem_1.txt,1.0
456,jh_user_9,save,2_Baetens_Le_P_Respectueux_trans_en_gpt.txt,1.0
456,jh_user_63,save,1_Goffette_G_RelèvementIcareEnvoi_trans_M_Hacker.txt,1.0
456,jh_user_13,save,amit_ben_ami_salad_from_hebrew_trans_lonnie_monka_poem_11.txt,1.0
456,jh_user_21,save,2_Logist_J'arrive_a_la_Mer_trans_en_gpt.txt,
456,jh_user_18,save,16_amit_majmudar_ode_to_a_drone.txt,1.0
456,jh_user_5,save,alemannic_das_gewitter_hebels_trans_deepl.txt,1.0
456,jh_user_7,save,antònia_vicens_i_picornell_his_feet_always_hurt_from_catalan_trans_laia_sales_merino_poem_1.txt,1.0
456,jh_user_52,save,alcman_26_from_ancient_trans_m_pfaff_poem_2.txt,1.0
456,jh_user_83,save,anuar_duisenbinov_0215_from_kazakh_trans_mariya_deykute_and_victoria_thorstensson_poem_3.txt,1.0
456,jh_user_40,save,aleš_debeljak_statue_of_antifascist_activist_from_slovenian_trans_brian_henry_poem_3.txt,1.0
456,jh_user_49,save,0_Esteban_C_LeSoirVenu_OnceEveningsFallen_trans_R_Lloyd.txt,
456,jh_user_20,save,alara_adilow_a_son_from_dutch_trans_shimanto_robin_reza_poem_1.txt,
456,jh_user_49,save,0_Kaddour_H_Variations_trans_M_Hacker.txt,1.0
456,jh_user_93,save,2_Aventin_Parricide_II_trans_en_gpt.txt,1.0
456,jh_user_25,save,anonymous_scorpio_from_old_trans_gnaomi_siemens_poem_8.txt,
456,jh_user_84,save,0_LeBrun_A_Rites_Rituals_trans_MA_Caws.txt,1.0
456,jh_user_56,save,0_Roubaud_J_UneGlaceDe_IceIn_trans_J_Roubaud.txt,
457,jh_user_14,save,1_Velter_A_JeChanteMaFemme_trans_R_Lloyd.txt,1.0
457,jh_user_66,save,1_Giraudon_L_QuandRienAAttendre_trans_S_Gavronsky.txt,1.0
457,jh_user_17,save,armenian_poem_8_nahaped_kouchak_trans_google.txt,1.0
457,jh_user_96,save,alemannic_der_morgen-stern_hebels_trans_deepl.txt,1.0
457,jh_user_85,save,anja-golob_cows-and-time.txt,
457,jh_user_8,save,alara_adilow_a_son_from_dutch_trans_shimanto_robin_reza_poem_1.txt,
457,jh_user_26,save,andrey_platonov_here_you_cannot_live_kindly_from_russian_trans_george_kovalenko_poem_3.txt,
457,jh_user_7,save,aleš_debeljak_the_balkan_bridge_from_slovenian_trans_brian_henry_poem_2.txt,1.0
457,jh_user_71,save,2_Versailles_Brux_elle_trans_en_gpt.txt,
457,jh_user_94,save,2_Vielle_Vive_la_Baute_trans_en_gpt.txt,
458,jh_user_76,save,allan_popa_tongues_of_angels_from_filipino_trans_jose_perez_beduya_jose_edmundo_ocampo_reyes_and_marc_gaba_poem_4.txt,1.0
458,jh_user_45,save,1_Cadiot_O_PourquoiJeDeviensUnSaint_trans_C_Swensen.txt,1.0
458,jh_user_42,save,ann_jäderlund_conversation_from_swedish_trans_joel_duncan_poem_7.txt,1.0
458,jh_user_16,save,ana_cristina_cesar_summary_from_portuguese_trans_brenda_hillman_helen_hillman_and_sebastião_edson_macedo_poem_2.txt,1.0
458,jh_user_76,save,12_calamity_again.txt,1.0
458,jh_user_92,save,32_poem_hunter.txt,1.0
458,jh_user_91,save,1_Cadiot_O_PourquoiJeDeviensUnSaint_trans_C_Swensen.txt,1.0
458,jh_user_43,save,antònia_vicens_i_picornell_his_feet_always_hurt_from_catalan_trans_laia_sales_merino_poem_1.txt,1.0
458,jh_user_96,save,alejandro_albarrán_confusion_from_spanish_trans_rachel_galvin_poem_1.txt,1.0
458,jh_user_74,save,albanian_boys_of_my_street_gjika_trans_gjika.txt,
458,jh_user_85,save,ana_ristović_grain_of_salt_from_serbian_trans_steven_and_maja_teref_poem_2.txt,1.0
458,jh_user_101,save,aleš_debeljak_statue_of_antifascist_activist_from_slovenian_trans_brian_henry_poem_3.txt,1.0
458,jh_user_94,save,afrikaans_bee_from_gingerbeer_cussons_trans_van_der_vlies.txt,
458,jh_user_12,save,1_Velter_A_JeChanteMaFemme_trans_R_Lloyd.txt,1.0
458,jh_user_41,save,ali_wajeeh_the_daily_question_from_arabic_trans_muntather_alsawad_and_jeffrey_clapp_poem_3.txt,1.0
458,jh_user_9,save,armenian_new_garo_hovhannes_hovhannesian_trans_alice_stone_blackwell.txt,1.0
459,jh_user_13,save,armenian_poem_8_nahaped_kouchak_trans_google.txt,1.0
459,jh_user_91,save,alemannic_die_wiese_hebels_trans_deepl.txt,1.0
459,jh_user_64,save,1_Alferi_P_Bibliotheque_Library_trans_C_Swensen.txt,1.0
459,jh_user_4,save,agnar_artúvertin_poem_about_the_body_from_faroese_trans_matthew_landrum_poem_3.txt,
459,jh_user_65,save,06_olivia_wilde.txt,1.0
459,jh_user_35,save,0_Grangaud_M_MichelleGranguadCreatingAnagrams_trans_P_Lloyd_R_Lloyd.txt,1.0
459,jh_user_38,save,anuar_duisenbinov_balkhash_dreams_from_kazakh_trans_mariya_deykute_and_victoria_thorstensson_poem_4.txt,1.0
459,jh_user_52,save,10_donne_love's_war.txt,
459,jh_user_16,save,2_Savitzkaya_Cyprine_I_trans_en_gpt.txt,
459,jh_user_72,save,anonymous_pisces_from_old_trans_gnaomi_siemens_poem_12.txt,1.0
459,jh_user_53,save,alberto_caeiro_xlix_from_portuguese_trans_margaret_jull_costa_and_patricio_ferrari_poem_5.txt,
459,jh_user_91,save,ann_jäderlund_off_ring_from_swedish_trans_joel_duncan_poem_2.txt,
459,jh_user_52,save,09_ukrainian_needs_prayers.txt,
459,jh_user_38,save,abd_alqāder_bīdel_of_delhi_composure_and_distraction_from_persian_trans_jane_mikkelson_poem_1.txt,1.0
459,jh_user_17,save,1_Quintane_N_MonPouchkine_trans_MA_Caws.txt,1.0
459,jh_user_76,save,2_Baetens_Le_P_Respectueux_trans_en_gpt.txt,1.0
459,jh_user_64,save,ana_cristina_cesar_summary_from_portuguese_trans_brenda_hillman_helen_hillman_and_sebastião_edson_macedo_poem_2.txt,1.0
459,jh_user_101,save,2_Aventin_Parricide_I_trans_en_gpt.txt,1.0
459,jh_user_28,save,1_Maulpoix_JM_MiseAuMonde_trans_M_Polizzotti.txt,
459,jh_user_9,save,amit_ben_ami_frame_from_hebrew_trans_lonnie_monka_poem_10.txt,1.0
459,jh_user_10,save,1_Tarkos_C_67Mots_trans_S_Doris.txt,1.0
459,jh_user_13,save,almog_behar_8_from_hebrew_trans_shoshana_olidort_poem_8.txt,1.0
460,jh_user_47,save,0_Grangaud_M_IsidoreDucasse_trans_P_Lloyd_R_Lloyd.txt,
460,jh_user_74,save,afrikaans_circulation_of_blood_coetzer_trans_coetzer.txt,
460,jh_user_34,save,alain_lance_untitled_4_from_french_trans_erika_luckert_poem_4.txt,1.0
460,jh_user_26,save,12_joy_harjo_the_real_revolution_is_love_[in_mad_love_and_war].txt,1.0
460,jh_user_21,save,8_trakl_grodek_trans_michael_hamburger.txt,1.0
460,jh_user_95,save,0_black_kodak_love_&_war.txt,1.0
460,jh_user_33,save,ann_jäderlund_tragedy_from_swedish_trans_joel_duncan_poem_4.txt,1.0
460,jh_user_43,save,0_Bancquart_MC_RetourUlysse_ReturnUlysses_trans_M_Sorrell.txt,1.0
460,jh_user_55,save,1_Quintane_N_MonPouchkine_trans_MA_Caws.txt,1.0
460,jh_user_22,save,afrikaans_ferret_cussons_trans_van_der_vlies.txt,1.0
460,jh_user_70,save,aco_šopov_if_there_isnt_enough_light_for_you_from_macedonian_trans_rawley_grau_and_christina_e_kramer_poem_3.txt,1.0
460,jh_user_65,save,ann_jäderlund_conversation_from_swedish_trans_joel_duncan_poem_7.txt,1.0
460,jh_user_96,save,anna_gual_buds_from_catalan_trans_ona_bantjesràfols_poem_5.txt,
460,jh_user_23,save,aco_šopov_if_there_isnt_enough_light_for_you_from_macedonian_trans_rawley_grau_and_christina_e_kramer_poem_3.txt,1.0
460,jh_user_14,save,0_Grangaud_M_MichelleGranguadCreatingAnagrams_trans_P_Lloyd_R_Lloyd.txt,1.0
460,jh_user_54,save,almog_behar_2_from_hebrew_trans_shoshana_olidort_poem_2.txt,
460,jh_user_43,save,alcman_26_from_ancient_trans_m_pfaff_poem_2.txt,1.0
460,jh_user_23,save,0_Pleynet_M_LumiereJour_Daylight_trans_MA_Caws.txt,1.0
460,jh_user_9,save,0_Khoury-Ghata_V_AutomnePrecedaEte_AutumnPrecededSummer_trans_M_Hacker.txt,
460,jh_user_97,save,0_Baron_Supervielle_S_HereTime_trans_R_LLoyd.txt,1.0
460,jh_user_42,save,0_Collobert_D_DontLeSoleil_ForWhichTheSun_trans_M_Tweed.txt,
461,jh_user_29,save,aleš_debeljak_statue_of_antifascist_activist_from_slovenian_trans_brian_henry_poem_3.txt,1.0
461,jh_user_14,save,alemannic_schlof_sanft_und_wohl_hebels_trans_deepl.txt,1.0
461,jh_user_35,save,0_Etienne_M_Cauchemars_Nightmares_trans_M_Hacker.txt,
461,jh_user_56,save,allan_popa_lilith_from_filipino_trans_marc_gaba_jose_edmundo_ocampo_reyes_and_allan_popa_poem_2.txt,1.0
461,jh_user_12,save,32_poem_hunter.txt,1.0
461,jh_user_44,save,adela_greceanu_youre_so_adorable_from_romanian_trans_monica_cure_poem_4.txt,
461,jh_user_37,save,alemannic_schlof_sanft_und_wohl_hebels_trans_deepl.txt,1.0
461,jh_user_5,save,0_Baron_Supervielle_S_HereTime_trans_R_LLoyd.txt,1.0
461,jh_user_78,save,ann_jäderlund_conversation_from_swedish_trans_joel_duncan_poem_7.txt,1.0
461,jh_user_90,save,almog_behar_14_from_hebrew_trans_shoshana_olidort_poem_14.txt,
461,jh_user_94,save,1_Velter_A_JeChanteMaFemme_trans_R_Lloyd.txt,1.0
461,jh_user_9,save,20_ukrainian_lit_in_en.txt,
461,jh_user_71,save,almog_behar_5_from_hebrew_trans_shoshana_olidort_poem_5.txt,1.0
461,jh_user_53,save,abd_alqāder_bīdel_of_delhi_composure_and_distraction_from_persian_trans_jane_mikkelson_poem_1.txt,1.0
461,jh_user_85,save,anuar_duisenbinov_a_metamorph_from_kazakh_trans_mariya_deykute_and_victoria_thorstensson_poem_2.txt,1.0
462,jh_user_17,save,1_Velter_A_Autre_trans_MA_Caws.txt,
462,jh_user_85,save,2_Aventin_Parricide_II_trans_en_gpt.txt,1.0
462,jh_user_90,save,amit_ben_ami_salad_from_hebrew_trans_lonnie_monka_poem_11.txt,1.0
462,jh_user_23,save,ali_wajeeh_the_daily_question_from_arabic_trans_muntather_alsawad_and_jeffrey_clapp_poem_3.txt,1.0
462,jh_user_5,save,alcman_26_from_ancient_trans_m_pfaff_poem_2.txt,1.0
462,jh_user_18,save,1_Cadiot_O_PourquoiJeDeviensUnSaint_trans_C_Swensen.txt,1.0
462,jh_user_87,save,0_Roubaud_J_DansCetArbre_InThisTree_trans_R_Waldrop.txt,1.0
462,jh_user_55,save,12_calamity_again.txt,1.0
462,jh_user_59,save,13_war_advertisement.txt,1.0
462,jh_user_45,save,0_Tengour_H_CereteAuGrandJour_SecretInBroadDaylight_trans_MA_Caws.txt,1.0
462,jh_user_14,save,0_Roubaud_J_UneGlaceDe_IceIn_trans_J_Roubaud.txt,
462,jh_user_6,save,alain_lance_untitled_4_from_french_trans_erika_luckert_poem_4.txt,1.0
462,jh_user_47,save,aimé_césaire_when_in_the_heat_of_the_day_naked_monks_descend_the_himalayas_from_french_trans_a_james_arnold_and_clayton_eshleman_poem_1.txt,1.0
462,jh_user_59,save,12_joy_harjo_the_real_revolution_is_love_[in_mad_love_and_war].txt,1.0
462,jh_user_59,save,anja-golob_cows-and-time.txt,
462,jh_user_79,save,andrey_platonov_here_you_cannot_live_kindly_from_russian_trans_george_kovalenko_poem_3.txt,
462,jh_user_59,save,1_Quintane_N_MonPouchkine_trans_MA_Caws.txt,1.0
462,jh_user_65,save,2_Savitzkaya_Cyprine_I_trans_en_gpt.txt,
463,jh_user_79,save,04_ukraine_feature_pio.txt,1.0
463,jh_user_60,save,almog_behar_9_from_hebrew_trans_shoshana_olidort_poem_9.txt,1.0
463,jh_user_4,save,aase_berg_stalkers_from_swedish_trans_johannes_göransson_poem_2.txt,
463,jh_user_100,save,ann_jäderlund_a_midsummer_nights_dream_from_swedish_trans_johannes_göransson_poem_1.txt,
463,jh_user_17,save,ann_jäderlund_nerve_system_from_swedish_trans_johannes_göransson_poem_3.txt,
463,jh_user_12,save,amit_ben_ami_3_from_hebrew_trans_lonnie_monka_poem_4.txt,1.0
463,jh_user_5,save,alev-adil_the-future-price-of-love.txt,1.0
463,jh_user_39,save,adela_greceanu_youre_so_adorable_from_romanian_trans_monica_cure_poem_4.txt,
463,jh_user_42,save,1_Jamme_FA_TuViensSouvent_trans_MA_Caws.txt,
463,jh_user_62,save,allan_popa_christ_in_hell_from_filipino_trans_marc_gaba_jose_edmundo_ocampo_reyes_and_allan_popa_poem_3.txt,1.0
463,jh_user_72,save,0_Roux_P_Labeurdujour_DayLabor_trans_S_Romer.txt,1.0
463,jh_user_96,save,aleš_debeljak_statue_of_antifascist_activist_from_slovenian_trans_brian_henry_poem_3.txt,1.0
463,jh_user_57,save,alain_lance_untitled_4_from_french_trans_erika_luckert_poem_4.txt,1.0
463,jh_user_64,save,0_Roubaud_J_DansCetArbre_InThisTree_trans_R_Waldrop.txt,1.0
463,jh_user_70,save,agi_mishol_betrayal_from_hebrew_trans_joanna_chen_poem_3.txt,1.0
463,jh_user_49,save,0_LeBrun_A_Rites_Rituals_trans_MA_Caws.txt,1.0
464,jh_user_54,save,ann_jäderlund_conversation_from_swedish_trans_joel_duncan_poem_7.txt,1.0
464,jh_user_80,save,ana_elisa_ribeiro_on_absence_from_portuguese_trans_anita_di_marco_poem_3.txt,1.0
464,jh_user_88,save,alemannic_schlof_sanft_und_wohl_hebels_trans_deepl.txt,1.0
464,jh_user_29,save,ana_elisa_ribeiro_square_from_portuguese_trans_anita_di_marco_poem_2.txt,1.0
464,jh_user_24,save,aleš_debeljak_anchor_from_slovenian_trans_brian_henry_poem_1.txt,
464,jh_user_44,save,allan_popa_lilith_from_filipino_trans_marc_gaba_jose_edmundo_ocampo_reyes_and_allan_popa_poem_2.txt,1.0
464,jh_user_9,save,anonymous_virgo_from_old_trans_gnaomi_siemens_poem_6.txt,
464,jh_user_34,save,alberto_caeiro_xlix_from_portuguese_trans_margaret_jull_costa_and_patricio_ferrari_poem_5.txt,
464,jh_user_3,save,05_ukrainian_lit.txt,1.0
464,jh_user_61,save,0_Venaille_F_ElogeDeRobertDesnos_InPraiseOfRobertDesnos_trans_MA_Caws.txt,1.0
464,jh_user_92,save,2_Bergen_Heure_du_Banditisme_trans_en_gpt.txt,1.0
464,jh_user_4,save,abdourahman_waberi_aiyaiyai_from_french_trans_nancy_naomi_carlson_poem_3.txt,1.0
464,jh_user_30,save,0_Bancquart_MC_RetourUlysse_ReturnUlysses_trans_M_Sorrell.txt,1.0
464,jh_user_57,save,0_LeBrun_A_Rites_Rituals_trans_MA_Caws.txt,1.0
464,jh_user_18,save,0_LeBrun_A_Fetes_Festivals_trans_MA_Caws.txt,
465,jh_user_19,save,32_poem_hunter.txt,1.0
465,jh_user_8,save,abdourahman_waberi_the_elixir_of_exile_from_french_trans_nancy_naomi_carlson_poem_1.txt,1.0
465,jh_user_51,save,0_Pleynet_M_LumiereJour_Daylight_trans_MA_Caws.txt,1.0
465,jh_user_58,save,0_Collobert_D_JeTempsDeQuoi_ITimeOfWhat_trans_M_Tweed.txt,1.0
465,jh_user_4,save,11_ukraine_tls.txt,
465,jh_user_44,save,amit_ben_ami_3_from_hebrew_trans_lonnie_monka_poem_4.txt,1.0
465,jh_user_36,save,alemannic_die_wiese_hebels_trans_deepl.txt,1.0
465,jh_user_98,save,amelia_rosselli_insomnia_from_italian_trans_roberta_antognini_and_deborah_woodard_poem_1.txt,
465,jh_user_25,save,alejandro_crotto_the_golden_cypress_from_spanish_trans_robin_myers_poem_1.txt,
465,jh_user_88,save,ann_jäderlund_tragedy_from_swedish_trans_joel_duncan_poem_4.txt,1.0
465,jh_user_66,save,1_Alferi_P_Bibliotheque_Library_trans_C_Swensen.txt,1.0
465,jh_user_64,save,2_Mathy_Mains_Ouvertes_II_trans_en_gpt.txt,
465,jh_user_93,save,05_ukrainian_lit.txt,1.0
465,jh_user_88,save,anna_gual_sovereignty_from_catalan_trans_ona_bantjesràfols_poem_2.txt,
465,jh_user_78,save,alemannic_schlof_sanft_und_wohl_hebels_trans_deepl.txt,1.0
465,jh_user_2,save,2_Baetens_Le_Coiffeur_trans_en_gpt.txt,1.0
465,jh_user_13,save,almog_behar_9_from_hebrew_trans_shoshana_olidort_poem_9.txt,1.0
466,jh_user_43,save,adela_greceanu_adila_from_romanian_trans_monica_cure_poem_3.txt,
466,jh_user_93,save,anuar_duisenbinov_0215_from_kazakh_trans_mariya_deykute_and_victoria_thorstensson_poem_3.txt,1.0
466,jh_user_17,save,adela_greceanu_mariana_from_romanian_trans_monica_cure_poem_1.txt,1.0
466,jh_user_57,save,21_songs.txt,
466,jh_user_3,save,0_black_kodak_love_&_war.txt,1.0
466,jh_user_13,save,alexandra-salmela_meteoras-diary.txt,
466,jh_user_1,save,1_Tarkos_C_67Mots_trans_S_Doris.txt,1.0
466,jh_user_81,save,2_Bergen_Heure_du_Banditisme_trans_en_gpt.txt,1.0
466,jh_user_53,save,0_Roubaud_J_DansCetArbre_InThisTree_trans_R_Waldrop.txt,1.0
466,jh_user_4,save,0_Hocquard_E_Noel_AtChristmas_trans_R_Waldrop.txt,1.0
466,jh_user_55,save,allan_popa_christ_in_hell_from_filipino_trans_marc_gaba_jose_edmundo_ocampo_reyes_and_allan_popa_poem_3.txt,1.0
466,jh_user_89,save,1_Quintane_N_MonPouchkine_trans_MA_Caws.txt,1.0
466,jh_user_28,save,0_Bancquart_MC_RetourUlysse_ReturnUlysses_trans_M_Sorrell.txt,1.0
466,jh_user_22,save,01_russian_poet_arrested.txt,1.0
466,jh_user_101,save,0_Bancquart_MC_RetourUlysse_ReturnUlysses_trans_M_Sorrell.txt,1.0
466,jh_user_37,save,anuar_duisenbinov_a_metamorph_from_kazakh_trans_mariya_deykute_and_victoria_thorstensson_poem_2.txt,1.0
466,jh_user_6,save,albanian_footprints_that_talk_gjika_trans_gjika.txt,1.0
467,jh_user_55,save,1_Cadiot_O_PourquoiJeDeviensUnSaint_trans_C_Swensen.txt,1.0
467,jh_user_82,save,afrikaans_ferret_cussons_trans_van_der_vlies.txt,1.0
467,jh_user_98,save,1_Alferi_P_Choriste_trans_C_Swensen.txt,
467,jh_user_22,save,1_Fremon_J_Automne_trans_C_Swensen.txt,
467,jh_user_42,save,1_Fremon_J_Automne_trans_C_Swensen.txt,
467,jh_user_43,save,ana_elisa_ribeiro_square_from_portuguese_trans_anita_di_marco_poem_2.txt,1.0
467,jh_user_12,save,aase-berg_from-hackers_stalkers.txt,
467,jh_user_95,save,abdourahman_waberi_the_elixir_of_exile_from_french_trans_nancy_naomi_carlson_poem_1.txt,1.0
467,jh_user_50,save,alev-adil_the-future-price-of-love.txt,1.0
467,jh_user_43,save,ana_cristina_cesar_bedside_from_portuguese_trans_brenda_hillman_helen_hillman_and_sebastião_edson_macedo_poem_5.txt,
467,jh_user_75,save,34_catherine_the_great.txt,
467,jh_user_85,save,amit_ben_ami_salad_from_hebrew_trans_lonnie_monka_poem_11.txt,1.0
467,jh_user_59,save,04_ukraine_feature_pio.txt,1.0
467,jh_user_41,save,abdourahman_waberi_aiyaiyai_from_french_trans_nancy_naomi_carlson_poem_3.txt,1.0
468,jh_user_63,save,0_Collobert_D_JeTempsDeQuoi_ITimeOfWhat_trans_M_Tweed.txt,1.0
468,jh_user_83,save,0_black_kodak_love_&_war.txt,1.0
468,jh_user_62,save,abd_alqāder_bīdel_of_delhi_composure_and_distraction_from_persian_trans_jane_mikkelson_poem_1.txt,1.0
468,jh_user_39,save,0_Albiach_AM_CheminErmitage_HermitageRoad_trans_K_Waldrop.txt,
468,jh_user_7,save,almog_behar_9_from_hebrew_trans_shoshana_olidort_poem_9.txt,1.0
468,jh_user_22,save,0_black_kodak_love_&_war.txt,1.0
468,jh_user_86,save,armenian_new_garo_hovhannes_hovhannesian_trans_alice_stone_blackwell.txt,1.0
468,jh_user_47,save,anonymous_mayan_the_flood_from_kiché_trans_michael_bazzett_poem_2.txt,
468,jh_user_47,save,0_Rissett_J_M-S-1544_trans_J_Moxley.txt,1.0
468,jh_user_48,save,04_ukraine_feature_pio.txt,1.0
468,jh_user_3,save,ana_cristina_cesar_summary_from_portuguese_trans_brenda_hillman_helen_hillman_and_sebastião_edson_macedo_poem_2.txt,1.0
468,jh_user_50,save,ann_jäderlund_conversation_from_swedish_trans_joel_duncan_poem_7.txt,1.0
468,jh_user_73,save,amit_ben_ami_5_from_hebrew_trans_lonnie_monka_poem_6.txt,1.0
468,jh_user_59,save,ana_elisa_ribeiro_square_from_portuguese_trans_anita_di_marco_poem_2.txt,1.0
468,jh_user_93,save,1_Said_A_SentiersDeLumiere_trans_MA_Caws.txt,
468,jh_user_18,save,0_Kaddour_H_Variations_trans_M_Hacker.txt,1.0
468,jh_user_4,save,ashur_etwebi_a_dog_hides_its_tail_in_the_darkness_of_night_from_arabic_trans_ashur_etwebi_and_james_byrne_poem_4.txt,1.0
468,jh_user_83,save,2_Aventin_Parricide_I_trans_en_gpt.txt,1.0
468,jh_user_84,save,ana_cristina_cesar_summary_from_portuguese_trans_brenda_hillman_helen_hillman_and_sebastião_edson_macedo_poem_2.txt,1.0
468,jh_user_68,save,2_Baetens_Le_Coiffeur_trans_en_gpt.txt,1.0
468,jh_user_67,save,0_Roux_P_Labeurdujour_DayLabor_trans_S_Romer.txt,1.0
468,jh_user_93,save,01_russian_poet_arrested.txt,1.0
469,jh_user_2,save,amit_ben_ami_screw_from_hebrew_trans_lonnie_monka_poem_1.txt,
469,jh_user_36,save,abd_alqāder_bīdel_of_delhi_composure_and_distraction_from_persian_trans_jane_mikkelson_poem_1.txt,1.0
469,jh_user_15,save,anonymous_sagittarius_from_old_trans_gnaomi_siemens_poem_9.txt,1.0
469,jh_user_73,save,0_Rissett_J_M-S-1544_trans_J_Moxley.txt,1.0
469,jh_user_80,save,aleš_debeljak_the_balkan_bridge_from_slovenian_trans_brian_henry_poem_2.txt,1.0
469,jh_user_89,save,alcman_26_from_ancient_trans_m_pfaff_poem_2.txt,1.0
469,jh_user_41,save,0_Pleynet_M_LumiereJour_Daylight_trans_MA_Caws.txt,1.0
469,jh_user_15,save,armenian_mercy_hamo_sahyan_trans_google.txt,1.0
469,jh_user_48,save,amit_ben_ami_3_from_hebrew_trans_lonnie_monka_poem_4.txt,1.0
469,jh_user_18,save,amit_ben_ami_1_from_hebrew_trans_lonnie_monka_poem_2.txt,
469,jh_user_89,save,2_Aventin_Parricide_II_trans_en_gpt.txt,1.0
469,jh_user_38,save,alev-adil_the-future-price-of-love.txt,1.0
469,jh_user_89,save,ann_jäderlund_tragedy_from_swedish_trans_joel_duncan_poem_4.txt,1.0
469,jh_user_46,save,01_russian_poet_arrested.txt,1.0
469,jh_user_32,save,0_Roubaud_J_Meditation8-5-85_trans_R_Waldrop.txt,1.0
470,jh_user_12,save,0_Hocquard_E_Noel_AtChristmas_trans_R_Waldrop.txt,1.0
470,jh_user_2,save,anonymous_pisces_from_old_trans_gnaomi_siemens_poem_12.txt,1.0
470,jh_user_87,save,14_eleanor_wilner_high_noon_at_los_alamos.txt,
470,jh_user_37,save,2_Aventin_Parricide_II_trans_en_gpt.txt,1.0
470,jh_user_54,save,1_Houellebecq_M_AirLimpide_trans_MA_Caws.txt,
470,jh_user_57,save,anuar_duisenbinov_a_metamorph_from_kazakh_trans_mariya_deykute_and_victoria_thorstensson_poem_2.txt,1.0
470,jh_user_84,save,anonymous_pisces_from_old_trans_gnaomi_siemens_poem_12.txt,1.0
470,jh_user_47,save,arseny_tarkovsky_the_cricket_from_russian_trans_philip_metres_and_dimitri_psurtsev_poem_1.txt,
470,jh_user_92,save,alen-meskovic_standing.txt,
470,jh_user_33,save,armenian_mercy_hamo_sahyan_trans_google.txt,1.0
470,jh_user_57,save,alejandro_albarrán_confusion_from_spanish_trans_rachel_galvin_poem_1.txt,1.0
470,jh_user_64,save,alev-adil_the-future-price-of-love.txt,1.0
470,jh_user_7,save,aimé_césaire_when_in_the_heat_of_the_day_naked_monks_descend_the_himalayas_from_french_trans_a_james_arnold_and_clayton_eshleman_poem_1.txt,1.0
471,jh_user_13,save,1_Tarkos_C_67Mots_trans_S_Doris.txt,1.0
471,jh_user_51,save,0_Rissett_J_M-S-1544_trans_J_Moxley.txt,1.0
471,jh_user_89,save,ann_jäderlund_conversation_from_swedish_trans_joel_duncan_poem_7.txt,1.0
471,jh_user_92,save,2_Lombe_Asma_trans_en_gpt.txt,1.0
471,jh_user_16,save,almog_behar_13_from_hebrew_trans_shoshana_olidort_poem_13.txt,
471,jh_user_16,save,anuar_duisenbinov_0215_from_kazakh_trans_mariya_deykute_and_victoria_thorstensson_poem_3.txt,1.0
471,jh_user_101,save,anonymous_leo_from_old_trans_gnaomi_siemens_poem_5.txt,1.0
471,jh_user_64,save,almog_behar_7_from_hebrew_trans_shoshana_olidort_poem_7.txt,1.0
471,jh_user_58,save,1_Houellebecq_M_AirLimpide_trans_MA_Caws.txt,
471,jh_user_64,save,agi_mishol_betrayal_from_hebrew_trans_joanna_chen_poem_3.txt,1.0
471,jh_user_72,save,aleš_debeljak_anchor_from_slovenian_trans_brian_henry_poem_1.txt,
471,jh_user_45,save,alemannic_die_wiese_hebels_trans_deepl.txt,1.0
471,jh_user_76,save,14_eleanor_wilner_high_noon_at_los_alamos.txt,
471,jh_user_29,save,0_Albiach_AM_CheminErmitage_HermitageRoad_trans_K_Waldrop.txt,
471,jh_user_68,save,31_tracy_k_smith.txt,
471,jh_user_88,save,0_Albiach_AM_CheminErmitage_HermitageRoad_trans_K_Waldrop.txt,
471,jh_user_39,save,anuar_duisenbinov_balkhash_dreams_from_kazakh_trans_mariya_deykute_and_victoria_thorstensson_poem_4.txt,1.0
471,jh_user_82,save,04_ukraine_feature_pio.txt,1.0
471,jh_user_7,save,agnar_artúvertin_the_protestant_from_faroese_trans_matthew_landrum_poem_1.txt,
471,jh_user_68,save,anja-golob_veins-wires.txt,1.0
471,jh_user_19,save,anuar_duisenbinov_balkhash_dreams_from_kazakh_trans_mariya_deykute_and_victoria_thorstensson_poem_4.txt,1.0
471,jh_user_94,save,amit_ben_ami_salad_from_hebrew_trans_lonnie_monka_poem_11.txt,1.0
471,jh_user_9,save,allan_popa_from_the_depths_from_filipino_trans_marc_gaba_jose_edmundo_ocampo_reyes_and_allan_popa_poem_1.txt,
472,jh_user_65,save,abdourahman_waberi_aiyaiyai_from_french_trans_nancy_naomi_carlson_poem_3.txt,1.0
472,jh_user_66,save,ann_jäderlund_iodine_from_swedish_trans_johannes_göransson_poem_2.txt,
472,jh_user_86,save,04_ukraine_feature_pio.txt,1.0
472,jh_user_17,save,2_Baetens_Le_Coiffeur_trans_en_gpt.txt,1.0
472,jh_user_80,save,albanian_town_of_apples_lleshanaku_trans_gjika.txt,1.0
472,jh_user_86,save,ann_jäderlund_reply_from_swedish_trans_johannes_göransson_poem_4.txt,
472,jh_user_12,save,ana_elisa_ribeiro_on_absence_from_portuguese_trans_anita_di_marco_poem_3.txt,1.0
472,jh_user_27,save,0_Baron_Supervielle_S_HereTime_trans_R_LLoyd.txt,1.0
472,jh_user_45,save,0_Venaille_F_ElogeDeRobertDesnos_InPraiseOfRobertDesnos_trans_MA_Caws.txt,1.0
472,jh_user_19,save,0_Baron_Supervielle_S_HereTime_trans_R_LLoyd.txt,1.0
472,jh_user_23,save,almog_behar_9_from_hebrew_trans_shoshana_olidort_poem_9.txt,1.0
472,jh_user_17,save,aase-berg_from-hackers_stalkers.txt,
472,jh_user_72,save,anonymous_aries_from_old_trans_gnaomi_siemens_poem_1.txt,
472,jh_user_62,save,0_Venaille_F_ElogeDeRobertDesnos_InPraiseOfRobertDesnos_trans_MA_Caws.txt,1.0
472,jh_user_84,save,amit_ben_ami_frame_from_hebrew_trans_lonnie_monka_poem_10.txt,1.0
472,jh_user_22,save,allan_popa_from_the_depths_from_filipino_trans_marc_gaba_jose_edmundo_ocampo_reyes_and_allan_popa_poem_1.txt,
472,jh_user_20,save,aimé_césaire_when_in_the_heat_of_the_day_naked_monks_descend_the_himalayas_from_french_trans_a_james_arnold_and_clayton_eshleman_poem_1.txt,1.0
472,jh_user_54,save,andré_breton_and_philippe_soupault_lets_stop_moving_from_french_trans_charlotte_mandell_poem_1.txt,1.0
473,jh_user_97,save,alara_adilow_a_son_from_dutch_trans_shimanto_robin_reza_poem_1.txt,
473,jh_user_13,save,adela_greceanu_youre_so_adorable_from_romanian_trans_monica_cure_poem_4.txt,
473,jh_user_54,save,2_Bergen_Heure_du_Banditisme_trans_en_gpt.txt,1.0
473,jh_user_34,save,2_Lombe_Asma_trans_en_gpt.txt,1.0
473,jh_user_81,save,ali_wajeeh_the_daily_question_from_arabic_trans_muntather_alsawad_and_jeffrey_clapp_poem_3.txt,1.0
473,jh_user_32,save,abdourahman_waberi_sketch_ii_from_french_trans_nancy_naomi_carlson_poem_4.txt,
473,jh_user_95,save,alev-adil_the-future-price-of-love.txt,1.0
473,jh_user_84,save,ana_elisa_ribeiro_pregnancy_from_portuguese_trans_anita_di_marco_poem_1.txt,
474,jh_user_31,save,07_kobzar.txt,1.0
474,jh_user_34,save,1_Bekri_T_RetourEnTunisie__trans_MA_Caws.txt,1.0
474,jh_user_74,save,2_Lombe_Asma_trans_en_gpt.txt,1.0
474,jh_user_38,save,2_Versailles_Ce_Serait_La_trans_en_gpt.txt,
474,jh_user_58,save,arseny_tarkovsky_valyas_willow_from_russian_trans_philip_metres_and_dimitri_psurtsev_poem_2.txt,
474,jh_user_56,save,antònia_vicens_i_picornell_a_snapshot_from_catalan_trans_laia_sales_merino_poem_3.txt,
474,jh_user_38,save,armenian_new_garo_hovhannes_hovhannesian_trans_alice_stone_blackwell.txt,1.0
474,jh_user_70,save,anonymous_sagittarius_from_old_trans_gnaomi_siemens_poem_9.txt,1.0
474,jh_user_61,save,alexandra-salmela_meteoras-diary.txt,
474,jh_user_83,save,alemannic_schlof_sanft_und_wohl_hebels_trans_deepl.txt,1.0
475,jh_user_83,save,alemannic_die_wiese_hebels_trans_deepl.txt,1.0
475,jh_user_8,save,2_Hoex_Ici_I_trans_en_gpt.txt,
475,jh_user_87,save,1_Goffette_G_RelèvementIcareEnvoi_trans_M_Hacker.txt,1.0
475,jh_user_3,save,alemannic_die_vergänglichkeit_hebels_trans_deepl.txt,1.0
475,jh_user_12,save,abd_alqāder_bīdel_of_delhi_composure_and_distraction_from_persian_trans_jane_mikkelson_poem_1.txt,1.0
475,jh_user_95,save,anna_gual_joint_ceremony_from_catalan_trans_ona_bantjesràfols_poem_1.txt,
475,jh_user_12,save,1_Tarkos_C_67Mots_trans_S_Doris.txt,1.0
475,jh_user_36,save,27_love_in_kyiv.txt,
475,jh_user_2,save,alemannic_die_vergänglichkeit_hebels_trans_deepl.txt,1.0
475,jh_user_97,save,andré_breton_and_philippe_soupault_lets_stop_moving_from_french_trans_charlotte_mandell_poem_1.txt,1.0
475,jh_user_100,save,2_Aventin_Parricide_II_trans_en_gpt.txt,1.0
475,jh_user_31,save,2_Aventin_Parricide_I_trans_en_gpt.txt,1.0
475,jh_user_86,save,ana_elisa_ribeiro_pregnancy_from_portuguese_trans_anita_di_marco_poem_1.txt,
475,jh_user_58,save,alain_lance_untitled_4_from_french_trans_erika_luckert_poem_4.txt,1.0
475,jh_user_48,save,15_fakes_about_the_invasion.txt,
475,jh_user_61,save,aleš_debeljak_the_balkan_bridge_from_slovenian_trans_brian_henry_poem_2.txt,1.0
476,jh_user_51,save,aase_berg_stalkers_from_swedish_trans_johannes_göransson_poem_2.txt,
476,jh_user_49,save,ana_cristina_cesar_behind_the_eyes_of_serious_girls_from_portuguese_trans_brenda_hillman_helen_hillman_and_sebastião_edson_macedo_poem_4.txt,
476,jh_user_71,save,1_Alferi_P_Bibliotheque_Library_trans_C_Swensen.txt,1.0
476,jh_user_36,save,abd_alqāder_bīdel_of_delhi_bubble_from_persian_trans_jane_mikkelson_poem_2.txt,1.0
476,jh_user_58,save,abd_alqāder_bīdel_of_delhi_bubble_from_persian_trans_jane_mikkelson_poem_2.txt,1.0
476,jh_user_50,save,allan_popa_christ_in_hell_from_filipino_trans_marc_gaba_jose_edmundo_ocampo_reyes_and_allan_popa_poem_3.txt,1.0
476,jh_user_50,save,16_amit_majmudar_ode_to_a_drone.txt,1.0
476,jh_user_24,save,abd_alqāder_bīdel_of_delhi_bubble_from_persian_trans_jane_mikkelson_poem_2.txt,1.0
476,jh_user_24,save,16_amit_majmudar_ode_to_a_drone.txt,1.0
476,jh_user_47,save,2_Baetens_Le_Coiffeur_trans_en_gpt.txt,1.0
476,jh_user_22,save,anonymous_taurus_from_old_trans_gnaomi_siemens_poem_2.txt,1.0
476,jh_user_91,save,adela_greceanu_screws_washers_nails_bolts_from_romanian_trans_monica_cure_poem_5.txt,
476,jh_user_18,save,24_holodomor.txt,
476,jh_user_66,save,0_Roux_P_Labeurdujour_DayLabor_trans_S_Romer.txt,1.0
476,jh_user_101,save,0_Collobert_D_JeTempsDeQuoi_ITimeOfWhat_trans_M_Tweed.txt,1.0
476,jh_user_79,save,amit_ben_ami_5_from_hebrew_trans_lonnie_monka_poem_6.txt,1.0
476,jh_user_13,save,anonymous_taurus_from_old_trans_gnaomi_siemens_poem_2.txt,1.0
477,jh_user_93,save,anonymous_sagittarius_from_old_trans_gnaomi_siemens_poem_9.txt,1.0
477,jh_user_29,save,0_Roux_P_Labeurdujour_DayLabor_trans_S_Romer.txt,1.0
477,jh_user_48,save,1_Richez_VC_PetiteAme_trans_M_Tweed.txt,
477,jh_user_82,save,aleš_debeljak_the_balkan_bridge_from_slovenian_trans_brian_henry_poem_2.txt,1.0
477,jh_user_54,save,aleš_debeljak_statue_of_antifascist_activist_from_slovenian_trans_brian_henry_poem_3.txt,1.0
477,jh_user_19,save,aco_šopov_if_there_isnt_enough_light_for_you_from_macedonian_trans_rawley_grau_and_christina_e_kramer_poem_3.txt,1.0
477,jh_user_48,save,adela_greceanu_the_provincials_from_romanian_trans_monica_cure_poem_2.txt,
477,jh_user_84,save,alen-meskovic_standing.txt,
477,jh_user_53,save,0_Hocquard_E_TroisLeconsMorale_Three_moralTales_trans_M_Palmer.txt,
477,jh_user_5,save,antònia_vicens_i_picornell_his_feet_always_hurt_from_catalan_trans_laia_sales_merino_poem_1.txt,1.0
477,jh_user_57,save,amit_ben_ami_2_from_hebrew_trans_lonnie_monka_poem_3.txt,
477,jh_user_95,save,antònia_vicens_i_picornell_a_snapshot_from_catalan_trans_laia_sales_merino_poem_3.txt,
477,jh_user_49,save,amit_ben_ami_5_from_hebrew_trans_lonnie_monka_poem_6.txt,1.0
478,jh_user_96,save,1_Alferi_P_Bibliotheque_Library_trans_C_Swensen.txt,1.0
478,jh_user_70,save,alain_lance_untitled_3_from_french_trans_erika_luckert_poem_3.txt,
478,jh_user_10,save,antònia_vicens_i_picornell_his_feet_always_hurt_from_catalan_trans_laia_sales_merino_poem_1.txt,1.0
478,jh_user_33,save,anonymous_sagittarius_from_old_trans_gnaomi_siemens_poem_9.txt,1.0
478,jh_user_50,save,anonymous_sagittarius_from_old_trans_gnaomi_siemens_poem_9.txt,1.0
478,jh_user_24,save,alain_lance_untitled_3_from_french_trans_erika_luckert_poem_3.txt,
478,jh_user_46,save,0_Collobert_D_JeTempsDeQuoi_ITimeOfWhat_trans_M_Tweed.txt,1.0
478,jh_user_86,save,armenian_poem_8_nahaped_kouchak_trans_google.txt,1.0
478,jh_user_34,save,8_trakl_grodek_trans_michael_hamburger.txt,1.0
478,jh_user_10,save,2_Baetens_Le_Coiffeur_trans_en_gpt.txt,1.0
479,jh_user_90,save,albanian_town_of_apples_lleshanaku_trans_gjika.txt,1.0
479,jh_user_22,save,1_Cadiot_O_PourquoiJeDeviensUnSaint_trans_C_Swensen.txt,1.0
479,jh_user_64,save,aase_berg_stalkers_from_swedish_trans_johannes_göransson_poem_2.txt,
479,jh_user_11,save,albanian_footprints_that_talk_gjika_trans_gjika.txt,1.0
479,jh_user_76,save,aandaal_white_conch_from_the_fathomless_sea_from_tamil_trans_priya_sarukkai_chabria_and_ravi_shankar_poem_2.txt,
479,jh_user_69,save,abdourahman_waberi_the_elixir_of_exile_from_french_trans_nancy_naomi_carlson_poem_1.txt,1.0
479,jh_user_99,save,2_Bergen_Heure_du_Banditisme_trans_en_gpt.txt,1.0
479,jh_user_41,save,afrikaans_ferret_cussons_trans_van_der_vlies.txt,1.0
479,jh_user_77,save,16_amit_majmudar_ode_to_a_drone.txt,1.0
479,jh_user_51,save,1_Goffette_G_RelèvementIcareEnvoi_trans_M_Hacker.txt,1.0
479,jh_user_55,save,alemannic_die_wiese_hebels_trans_deepl.txt,1.0
479,jh_user_81,save,1_Monnier_P_Ete2_trans_C_Swensen.txt,
479,jh_user_50,save,alain_lance_untitled_3_from_french_trans_erika_luckert_poem_3.txt,
479,jh_user_1,save,anja-golob_veins-wires.txt,1.0
479,jh_user_49,save,anonymous_sagittarius_from_old_trans_gnaomi_siemens_poem_9.txt,1.0
479,jh_user_18,save,arseny_tarkovsky_the_cricket_from_russian_trans_philip_metres_and_dimitri_psurtsev_poem_1.txt,
479,jh_user_28,save,12_calamity_again.txt,1.0
480,jh_user_74,save,16_amit_majmudar_ode_to_a_drone.txt,1.0
480,jh_user_63,save,anonymous_his_message_from_old_trans_christopher_patton_poem_1.txt,
480,jh_user_6,save,anonymous_gemini_from_old_trans_gnaomi_siemens_poem_3.txt,
480,jh_user_36,save,anonymous_aries_from_old_trans_gnaomi_siemens_poem_1.txt,
480,jh_user_81,save,ashur_etwebi_a_dog_hides_its_tail_in_the_darkness_of_night_from_arabic_trans_ashur_etwebi_and_james_byrne_poem_4.txt,1.0
480,jh_user_65,save,ashur_etwebi_a_dog_hides_its_tail_in_the_darkness_of_night_from_arabic_trans_ashur_etwebi_and_james_byrne_poem_4.txt,1.0
480,jh_user_20,save,07_kobzar.txt,1.0
481,jh_user_81,save,1_Cadiot_O_PourquoiJeDeviensUnSaint_trans_C_Swensen.txt,1.0
481,jh_user_90,save,1_Said_A_SentiersDeLumiere_trans_MA_Caws.txt,
481,jh_user_1,save,12_calamity_again.txt,1.0
481,jh_user_95,save,anja-golob_veins-wires.txt,1.0
481,jh_user_8,save,ali_wajeeh_the_daily_question_from_arabic_trans_muntather_alsawad_and_jeffrey_clapp_poem_3.txt,1.0
481,jh_user_72,save,0_Hocquard_E_Noel_AtChristmas_trans_R_Waldrop.txt,1.0
481,jh_user_19,save,ann_jäderlund_tragedy_from_swedish_trans_joel_duncan_poem_4.txt,1.0
481,jh_user_27,save,ana_elisa_ribeiro_pregnancy_from_portuguese_trans_anita_di_marco_poem_1.txt,
481,jh_user_68,save,05_ukrainian_lit.txt,1.0
481,jh_user_78,save,anna_gual_joint_ceremony_from_catalan_trans_ona_bantjesràfols_poem_1.txt,
481,jh_user_40,save,alcman_3b_from_ancient_trans_m_pfaff_poem_1.txt,
481,jh_user_49,save,agi_mishol_the_sermon_at_latrun_from_hebrew_trans_joanna_chen_poem_1.txt,1.0
482,jh_user_34,save,aandaal_white_conch_from_the_fathomless_sea_from_tamil_trans_priya_sarukkai_chabria_and_ravi_shankar_poem_2.txt,
482,jh_user_45,save,13_war_advertisement.txt,1.0
482,jh_user_92,save,andrey_platonov_evening_roads_from_russian_trans_george_kovalenko_poem_1.txt,
482,jh_user_68,save,2_Lombe_Asma_trans_en_gpt.txt,1.0
482,jh_user_43,save,0_Broda_M_JeLave_IWash_trans_MA_Caws.txt,
482,jh_user_56,save,0_LeBrun_A_Rites_Rituals_trans_MA_Caws.txt,1.0
482,jh_user_100,save,antònia_vicens_i_picornell_a_snapshot_from_catalan_trans_laia_sales_merino_poem_3.txt,
482,jh_user_43,save,0_LeBrun_A_Rites_Rituals_trans_MA_Caws.txt,1.0
482,jh_user_97,save,1_Alferi_P_Choriste_trans_C_Swensen.txt,
483,jh_user_59,save,alemannic_die_wiese_hebels_trans_deepl.txt,1.0
483,jh_user_26,save,4_ovid_elegy_ix_trans_marlowe.txt,1.0
483,jh_user_26,save,allan_popa_christ_in_hell_from_filipino_trans_marc_gaba_jose_edmundo_ocampo_reyes_and_allan_popa_poem_3.txt,1.0
483,jh_user_98,save,1_Monnier_P_Ete1_trans_C_Swebseb.txt,
483,jh_user_11,save,14_eleanor_wilner_high_noon_at_los_alamos.txt,
483,jh_user_101,save,1_Cadiot_O_PourquoiJeDeviensUnSaint_trans_C_Swensen.txt,1.0
483,jh_user_101,save,albanian_town_of_apples_lleshanaku_trans_gjika.txt,1.0
483,jh_user_65,save,ana_cristina_cesar_behind_the_eyes_of_serious_girls_from_portuguese_trans_brenda_hillman_helen_hillman_and_sebastião_edson_macedo_poem_3.txt,
483,jh_user_49,save,anonymous_aquarius_from_old_trans_gnaomi_siemens_poem_11.txt,
483,jh_user_14,save,0_LeBrun_A_Fetes_Festivals_trans_MA_Caws.txt,
484,jh_user_40,save,aco_šopov_if_there_isnt_enough_light_for_you_from_macedonian_trans_rawley_grau_and_christina_e_kramer_poem_3.txt,1.0
484,jh_user_39,save,alemannic_schlof_sanft_und_wohl_hebels_trans_deepl.txt,1.0
484,jh_user_69,save,19_myroslav_laiuk.txt,
484,jh_user_83,save,anna_gréki_on_earth_from_french_trans_marine_cornuet_poem_1.txt,
484,jh_user_88,save,1_Monnier_P_Ete1_trans_C_Swebseb.txt,
484,jh_user_64,save,2_Aventin_Parricide_I_trans_en_gpt.txt,1.0
484,jh_user_91,save,ann_jäderlund_nerve_system_from_swedish_trans_johannes_göransson_poem_3.txt,
484,jh_user_53,save,0_Hocquard_E_Noel_AtChristmas_trans_R_Waldrop.txt,1.0
484,jh_user_14,save,0_Hocquard_E_Noel_AtChristmas_trans_R_Waldrop.txt,1.0
485,jh_user_49,save,alemannic_die_wiese_hebels_trans_deepl.txt,1.0
485,jh_user_73,save,0_Roubaud_J_PartoutLes_EverywhereThe_trans_J_Roubaud.txt,
485,jh_user_18,save,16_poetry_of_war.txt,
485,jh_user_91,save,1_Fremon_J_Automne_trans_C_Swensen.txt,
485,jh_user_61,save,amit_ben_ami_untitled_8_from_hebrew_trans_lonnie_monka_poem_8.txt,
485,jh_user_96,save,archilochus_and_anacreon_archilochus_from_ancient_trans_george_economou_poem_1.txt,
485,jh_user_87,save,amit_ben_ami_5_from_hebrew_trans_lonnie_monka_poem_6.txt,1.0
485,jh_user_54,save,16_amit_majmudar_ode_to_a_drone.txt,1.0
485,jh_user_70,save,0_Broda_M_JeLave_IWash_trans_MA_Caws.txt,
486,jh_user_83,save,ana_cristina_cesar_behind_the_eyes_of_serious_girls_from_portuguese_trans_brenda_hillman_helen_hillman_and_sebastião_edson_macedo_poem_4.txt,
486,jh_user_46,save,arseny_tarkovsky_valyas_willow_from_russian_trans_philip_metres_and_dimitri_psurtsev_poem_2.txt,
486,jh_user_57,save,aase-berg_from-hackers_stalkers.txt,
486,jh_user_53,save,armenian_hrazdan_ghevond_alishan_trans_google.txt,
486,jh_user_84,save,ann_jäderlund_nerve_system_from_swedish_trans_johannes_göransson_poem_3.txt,
486,jh_user_12,save,2_Versailles_Brux_elle_trans_en_gpt.txt,
487,jh_user_9,save,0_Roubaud_J_DansCetArbre_InThisTree_trans_R_Waldrop.txt,1.0
487,jh_user_77,save,13_owen_greater_love.txt,
487,jh_user_67,save,allan_popa_imago_from_filipino_trans_jose_perez_beduya_jose_edmundo_ocampo_reyes_and_marc_gaba_poem_3.txt,
487,jh_user_65,save,alejandro_crotto_joy_from_spanish_trans_robin_myers_poem_3.txt,
487,jh_user_39,save,ann_jäderlund_iodine_from_swedish_trans_johannes_göransson_poem_2.txt,
487,jh_user_96,save,ann_jäderlund_iodine_from_swedish_trans_johannes_göransson_poem_2.txt,
487,jh_user_50,save,anna_gréki_on_earth_from_french_trans_marine_cornuet_poem_1.txt,
487,jh_user_91,save,almog_behar_4_from_hebrew_trans_shoshana_olidort_poem_4.txt,
488,jh_user_26,save,artur-becker_through-germany-by-train-excerpts.txt,
488,jh_user_34,save,artur-becker_through-germany-by-train-excerpts.txt,
488,jh_user_6,save,1_Alferi_P_Choriste_trans_C_Swensen.txt,
488,jh_user_20,save,almog_behar_14_from_hebrew_trans_shoshana_olidort_poem_14.txt,
488,jh_user_73,save,alberto_caeiro_ix_from_portuguese_trans_margaret_jull_costa_and_patricio_ferrari_poem_2.txt,
488,jh_user_30,save,10_donne_love's_war.txt,
488,jh_user_50,save,ann_jäderlund_apostrophe_from_swedish_trans_joel_duncan_poem_10.txt,
488,jh_user_89,save,1_Velter_A_Autre_trans_MA_Caws.txt,
489,jh_user_51,save,2_Bergen_Bleue_Suave_trans_en_gpt.txt,
489,jh_user_28,save,alemannic_der_statthalter_von_schopfheim_hebels_trans_deepl.txt,
489,jh_user_61,save,alemannic_der_mann_im_mond_hebels_trans_deepl.txt,
490,jh_user_49,save,almog_behar_13_from_hebrew_trans_shoshana_olidort_poem_13.txt,
490,jh_user_100,save,alemannic_der_statthalter_von_schopfheim_hebels_trans_deepl.txt,
490,jh_user_52,save,alejandro_crotto_joy_from_spanish_trans_robin_myers_poem_3.txt,
490,jh_user_22,save,alain_lance_far_from_vietnam_from_french_trans_erika_luckert_poem_1.txt,
490,jh_user_10,save,aandaal_white_conch_from_the_fathomless_sea_from_tamil_trans_priya_sarukkai_chabria_and_ravi_shankar_poem_2.txt,
491,jh_user_73,save,1_Melancon_R_Eveil_trans_P_Stratford.txt,
491,jh_user_11,save,34_catherine_the_great.txt,
491,jh_user_26,save,2_Versailles_Ce_Serait_La_trans_en_gpt.txt,
491,jh_user_99,save,0_Brossard_N_JeVeuxRevoirCetteSequence_IWantToReviseThisSequence_trans_M_Hacker.txt,
491,jh_user_54,save,2_Savitzkaya_Cyprine_II_trans_en_gpt.txt,
491,jh_user_8,save,2_Mathy_Mains_Ouvertes_II_trans_en_gpt.txt,
491,jh_user_54,save,amit_ben_ami_4_from_hebrew_trans_lonnie_monka_poem_5.txt,
491,jh_user_9,save,afrikaans_letter_from_vacation_breytenbach_trans_google.txt,
491,jh_user_37,save,aimé_césaire_to_africa_from_french_trans_a_james_arnold_and_clayton_eshleman_poem_3.txt,
491,jh_user_26,save,anna_gual_joint_ceremony_from_catalan_trans_ona_bantjesràfols_poem_1.txt,
491,jh_user_73,save,armenian_two_planets_shushanik_kurghinian_trans_google.txt,
492,jh_user_94,save,allan_popa_imago_from_filipino_trans_jose_perez_beduya_jose_edmundo_ocampo_reyes_and_marc_gaba_poem_3.txt,
492,jh_user_100,save,adela_greceanu_screws_washers_nails_bolts_from_romanian_trans_monica_cure_poem_5.txt,
492,jh_user_78,save,0_Brossard_N_JeVeuxRevoirCetteSequence_IWantToReviseThisSequence_trans_M_Hacker.txt,
492,jh_user_54,save,albanian_anatomical_cut_lleshanaku_trans_gjika.txt,
492,jh_user_60,save,alemannic_der_carfunkel_hebels_trans_deepl.txt,
492,jh_user_29,save,19_myroslav_laiuk.txt,
493,jh_user_5,save,0_Roubaud_J_LumièreParExemple_LightForExample_trans_R_Waldrop.txt,
493,jh_user_39,save,anonymous_his_message_from_old_trans_christopher_patton_poem_1.txt,
493,jh_user_2,save,aandaal_song_seven_from_tamil_trans_priya_sarukkai_chabria_and_ravi_shankar_poem_1.txt,
493,jh_user_29,save,alemannic_der_statthalter_von_schopfheim_hebels_trans_deepl.txt,
493,jh_user_24,save,16_poetry_of_war.txt,
494,jh_user_20,save,armenian_two_planets_shushanik_kurghinian_trans_google.txt,
494,jh_user_38,save,anonymous_mayan_the_flood_from_kiché_trans_michael_bazzett_poem_2.txt,
494,jh_user_87,save,20_ukrainian_lit_in_en.txt,
494,jh_user_85,save,anonymous_his_message_from_old_trans_christopher_patton_poem_1.txt,
494,jh_user_85,save,aimé_césaire_to_africa_from_french_trans_a_james_arnold_and_clayton_eshleman_poem_3.txt,
495,jh_user_46,save,almog_behar_4_from_hebrew_trans_shoshana_olidort_poem_4.txt,
495,jh_user_23,save,anna_gual_spacetime_from_catalan_trans_ona_bantjesràfols_poem_3.txt,
496,jh_user_53,save,aleš_debeljak_the_woman_who_isnt_there_from_slovenian_trans_brian_henry_poem_4.txt,
496,jh_user_67,save,albanian_anatomical_cut_lleshanaku_trans_gjika.txt,
496,jh_user_49,save,abdallah_zrika_mice_in_the_wardrobe_of_solitude_from_arabic_trans_tim_demay_poem_2.txt,
496,jh_user_66,save,1_Jamme_FA_RecitationOubli_trans_J_Ashbery.txt,
497,jh_user_51,save,albanian_stairs_lleshanaku_trans_gjika.txt,
497,jh_user_8,save,aandaal_song_seven_from_tamil_trans_priya_sarukkai_chabria_and_ravi_shankar_poem_1.txt,
497,jh_user_47,save,0_Roubaud_J_LumièreParExemple_LightForExample_trans_R_Waldrop.txt,
497,jh_user_38,save,ana_ristović_little_zebras_from_serbian_trans_steven_and_maja_teref_poem_1.txt,
497,jh_user_19,save,20_ukrainian_lit_in_en.txt,
498,jh_user_43,save,armenian_poem_sayat_nova_trans_google.txt,
499,jh_user_90,save,0_Roubaud_J_LumièreParExemple_LightForExample_trans_R_Waldrop.txt,
499,jh_user_48,save,alemannic_der_carfunkel_hebels_trans_deepl.txt,
499,jh_user_94,save,0_Roubaud_J_CertaineManiere_WayI_trans_J_Roubaud.txt,
499,jh_user_50,save,13_owen_greater_love.txt,
499,jh_user_46,save,amit_ben_ami_2_from_hebrew_trans_lonnie_monka_poem_3.txt,
499,jh_user_82,save,ana_ristović_little_zebras_from_serbian_trans_steven_and_maja_teref_poem_1.txt,
499,jh_user_95,save,0_Fourcarde_D_Ensembles_trans_C_Swensen.txt,
499,jh_user_16,save,aandaal_song_seven_from_tamil_trans_priya_sarukkai_chabria_and_ravi_shankar_poem_1.txt,
499,jh_user_13,save,34_catherine_the_great.txt,
500,jh_user_63,save,1_Jamme_FA_TuViensSouvent_trans_MA_Caws.txt,
500,jh_user_52,save,ana_cristina_cesar_behind_the_eyes_of_serious_girls_from_portuguese_trans_brenda_hillman_helen_hillman_and_sebastião_edson_macedo_poem_4.txt,
500,jh_user_14,save,almog_behar_3_from_hebrew_trans_shoshana_olidort_poem_3.txt,
500,jh_user_15,save,almog_behar_3_from_hebrew_trans_shoshana_olidort_poem_3.txt,
501,jh_user_41,save,13_owen_greater_love.txt,
501,jh_user_53,save,ann_jäderlund_hymn_from_swedish_trans_joel_duncan_poem_11.txt,
501,jh_user_72,save,anna_gréki_on_earth_from_french_trans_marine_cornuet_poem_1.txt,
501,jh_user_22,save,amit_ben_ami_untitled_8_from_hebrew_trans_lonnie_monka_poem_8.txt,
501,jh_user_64,save,0_Laabi_A_PortraitDuPere_PortraitFather_trans_P_Joris.txt,
501,jh_user_89,save,afrikaans_letter_from_vacation_breytenbach_trans_google.txt,
502,jh_user_19,save,adela_greceanu_screws_washers_nails_bolts_from_romanian_trans_monica_cure_poem_5.txt,
502,jh_user_23,save,alemannic_der_mann_im_mond_hebels_trans_deepl.txt,
502,jh_user_18,save,andrey_platonov_evening_roads_from_russian_trans_george_kovalenko_poem_1.txt,
502,jh_user_96,save,1_Jamme_FA_RecitationOubli_trans_J_Ashbery.txt,
503,jh_user_53,save,amit_ben_ami_drawing_lesson_from_hebrew_trans_lonnie_monka_poem_7.txt,
503,jh_user_26,save,almog_behar_4_from_hebrew_trans_shoshana_olidort_poem_4.txt,
503,jh_user_68,save,aco_šopov_lament_from_the_other_side_of_life_from_macedonian_trans_rawley_grau_and_christina_e_kramer_poem_2.txt,
504,jh_user_53,save,antònia_vicens_i_picornell_roots_from_catalan_trans_laia_sales_merino_poem_2.txt,
504,jh_user_64,save,almog_behar_3_from_hebrew_trans_shoshana_olidort_poem_3.txt,
504,jh_user_58,save,alemannic_der_mann_im_mond_hebels_trans_deepl.txt,
504,jh_user_32,save,2_Savitzkaya_Cyprine_II_trans_en_gpt.txt,
505,jh_user_7,save,aleš_debeljak_the_woman_who_isnt_there_from_slovenian_trans_brian_henry_poem_4.txt,
506,jh_user_71,save,28_unlawful.txt,
506,jh_user_49,save,1_Houellebecq_M_AirLimpide_trans_MA_Caws.txt,
506,jh_user_22,save,5_ovid_elegy_ix_trans_henry_cromwell.txt,
507,jh_user_75,save,armenian_two_planets_shushanik_kurghinian_trans_google.txt,
507,jh_user_32,save,afrikaans_letter_from_vacation_breytenbach_trans_google.txt,
507,jh_user_27,save,1_Cadiot_O_Hep_O_Psst_trans_C_Bernstein.txt,
507,jh_user_50,save,0_Hocquard_E_TroisLeconsMorale_Three_moralTales_trans_M_Palmer.txt,
507,jh_user_42,save,2_Savitzkaya_Cyprine_II_trans_en_gpt.txt,
508,jh_user_82,save,almog_behar_10_from_hebrew_trans_shoshana_olidort_poem_10.txt,
509,jh_user_50,save,0_Broda_M_JeLave_IWash_trans_MA_Caws.txt,
509,jh_user_42,save,albanian_stairs_lleshanaku_trans_gjika.txt,
510,jh_user_20,save,aleš_debeljak_the_woman_who_isnt_there_from_slovenian_trans_brian_henry_poem_4.txt,
512,jh_user_64,save,amit_ben_ami_untitled_8_from_hebrew_trans_lonnie_monka_poem_8.txt,
513,jh_user_33,save,almog_behar_10_from_hebrew_trans_shoshana_olidort_poem_10.txt,
513,jh_user_71,save,albanian_stairs_lleshanaku_trans_gjika.txt,
513,jh_user_39,save,aimé_césaire_to_africa_from_french_trans_a_james_arnold_and_clayton_eshleman_poem_3.txt,
514,jh_user_60,save,0_Roubaud_J_CertaineManiere_WayI_trans_J_Roubaud.txt,
515,jh_user_20,save,anonymous_gemini_from_old_trans_gnaomi_siemens_poem_3.txt,
516,jh_user_50,save,antònia_vicens_i_picornell_roots_from_catalan_trans_laia_sales_merino_poem_2.txt,
517,jh_user_42,save,anonymous_gemini_from_old_trans_gnaomi_siemens_poem_3.txt,
518,jh_user_58,save,armenian_poem_sayat_nova_trans_google.txt,
520,jh_user_18,save,aleš_debeljak_the_woman_who_isnt_there_from_slovenian_trans_brian_henry_poem_4.txt,
524,jh_user_69,save,artur-becker_through-germany-by-train-excerpts.txt,
524,jh_user_31,save,aimé_césaire_to_africa_from_french_trans_a_james_arnold_and_clayton_eshleman_poem_3.txt,
526,jh_user_101,save,almog_behar_3_from_hebrew_trans_shoshana_olidort_poem_3.txt,
527,jh_user_93,save,0_Laabi_A_PortraitDuPere_PortraitFather_trans_P_Joris.txt,
528,jh_user_81,save,0_Laabi_A_PortraitDuPere_PortraitFather_trans_P_Joris.txt,
1039,jh_user_95,save,ashur_etwebi_things_you_can_hear_from_arabic_trans_ashur_etwebi_and_james_byrne_poem_2.txt,
1041,jh_user_18,save,dhsi_information_security_martin.txt,
1043,jh_user_44,save,francisco_paco_urondo_large_calm_eyes_from_spanish_trans_julia_leverone_poem_1.txt,
1047,jh_user_69,save,dhsi_videopoem_pedagogy_cellucci_&_godshall.txt,
1050,jh_user_28,save,dhsi_information_security_martin.txt,
1052,jh_user_67,save,francisco_paco_urondo_large_calm_eyes_from_spanish_trans_julia_leverone_poem_1.txt,
1053,jh_user_21,save,dhsi_videopoem_pedagogy_cellucci_&_godshall.txt,
1053,jh_user_24,save,georgi_gospodinov_god_of_berlin_from_bulgarian_trans_teodora_gandeva_poem_5.txt,
1054,jh_user_74,save,dhsi_pedagogy_of_digitally_oppressed_morford_et_al.txt,
1054,jh_user_1,save,dhsi_pedagogy_of_digitally_oppressed_morford_et_al.txt,
1055,jh_user_92,save,crauss_crepusculum_from_german_trans_mark_kanak_poem_4.txt,
1056,jh_user_57,save,eino-santanen_helsinki-poetry-connection_poetry-and-performance_by-max-oravin.txt,
1056,jh_user_6,save,césar_moro_oh_fury_the_dawn_emerges_from_your_lips_from_spanish_trans_leslie_bary_and_esteban_quispe_poem_1.txt,2.0
1057,jh_user_91,save,atmanam_a_poem_called_a_poem_from_tamil_trans_shriram_sivaramakrishnan_poem_2.txt,2.0
1058,jh_user_63,save,hafez_ghazal_85_from_persian_trans_roger_sedarat_poem_2.txt,
1058,jh_user_16,save,grzegorz_wróblewski_nbsp_nbsp_nbsp_nbsp_nbsp_nbsp_from_polish_trans_piotr_gwiazda_poem_5.txt,
1058,jh_user_22,save,dhsi_gis_gregory_w_perez.txt,
1058,jh_user_67,save,eino-santanen_helsinki-poetry-connection_poetry-and-performance_by-max-oravin.txt,
1058,jh_user_3,save,carlos_de_assumpção_daybreak_or_nightfall_from_portuguese_trans_robert_smith_poem_3.txt,
1059,jh_user_44,save,dhsi_endings_end_archive_project_homes_et_al.txt,2.0
1059,jh_user_67,save,dolors_miquel_nbspnbspscouring_pad_from_catalan_trans_mary_ann_newman_poem_3.txt,
1059,jh_user_19,save,ashur_etwebi_things_you_can_hear_from_arabic_trans_ashur_etwebi_and_james_byrne_poem_2.txt,
1060,jh_user_75,save,grzegorz_wróblewski_nbsp_nbsp_nbsp_nbsp_nbsp_nbsp_from_polish_trans_piotr_gwiazda_poem_5.txt,
1060,jh_user_50,save,david_rosenmanntaub_cxxxiv_from_spanish_trans_iván_brave_poem_3.txt,2.0
1060,jh_user_33,save,dhsi_data_choices_morgan_&_lam.txt,2.0
1060,jh_user_3,save,habib_tengour_conversations_with_calypso_2_from_french_trans_teresa_villaignacio_poem_2.txt,
1062,jh_user_88,save,dhsi_dh_for_japanese_culture_nagasaki_et_al.txt,2.0
1062,jh_user_11,save,emiliulian_sude_that_guy_says_your_colleague_has_cigarettes_from_romanian_trans_diana_manole_poem_4.txt,2.0
1062,jh_user_54,save,emiliulian_sude_that_guy_says_your_colleague_has_cigarettes_from_romanian_trans_diana_manole_poem_4.txt,2.0
1062,jh_user_100,save,dhsi_data_choices_morgan_&_lam.txt,2.0
1063,jh_user_30,save,dhsi_tei_crompton_et_al.txt,2.0
1063,jh_user_95,save,dhsi_indigenous_futurities_brown.txt,2.0
1063,jh_user_19,save,dhsi_2020_covid-19_announcement.txt,
1064,jh_user_44,save,bashkir_childrens_tips_fauziya_yuldashbayeva_trans_yandex.txt,
1064,jh_user_100,save,dhsi_models_liberal_arts_colleges_nieves_&_simons.txt,2.0
1064,jh_user_86,save,claudiu_komartin_emilys_eyes_over_amherst_from_romanian_trans_diana_manole_poem_1.txt,2.0
1064,jh_user_15,save,dhsi_text_mapping_as_modeling_eide.txt,2.0
1064,jh_user_34,save,bashkir_place_of_birth_maksud_sunduklu_trans_yandex.txt,2.0
1064,jh_user_25,save,atmanam_a_poem_called_a_poem_from_tamil_trans_shriram_sivaramakrishnan_poem_2.txt,2.0
1065,jh_user_10,save,dhsi_fundamentals_programming_simpson_&_otis.txt,2.0
1065,jh_user_67,save,emilian_galaicupăun_v_from_romanian_trans_adam_j_sorkin_and_diana_manole_poem_2.txt,2.0
1065,jh_user_19,save,crauss_the_wind_from_german_trans_mark_kanak_poem_5.txt,
1066,jh_user_95,save,dhsi_fundamentals_programming_simpson_&_otis.txt,2.0
1066,jh_user_80,save,dhsi_games_tools_for_research_saklofske.txt,2.0
1066,jh_user_26,save,crauss_crepusculum_from_german_trans_mark_kanak_poem_4.txt,
1066,jh_user_58,save,dhsi_xml_python_meneses.txt,2.0
1066,jh_user_53,save,galina_rymbu_untitled_2_from_russian_trans_joan_brooks_poem_2.txt,2.0
1066,jh_user_9,save,august_bover_summer_from_catalan_trans_kristine_doll_poem_4.txt,2.0
1067,jh_user_101,save,breyten_breytenbach_words_against_the_clouds_from_afrikaans_trans_ampie_coetzee_poem_2.txt,2.0
1067,jh_user_84,save,gur-genc_kiss-my-corpse.txt,
1067,jh_user_10,save,daniela_danz_from_limen_from_german_trans_monika_cassel_poem_1.txt,2.0
1067,jh_user_85,save,ashur_etwebi_things_you_can_hear_from_arabic_trans_ashur_etwebi_and_james_byrne_poem_2.txt,
1067,jh_user_100,save,emilian_galaicupăun_v_from_romanian_trans_adam_j_sorkin_and_diana_manole_poem_2.txt,2.0
1067,jh_user_93,save,gili_haimovich_language_from_hebrew_trans_gili_haimovich_poem_2.txt,
1067,jh_user_24,save,christian-schloyer_dont-look-for-marbles-in-the-riverbed.txt,
1067,jh_user_64,save,ghazal_mosadeq_untitled_1_from_persian_trans_khashayar_kess_mohammadi_poem_1.txt,
1067,jh_user_56,save,erika_burkart_cloudy_day_from_german_trans_marc_vincenz_poem_4.txt,2.0
1067,jh_user_64,save,enver_ali_akova_stuttering_from_turkish_trans_zeynep_özer_poem_5.txt,2.0
1067,jh_user_4,save,han_bo_sent_from_chinese_trans_eleanor_goodman_poem_1.txt,2.0
1067,jh_user_25,save,habib_tengour_autumn_from_french_trans_pierre_joris_poem_3.txt,2.0
1067,jh_user_32,save,chuya_nakahara_exhaustion_from_japanese_trans_christian_nagle_poem_3.txt,2.0
1068,jh_user_93,save,hayashi_amari_from_scent_of_nanako_from_japanese_trans_jon_holt_poem_1.txt,2.0
1068,jh_user_14,save,bashkir_place_of_birth_maksud_sunduklu_trans_yandex.txt,2.0
1068,jh_user_94,save,david_rosenmanntaub_cxxxv_from_spanish_trans_iván_brave_poem_4.txt,
1068,jh_user_45,save,césar_moro_oh_fury_the_dawn_emerges_from_your_lips_from_spanish_trans_leslie_bary_and_esteban_quispe_poem_1.txt,2.0
1068,jh_user_5,save,eduardo_espina_a_strait_poem_from_spanish_trans_daniel_borzutzky_poem_6.txt,2.0
1068,jh_user_41,save,cécile_mainardi_from_im_a_great_actryst_from_french_trans_léon_pradeau_and_clara_nizard_poem_3.txt,2.0
1068,jh_user_56,save,chen_yuhong_geometry_from_chinese_trans_george_oconnell_and_diana_shi_poem_1.txt,2.0
1068,jh_user_55,save,elsa_morante_from_the_chemical_comedy_from_italian_trans_cristina_viti_poem_1.txt,2.0
1068,jh_user_50,save,f_t_marinetti_from_in_search_of_sweet_simultaneity_from_italian_trans_jennifer_scappettone_poem_1.txt,2.0
1069,jh_user_90,save,dhsi_games_tools_for_research_saklofske.txt,2.0
1069,jh_user_64,save,dhsi_data_choices_morgan_&_lam.txt,2.0
1069,jh_user_35,save,elsa_morante_from_the_chemical_comedy_from_italian_trans_cristina_viti_poem_1.txt,2.0
1069,jh_user_56,save,august_bover_summer_from_catalan_trans_kristine_doll_poem_4.txt,2.0
1069,jh_user_62,save,dhsi_tei_crompton_et_al.txt,2.0
1069,jh_user_4,save,georgi_gospodinov_god_of_berlin_from_bulgarian_trans_teodora_gandeva_poem_5.txt,
1069,jh_user_53,save,césar_moro_oh_fury_the_dawn_emerges_from_your_lips_from_spanish_trans_leslie_bary_and_esteban_quispe_poem_1.txt,2.0
1070,jh_user_7,save,dagmara_kraus_nightfender_from_german_trans_joshua_daniel_edwin_poem_4.txt,2.0
1070,jh_user_74,save,atmanam_a_poem_called_a_poem_from_tamil_trans_shriram_sivaramakrishnan_poem_2.txt,2.0
1070,jh_user_30,save,dhsi_models_liberal_arts_colleges_nieves_&_simons.txt,2.0
1070,jh_user_28,save,hayashi_amari_from_scent_of_nanako_from_japanese_trans_jon_holt_poem_1.txt,2.0
1070,jh_user_59,save,crauss_crepusculum_from_german_trans_mark_kanak_poem_4.txt,
1070,jh_user_69,save,gisela_hemau_in_the_vicinity_of_louise_bourgeois_from_german_trans_sara_edinger_poem_1.txt,2.0
1070,jh_user_80,save,ennio_moltedo_6_from_spanish_trans_marguerite_feitlowitz_poem_1.txt,
1070,jh_user_65,save,enver_ali_akova_stuttering_from_turkish_trans_zeynep_özer_poem_5.txt,2.0
1070,jh_user_27,save,dario_bellezza_untitled_3_from_italian_trans_peter_covino_poem_3.txt,2.0
1070,jh_user_8,save,dario_bellezza_fromnbspsecret_deathnbsp1976_from_italian_trans_peter_covino_poem_1.txt,2.0
1070,jh_user_58,save,georgy_ivanov_a_quarter_century_has_passed_from_russian_trans_harry_leeds_poem_1.txt,2.0
1071,jh_user_9,save,hayashi_amari_from_scent_of_nanako_from_japanese_trans_jon_holt_poem_1.txt,2.0
1071,jh_user_8,save,galina_rymbu_they_from_russian_trans_joan_brooks_poem_5.txt,2.0
1071,jh_user_63,save,emilian_galaicupăun_v_from_romanian_trans_adam_j_sorkin_and_diana_manole_poem_1.txt,2.0
1071,jh_user_39,save,dhsi_videopoem_pedagogy_cellucci_&_godshall.txt,
1071,jh_user_40,save,georgi_gospodinov_disbanding_loves_armies_from_bulgarian_trans_teodora_gandeva_poem_3.txt,2.0
1071,jh_user_12,save,chen_yuhong_geometry_from_chinese_trans_george_oconnell_and_diana_shi_poem_1.txt,2.0
1071,jh_user_26,save,claudiu_komartin_emilys_eyes_over_amherst_from_romanian_trans_diana_manole_poem_1.txt,2.0
1072,jh_user_8,save,emilian_galaicupăun_v_from_romanian_trans_adam_j_sorkin_and_diana_manole_poem_1.txt,2.0
1072,jh_user_17,save,dhsi_games_tools_for_research_saklofske.txt,2.0
1072,jh_user_17,save,dagmara_kraus_nightfender_from_german_trans_joshua_daniel_edwin_poem_4.txt,2.0
1072,jh_user_91,save,erika_burkart_cloudy_day_from_german_trans_marc_vincenz_poem_4.txt,2.0
1072,jh_user_65,save,chen_yuhong_geometry_from_chinese_trans_george_oconnell_and_diana_shi_poem_1.txt,2.0
1072,jh_user_82,save,césar_moro_oh_fury_the_dawn_emerges_from_your_lips_from_spanish_trans_leslie_bary_and_esteban_quispe_poem_1.txt,2.0
1072,jh_user_40,save,atmanam_to_burn_this_city_from_tamil_trans_shriram_sivaramakrishnan_poem_1.txt,2.0
1072,jh_user_12,save,ghassan_zaqtan_song_of_the_three_patrols_from_arabic_trans_fady_joudah_poem_3.txt,2.0
1072,jh_user_44,save,franca_mancinelli_you_come_as_the_translation_from_italian_trans_john_taylor_poem_6.txt,2.0
1072,jh_user_59,save,dana_ranga_aquarium_from_german_trans_monika_cassel_poem_1.txt,
1072,jh_user_63,save,claudiu_komartin_untitled_from_romanian_trans_diana_manole_poem_2.txt,2.0
1072,jh_user_41,save,dhsi_text_mapping_as_modeling_eide.txt,2.0
1072,jh_user_49,save,carlos_de_assumpção_crime_from_portuguese_trans_robert_smith_poem_2.txt,2.0
1072,jh_user_37,save,diana_garza_islas_invisible_shoe_or_three_visions_of_a_small_emperor_from_spanish_trans_cal_paule_poem_2.txt,2.0
1073,jh_user_19,save,erika_burkart_cloudy_day_from_german_trans_marc_vincenz_poem_4.txt,2.0
1073,jh_user_12,save,emilio_prados_voice_of_the_light_from_spanish_trans_donald_wellman_poem_4.txt,2.0
1073,jh_user_48,save,galina_rymbu_untitled_2_from_russian_trans_joan_brooks_poem_2.txt,2.0
1073,jh_user_75,save,dhsi_fundamentals_programming_simpson_&_otis.txt,2.0
1073,jh_user_15,save,dhsi_models_liberal_arts_colleges_nieves_&_simons.txt,2.0
1073,jh_user_17,save,francisco_paco_urondo_i_cannot_complain_from_spanish_trans_julia_leverone_poem_2.txt,2.0
1073,jh_user_89,save,elke_erb_for_example_from_german_trans_sara_edinger_poem_3.txt,2.0
1073,jh_user_99,save,gökçenur_ç_resistance_diaries_from_turkish_trans_erik_mortenson_poem_2.txt,2.0
1073,jh_user_31,save,hagiwara_sakutarō_the_tiger_from_japanese_trans_hiroaki_sato_poem_2.txt,2.0
1073,jh_user_91,save,galina_rymbu_untitled_1_from_russian_trans_joan_brooks_poem_1.txt,2.0
1073,jh_user_64,save,bibi_slippers_fromnbspsecond_life_autobiography_from_afrikaans_trans_alice_inggs_poem_4.txt,2.0
1073,jh_user_84,save,christa_i_de_la_cruz_waking_up_from_filipino_trans_ethan_chua_poem_4.txt,2.0
1073,jh_user_96,save,claudiu_komartin_emilys_eyes_over_amherst_from_romanian_trans_diana_manole_poem_1.txt,2.0
1073,jh_user_33,save,atmanam_to_burn_this_city_from_tamil_trans_shriram_sivaramakrishnan_poem_1.txt,2.0
1073,jh_user_62,save,gökçenur_ç_resistance_diaries_from_turkish_trans_erik_mortenson_poem_2.txt,2.0
1074,jh_user_39,save,emilian_galaicupăun_v_from_romanian_trans_adam_j_sorkin_and_diana_manole_poem_1.txt,2.0
1074,jh_user_53,save,georgy_ivanov_a_quarter_century_has_passed_from_russian_trans_harry_leeds_poem_1.txt,2.0
1074,jh_user_72,save,césar_moro_oh_fury_the_dawn_emerges_from_your_lips_from_spanish_trans_leslie_bary_and_esteban_quispe_poem_1.txt,2.0
1074,jh_user_77,save,f_t_marinetti_from_in_search_of_sweet_simultaneity_from_italian_trans_jennifer_scappettone_poem_1.txt,2.0
1074,jh_user_99,save,carlos_de_assumpção_crime_from_portuguese_trans_robert_smith_poem_2.txt,2.0
1075,jh_user_19,save,dhsi_web_APIs_python_smyth_et_al.txt,
1075,jh_user_12,save,dhsi_xml_python_meneses.txt,2.0
1075,jh_user_4,save,césar_vallejo_reputation_theory_from_spanish_trans_joseph_mulligan_poem_4.txt,2.0
1075,jh_user_84,save,eva_tizzani_dead_moths_from_spanish_trans_david_brunson_poem_3.txt,2.0
1075,jh_user_24,save,david_rosenmanntaub_cxxxiv_from_spanish_trans_iván_brave_poem_3.txt,2.0
1075,jh_user_11,save,edith_bruck_to_be_born_by_chance_from_italian_trans_jeanne_bonner_poem_2.txt,2.0
1075,jh_user_95,save,elizaria_flores_chronicles_from_spanish_trans_david_m_brunson_poem_4.txt,2.0
1075,jh_user_52,save,celia_dropkin_i_absorbed_from_yiddish_trans_faith_jones_jennifer_kronovet_and_samuel_solomon_poem_3.txt,2.0
1075,jh_user_83,save,celia_dropkin_my_hands_from_yiddish_trans_faith_jones_jennifer_kronovet_and_samuel_solomon_poem_2.txt,2.0
1075,jh_user_56,save,elsa_morante_from_the_chemical_comedy_from_italian_trans_cristina_viti_poem_1.txt,2.0
1075,jh_user_9,save,asmaa_azaizeh_do_not_believe_me_were_i_to_talk_to_you_of_war_from_arabic_trans_yasmine_haj_poem_1.txt,2.0
1075,jh_user_41,save,emilian_galaicupăun_v_from_romanian_trans_adam_j_sorkin_and_diana_manole_poem_1.txt,2.0
1075,jh_user_86,save,emilian_galaicupăun_v_from_romanian_trans_adam_j_sorkin_and_diana_manole_poem_2.txt,2.0
1075,jh_user_26,save,emiliulian_sude_that_guy_says_your_colleague_has_cigarettes_from_romanian_trans_diana_manole_poem_4.txt,2.0
1075,jh_user_14,save,bùi_chát_source_from_vietnamese_trans_jack_j_huynh_poem_5.txt,
1075,jh_user_65,save,dhsi_predigital_book_inscription_tech_huculak_et_al.txt,2.0
1075,jh_user_95,save,choe_chiwon_by_inspiration_from_chinese_trans_jonathan_chan_poem_1.txt,2.0
1076,jh_user_50,save,elke_erb_for_example_from_german_trans_sara_edinger_poem_3.txt,2.0
1076,jh_user_44,save,bashkir_all_about_you_halim_aydar_trans_yandex.txt,2.0
1076,jh_user_81,save,grzegorz_wróblewski_you_cant_expand_on_this_poem_you_can_only_copy_it_from_the_screen_from_polish_trans_piotr_gwiazda_poem_1.txt,2.0
1076,jh_user_47,save,franca_mancinelli_the_sacrifice_becomes_milk_from_italian_trans_john_taylor_poem_4.txt,2.0
1076,jh_user_44,save,dhsi_indigenous_futurities_brown.txt,2.0
1076,jh_user_3,save,dhsi_stylo_text_editor_sauret_&_vitali-rosati.txt,2.0
1076,jh_user_79,save,dhsi_intro_data_analysis_visualization_in_r_cordell_&_palermo.txt,2.0
1076,jh_user_1,save,carlos_de_assumpção_my_grandparents_from_portuguese_trans_robert_smith_poem_4.txt,2.0
1076,jh_user_39,save,grzegorz_wróblewski_you_cant_expand_on_this_poem_you_can_only_copy_it_from_the_screen_from_polish_trans_piotr_gwiazda_poem_1.txt,2.0
1076,jh_user_5,save,hagiwara_sakutarō_the_tiger_from_japanese_trans_hiroaki_sato_poem_2.txt,2.0
1076,jh_user_52,save,elke_erb_harmony_from_german_trans_shane_anderson_poem_8.txt,2.0
1076,jh_user_6,save,chuya_nakahara_exhaustion_from_japanese_trans_christian_nagle_poem_3.txt,2.0
1076,jh_user_21,save,erika_burkart_work_from_german_trans_marc_vincenz_poem_2.txt,2.0
1076,jh_user_65,save,emilian_galaicupăun_v_from_romanian_trans_adam_j_sorkin_and_diana_manole_poem_2.txt,2.0
1076,jh_user_51,save,ekaterina_derysheva_1_from_unknown_poem_3.txt,
1076,jh_user_13,save,haydar_ergülen_idyllic_ghazal_from_turkish_trans_derick_mattern_poem_4.txt,2.0
1076,jh_user_42,save,dhsi_information_security_martin.txt,
1077,jh_user_54,save,bashkir_all_about_you_halim_aydar_trans_yandex.txt,2.0
1077,jh_user_39,save,balam_rodrigo_remains_identified_of_eight_honduran_migrants_killed_in_mexico_from_spanish_trans_dan_bellm_poem_5.txt,2.0
1077,jh_user_49,save,eduardo_milán_20_from_spanish_trans_john_oliver_simon_poem_1.txt,2.0
1077,jh_user_93,save,balam_rodrigo_remains_identified_of_eight_honduran_migrants_killed_in_mexico_from_spanish_trans_dan_bellm_poem_5.txt,2.0
1077,jh_user_57,save,franca_mancinelli_the_sacrifice_becomes_milk_from_italian_trans_john_taylor_poem_4.txt,2.0
1077,jh_user_6,save,dhsi_games_tools_for_research_saklofske.txt,2.0
1077,jh_user_9,save,astrid_haerens_2_from_flemish_trans_egan_garr_poem_2.txt,2.0
1077,jh_user_16,save,elizaria_flores_ii_from_spanish_trans_david_m_brunson_poem_6.txt,2.0
1077,jh_user_50,save,elizaria_flores_ii_from_spanish_trans_david_m_brunson_poem_6.txt,2.0
1077,jh_user_3,save,dhsi_data_choices_morgan_&_lam.txt,2.0
1077,jh_user_47,save,habib_tengour_autumn_from_french_trans_pierre_joris_poem_3.txt,2.0
1077,jh_user_9,save,dhsi_conference_adho_sig_2020.txt,2.0
1077,jh_user_78,save,david_rosenmanntaub_cxxxiv_from_spanish_trans_iván_brave_poem_3.txt,2.0
1077,jh_user_14,save,eduardo_milán_20_from_spanish_trans_john_oliver_simon_poem_1.txt,2.0
1077,jh_user_33,save,eva_tizzani_kakeche_from_spanish_trans_david_brunson_poem_1.txt,2.0
1077,jh_user_39,save,fabián_severo_twentyseven_from_portunhol_trans_laura_cesarco_eglin_and_jesse_lee_kercheval_poem_4.txt,
1077,jh_user_32,save,godfather_1.txt,2.0
1078,jh_user_27,save,edith_bruck_to_be_born_by_chance_from_italian_trans_jeanne_bonner_poem_2.txt,2.0
1078,jh_user_4,save,elizaria_flores_chronicles_from_spanish_trans_david_m_brunson_poem_4.txt,2.0
1078,jh_user_72,save,breyten_breytenbach_words_against_the_clouds_from_afrikaans_trans_ampie_coetzee_poem_2.txt,2.0
1078,jh_user_17,save,galina_rymbu_untitled_1_from_russian_trans_joan_brooks_poem_1.txt,2.0
1078,jh_user_37,save,dhsi_tei_crompton_et_al.txt,2.0
1078,jh_user_91,save,franca_mancinelli_the_sacrifice_becomes_milk_from_italian_trans_john_taylor_poem_4.txt,2.0
1078,jh_user_10,save,dhsi_music_encoding_duguid_&_viglianti.txt,2.0
1078,jh_user_20,save,dhsi_lamp_infrastructure_martin.txt,
1078,jh_user_76,save,dhsi_intro_network_analysis_otis.txt,2.0
1078,jh_user_5,save,dhsi_endings_end_archive_project_homes_et_al.txt,2.0
1078,jh_user_81,save,habib_tengour_autumn_from_french_trans_pierre_joris_poem_3.txt,2.0
1078,jh_user_8,save,dhsi_dh_for_japanese_culture_nagasaki_et_al.txt,2.0
1078,jh_user_75,save,habib_tengour_autumn_from_french_trans_pierre_joris_poem_3.txt,2.0
1078,jh_user_37,save,christa_i_de_la_cruz_airport_from_filipino_trans_ethan_chua_poem_2.txt,2.0
1078,jh_user_34,save,dhsi_conference_adho_sig_2020.txt,2.0
1078,jh_user_87,save,dagmara_kraus_nightfender_from_german_trans_joshua_daniel_edwin_poem_4.txt,2.0
1078,jh_user_20,save,dhsi_pedagogy_of_digitally_oppressed_morford_et_al.txt,
1078,jh_user_21,save,elsa_morante_from_the_chemical_comedy_from_italian_trans_cristina_viti_poem_1.txt,2.0
1078,jh_user_20,save,georgi_gospodinov_disbanding_loves_armies_from_bulgarian_trans_teodora_gandeva_poem_3.txt,2.0
1079,jh_user_96,save,bùi_chát_source_from_vietnamese_trans_jack_j_huynh_poem_5.txt,
1079,jh_user_53,save,elizaria_flores_river_from_spanish_trans_david_m_brunson_poem_1.txt,2.0
1079,jh_user_74,save,atmanam_to_burn_this_city_from_tamil_trans_shriram_sivaramakrishnan_poem_1.txt,2.0
1079,jh_user_55,save,georgy_ivanov_how_fussy_from_russian_trans_harry_leeds_poem_2.txt,2.0
1079,jh_user_49,save,celia_dropkin_my_hands_from_yiddish_trans_faith_jones_jennifer_kronovet_and_samuel_solomon_poem_2.txt,2.0
1079,jh_user_83,save,breyten_breytenbach_a_footnote_under_the_night_of_history_from_afrikaans_trans_ampie_coetzee_poem_1.txt,2.0
1079,jh_user_12,save,dario_bellezza_fromnbspsecret_deathnbsp1976_from_italian_trans_peter_covino_poem_1.txt,2.0
1079,jh_user_8,save,grzegorz_wróblewski_you_cant_expand_on_this_poem_you_can_only_copy_it_from_the_screen_from_polish_trans_piotr_gwiazda_poem_1.txt,2.0
1079,jh_user_28,save,dario_bellezza_fromnbspsecret_deathnbsp1976_from_italian_trans_peter_covino_poem_1.txt,2.0
1079,jh_user_64,save,blanca_varela_no_date_from_spanish_trans_vered_engelhard_poem_2.txt,2.0
1079,jh_user_58,save,claude_ber_cutout_1_from_french_trans_elodie_olsoncoons_poem_1.txt,2.0
1079,jh_user_16,save,barbi-markovic_excerpt-from-superheldinnen.txt,2.0
1079,jh_user_21,save,franca_mancinelli_the_sacrifice_becomes_milk_from_italian_trans_john_taylor_poem_4.txt,2.0
1079,jh_user_84,save,claude_ber_cutout_1_from_french_trans_elodie_olsoncoons_poem_1.txt,2.0
1079,jh_user_99,save,dhsi_2020_ideah.txt,2.0
1079,jh_user_92,save,hatem_alzahrani_ii_from_arabic_trans_moneera_alghadeer_poem_2.txt,2.0
1080,jh_user_55,save,dhsi_conceptualizing_creating_a_digital_edition_stertzer_&_wasmoen.txt,2.0
1080,jh_user_54,save,astrid_haerens_3_from_flemish_trans_egan_garr_poem_3.txt,2.0
1080,jh_user_43,save,eva_tizzani_dead_moths_from_spanish_trans_david_brunson_poem_3.txt,2.0
1080,jh_user_44,save,francisca_aguirre_masterpiece_from_spanish_trans_montana_ray_poem_1.txt,2.0
1080,jh_user_32,save,franca_mancinelli_you_come_as_the_translation_from_italian_trans_john_taylor_poem_6.txt,2.0
1080,jh_user_33,save,barbi-markovic_excerpt-from-superheldinnen.txt,2.0
1080,jh_user_81,save,balam_rodrigo_sermon_of_the_migrant_beneath_a_ceiba_tree_from_spanish_trans_dan_bellm_poem_2.txt,2.0
1080,jh_user_18,save,bc_malahat_hoefle_&_ritland_rev_by_flemmer_2019.txt,2.0
1080,jh_user_33,save,dhsi_conceptualizing_creating_a_digital_edition_stertzer_&_wasmoen.txt,2.0
1080,jh_user_11,save,galina_rymbu_they_from_russian_trans_joan_brooks_poem_5.txt,2.0
1080,jh_user_68,save,david_rosenmanntaub_cxxxv_from_spanish_trans_iván_brave_poem_4.txt,
1080,jh_user_7,save,dhsi_music_encoding_duguid_&_viglianti.txt,2.0
1080,jh_user_45,save,diana_garza_islas_invisible_shoe_or_three_visions_of_a_small_emperor_from_spanish_trans_cal_paule_poem_2.txt,2.0
1080,jh_user_39,save,dhsi_dh_for_japanese_culture_nagasaki_et_al.txt,2.0
1080,jh_user_101,save,balam_rodrigo_remains_identified_of_eight_honduran_migrants_killed_in_mexico_from_spanish_trans_dan_bellm_poem_5.txt,2.0
1080,jh_user_46,save,elizaria_flores_river_from_spanish_trans_david_m_brunson_poem_1.txt,2.0
1080,jh_user_6,save,habib_tengour_autumn_from_french_trans_pierre_joris_poem_3.txt,2.0
1080,jh_user_59,save,franca_mancinelli_sprouting_up_from_my_solesnbspnbspnbspnbspnbspnbsp_from_italian_trans_john_taylor_poem_3.txt,2.0
1081,jh_user_36,save,dhsi_conceptualizing_creating_a_digital_edition_stertzer_&_wasmoen.txt,2.0
1081,jh_user_15,save,asmaa_azaizeh_myth_from_arabic_trans_yasmine_seale_poem_6.txt,2.0
1081,jh_user_9,save,dhsi_sound_&_dh_barber.txt,2.0
1081,jh_user_20,save,dhsi_data_choices_morgan_&_lam.txt,2.0
1081,jh_user_24,save,astrid_haerens_1_from_flemish_trans_egan_garr_poem_1.txt,2.0
1081,jh_user_95,save,fabio_pusterla_zurich_hb_from_italian_trans_damiano_abeni_and_moira_egan_poem_4.txt,
1081,jh_user_22,save,emiliulian_sude_the_cleaning_lady_is_green_despite_her_blue_eyes_from_romanian_trans_diana_manole_poem_3.txt,2.0
1081,jh_user_20,save,breyten_breytenbach_a_footnote_under_the_night_of_history_from_afrikaans_trans_ampie_coetzee_poem_1.txt,2.0
1081,jh_user_86,save,ghassan_zaqtan_children_of_palm_trees_from_arabic_trans_fady_joudah_poem_4.txt,
1081,jh_user_29,save,flávio_de_araújo_the_man_mending_his_net_from_portuguese_trans_rachel_morgensternclarren_poem_1.txt,2.0
1081,jh_user_96,save,atmanam_a_poem_called_a_poem_from_tamil_trans_shriram_sivaramakrishnan_poem_2.txt,2.0
1081,jh_user_17,save,edith_bruck_to_be_born_by_chance_from_italian_trans_jeanne_bonner_poem_2.txt,2.0
1081,jh_user_55,save,dhsi_indigenous_futurities_brown.txt,2.0
1081,jh_user_47,save,elke_erb_going_out_from_german_trans_shane_anderson_poem_1.txt,2.0
1081,jh_user_71,save,choe_chiwon_being_at_ease_in_late_spring_to_my_friend_gu_yun_from_chinese_trans_jonathan_chan_poem_3.txt,2.0
1081,jh_user_99,save,blanca_varela_no_date_from_spanish_trans_vered_engelhard_poem_2.txt,2.0
1081,jh_user_7,save,choe_chiwon_being_at_ease_in_late_spring_to_my_friend_gu_yun_from_chinese_trans_jonathan_chan_poem_3.txt,2.0
1081,jh_user_66,save,galina_rymbu_untitled_1_from_russian_trans_joan_brooks_poem_1.txt,2.0
1081,jh_user_17,save,han_bo_sent_from_chinese_trans_eleanor_goodman_poem_1.txt,2.0
1081,jh_user_69,save,georgy_ivanov_how_fussy_from_russian_trans_harry_leeds_poem_2.txt,2.0
1081,jh_user_2,save,balam_rodrigo_migrants_prayer_from_spanish_trans_dan_bellm_poem_3.txt,2.0
1081,jh_user_99,save,francisca_aguirre_masterpiece_from_spanish_trans_montana_ray_poem_1.txt,2.0
1081,jh_user_95,save,francisco_paco_urondo_i_cannot_complain_from_spanish_trans_julia_leverone_poem_2.txt,2.0
1081,jh_user_9,save,francisca_aguirre_masterpiece_from_spanish_trans_montana_ray_poem_1.txt,2.0
1082,jh_user_87,save,asmaa_azaizeh_myth_from_arabic_trans_yasmine_seale_poem_6.txt,2.0
1082,jh_user_46,save,gur-genc_kiss-my-corpse.txt,
1082,jh_user_61,save,dhsi_music_encoding_duguid_&_viglianti.txt,2.0
1082,jh_user_8,save,dhsi_endings_end_archive_project_homes_et_al.txt,2.0
1082,jh_user_78,save,cécile_mainardi_from_im_a_great_actryst_from_french_trans_léon_pradeau_and_clara_nizard_poem_3.txt,2.0
1082,jh_user_27,save,hagiwara_sakutarō_the_tiger_from_japanese_trans_hiroaki_sato_poem_2.txt,2.0
1082,jh_user_50,save,dhsi_2020_ideah.txt,2.0
1082,jh_user_72,save,dhsi_text_processing_techniques_traditions_maxwell.txt,2.0
1082,jh_user_40,save,francisco_paco_urondo_large_calm_eyes_from_spanish_trans_julia_leverone_poem_1.txt,
1082,jh_user_38,save,dhsi_sound_&_dh_barber.txt,2.0
1082,jh_user_92,save,health.txt,2.0
1082,jh_user_78,save,emilian_galaicupăun_v_from_romanian_trans_adam_j_sorkin_and_diana_manole_poem_1.txt,2.0
1082,jh_user_78,save,galina_rymbu_untitled_2_from_russian_trans_joan_brooks_poem_2.txt,2.0
1082,jh_user_48,save,dhsi_tei_crompton_et_al.txt,2.0
1082,jh_user_58,save,dhsi_sound_&_dh_barber.txt,2.0
1082,jh_user_48,save,dmitri_alexandrovich_prigov_untitled_3_from_russian_trans_simon_schuchat_poem_3.txt,2.0
1082,jh_user_76,save,astrid_haerens_2_from_flemish_trans_egan_garr_poem_2.txt,2.0
1082,jh_user_81,save,dhsi_knits_textiles_technology_johanson_&_dudley.txt,2.0
1083,jh_user_80,save,bashkir_place_of_birth_maksud_sunduklu_trans_yandex.txt,2.0
1083,jh_user_34,save,enver_ali_akova_stuttering_from_turkish_trans_zeynep_özer_poem_5.txt,2.0
1083,jh_user_23,save,césar_vallejo_explanation_of_the_red_army_from_spanish_trans_joseph_mulligan_poem_3.txt,2.0
1083,jh_user_77,save,carlos_de_assumpção_daybreak_or_nightfall_from_portuguese_trans_robert_smith_poem_3.txt,
1083,jh_user_30,save,choe_chiwon_presenting_feelings_to_the_chief_marshal_from_chinese_trans_jonathan_chan_poem_2.txt,2.0
1083,jh_user_27,save,hafez_ghazal_85_from_persian_trans_roger_sedarat_poem_2.txt,
1083,jh_user_83,save,elsa_morante_from_the_chemical_comedy_from_italian_trans_cristina_viti_poem_1.txt,2.0
1083,jh_user_77,save,august_bover_winter_from_catalan_trans_kristine_doll_poem_2.txt,2.0
1083,jh_user_27,save,claude_ber_cutout_1_from_french_trans_elodie_olsoncoons_poem_1.txt,2.0
1083,jh_user_23,save,astrid_haerens_3_from_flemish_trans_egan_garr_poem_3.txt,2.0
1083,jh_user_64,save,dmitri_alexandrovich_prigov_unbelievable_stories_from_russian_trans_simon_schuchat_poem_1.txt,2.0
1083,jh_user_65,save,enver_ali_akova_no_fish_at_all_from_turkish_trans_zeynep_özer_poem_2.txt,2.0
1083,jh_user_25,save,bibi_slippers_from_mix_tape_from_afrikaans_trans_alice_inggs_poem_1.txt,2.0
1083,jh_user_54,save,bùi_chát_exercise_to_unify_the_grammifying_lexicona_silence_which_merits_from_vietnamese_trans_jack_j_huynh_poem_1.txt,2.0
1083,jh_user_39,save,emilio_prados_voice_of_the_light_from_spanish_trans_donald_wellman_poem_4.txt,2.0
1083,jh_user_76,save,eduardo_milán_20_from_spanish_trans_john_oliver_simon_poem_1.txt,2.0
1083,jh_user_81,save,chuya_nakahara_song_of_upbringing_from_japanese_trans_christian_nagle_poem_1.txt,2.0
1084,jh_user_63,save,galina_rymbu_untitled_1_from_russian_trans_joan_brooks_poem_1.txt,2.0
1084,jh_user_15,save,franca_mancinelli_sprouting_up_from_my_solesnbspnbspnbspnbspnbspnbsp_from_italian_trans_john_taylor_poem_3.txt,2.0
1084,jh_user_91,save,clemens-schittko_duodenal-exercise.txt,2.0
1084,jh_user_5,save,elsa_morante_from_the_chemical_comedy_from_italian_trans_cristina_viti_poem_1.txt,2.0
1084,jh_user_6,save,dhsi_text_mapping_as_modeling_eide.txt,2.0
1084,jh_user_42,save,elke_erb_for_example_from_german_trans_sara_edinger_poem_3.txt,2.0
1084,jh_user_11,save,georgy_ivanov_a_quarter_century_has_passed_from_russian_trans_harry_leeds_poem_1.txt,2.0
1084,jh_user_58,save,dhsi_data_choices_morgan_&_lam.txt,2.0
1084,jh_user_74,save,celia_dropkin_i_absorbed_from_yiddish_trans_faith_jones_jennifer_kronovet_and_samuel_solomon_poem_3.txt,2.0
1084,jh_user_29,save,chen_yuhong_geometry_from_chinese_trans_george_oconnell_and_diana_shi_poem_1.txt,2.0
1084,jh_user_63,save,elke_erb_for_example_from_german_trans_sara_edinger_poem_3.txt,2.0
1084,jh_user_74,save,dario_bellezza_untitled_3_from_italian_trans_peter_covino_poem_3.txt,2.0
1084,jh_user_64,save,dhsi_intro_to_iiif_robson_et_al.txt,2.0
1084,jh_user_59,save,casablanca_spanish.txt,2.0
1084,jh_user_31,save,gökçenur_ç_resistance_diaries_from_turkish_trans_erik_mortenson_poem_2.txt,2.0
1084,jh_user_63,save,balam_rodrigo_remains_identified_of_eight_honduran_migrants_killed_in_mexico_from_spanish_trans_dan_bellm_poem_5.txt,2.0
1084,jh_user_77,save,astrid_haerens_2_from_flemish_trans_egan_garr_poem_2.txt,2.0
1084,jh_user_7,save,franca_mancinelli_sprouting_up_from_my_solesnbspnbspnbspnbspnbspnbsp_from_italian_trans_john_taylor_poem_3.txt,2.0
1084,jh_user_68,save,dhsi_predigital_book_inscription_tech_huculak_et_al.txt,2.0
1084,jh_user_97,save,david_rosenmanntaub_cxxxv_from_spanish_trans_iván_brave_poem_4.txt,
1084,jh_user_50,save,dario_bellezza_untitled_3_from_italian_trans_peter_covino_poem_3.txt,2.0
1084,jh_user_80,save,grzegorz_wróblewski_young_and_old_in_the_park_from_polish_trans_piotr_gwiazda_poem_3.txt,2.0
1084,jh_user_95,save,balam_rodrigo_migrants_prayer_from_spanish_trans_dan_bellm_poem_3.txt,2.0
1084,jh_user_57,save,eduardo_milán_20_from_spanish_trans_john_oliver_simon_poem_1.txt,2.0
1084,jh_user_7,save,christa_i_de_la_cruz_airport_from_filipino_trans_ethan_chua_poem_2.txt,2.0
1084,jh_user_24,save,césar_vallejo_the_head_and_feet_of_dialectics_from_spanish_trans_joseph_mulligan_poem_2.txt,2.0
1084,jh_user_19,save,gelsys_garcía_lorenzo_dont_stop_it_from_spanish_trans_maria_grau_perejoan_and_loretta_collins_klobah_poem_3.txt,
1084,jh_user_88,save,ghassan_zaqtan_song_of_the_three_patrols_from_arabic_trans_fady_joudah_poem_3.txt,2.0
1084,jh_user_91,save,ghassan_zaqtan_song_of_the_three_patrols_from_arabic_trans_fady_joudah_poem_3.txt,2.0
1084,jh_user_98,save,habib_tengour_autumn_from_french_trans_pierre_joris_poem_3.txt,2.0
1084,jh_user_99,save,dhsi_web_APIs_python_smyth_et_al.txt,
1084,jh_user_42,save,dhsi_models_liberal_arts_colleges_nieves_&_simons.txt,2.0
1085,jh_user_7,save,elizaria_flores_chronicles_from_spanish_trans_david_m_brunson_poem_4.txt,2.0
1085,jh_user_61,save,balam_rodrigo_sermon_of_the_migrant_beneath_a_ceiba_tree_from_spanish_trans_dan_bellm_poem_2.txt,2.0
1085,jh_user_42,save,emiliulian_sude_that_guy_says_your_colleague_has_cigarettes_from_romanian_trans_diana_manole_poem_4.txt,2.0
1085,jh_user_8,save,bùi_chát_exercise_to_unify_the_grammifying_lexicona_silence_which_merits_from_vietnamese_trans_jack_j_huynh_poem_1.txt,2.0
1085,jh_user_52,save,han_bo_substitution_from_chinese_trans_eleanor_goodman_poem_6.txt,2.0
1085,jh_user_48,save,bùi_chát_exercise_to_unify_the_grammifying_lexicona_silence_which_merits_from_vietnamese_trans_jack_j_huynh_poem_1.txt,2.0
1085,jh_user_38,save,dario_bellezza_untitled_3_from_italian_trans_peter_covino_poem_3.txt,2.0
1085,jh_user_13,save,astrid_haerens_3_from_flemish_trans_egan_garr_poem_3.txt,2.0
1085,jh_user_97,save,gur-genc_kiss-my-corpse.txt,
1085,jh_user_28,save,august_bover_autumn_from_catalan_trans_kristine_doll_poem_1.txt,2.0
1085,jh_user_90,save,emiliulian_sude_the_cleaning_lady_is_green_despite_her_blue_eyes_from_romanian_trans_diana_manole_poem_3.txt,2.0
1085,jh_user_84,save,dhsi_games_tools_for_research_saklofske.txt,2.0
1085,jh_user_6,save,eva_tizzani_dead_moths_from_spanish_trans_david_brunson_poem_3.txt,2.0
1085,jh_user_59,save,chuya_nakahara_exhaustion_from_japanese_trans_christian_nagle_poem_3.txt,2.0
1085,jh_user_14,save,health.txt,2.0
1085,jh_user_39,save,elke_erb_harmony_from_german_trans_shane_anderson_poem_8.txt,2.0
1085,jh_user_32,save,bashkir_reflections_gaynan_amiri_trans_yandex.txt,2.0
1085,jh_user_84,save,dhsi_data_choices_morgan_&_lam.txt,2.0
1085,jh_user_81,save,dhsi_intro_data_analysis_visualization_in_r_cordell_&_palermo.txt,2.0
1085,jh_user_68,save,erika_burkart_cloudy_day_from_german_trans_marc_vincenz_poem_4.txt,2.0
1085,jh_user_6,save,constantine_p_cavafy_in_the_dives_from_greek_trans_george_economou_poem_1.txt,2.0
1085,jh_user_35,save,elke_erb_inscription_under_the_skin_from_german_trans_shane_anderson_poem_6.txt,2.0
1085,jh_user_5,save,casablanca_spanish.txt,2.0
1085,jh_user_26,save,choe_chiwon_presenting_feelings_to_the_chief_marshal_from_chinese_trans_jonathan_chan_poem_2.txt,2.0
1085,jh_user_11,save,choe_chiwon_being_at_ease_in_late_spring_to_my_friend_gu_yun_from_chinese_trans_jonathan_chan_poem_3.txt,2.0
1085,jh_user_95,save,bashkir_reflections_gaynan_amiri_trans_yandex.txt,2.0
1085,jh_user_38,save,bashkir_false_information_akyondoz_trans_yandex.txt,2.0
1085,jh_user_61,save,eino-santanen_banknote-poetry_finland.txt,2.0
1086,jh_user_101,save,gunnar_wærness_business_of_the_dead__july_26_2016_from_norwegian_trans_gabriel_gudding_poem_4.txt,2.0
1086,jh_user_35,save,dmitri_alexandrovich_prigov_untitled_4_from_russian_trans_simon_schuchat_poem_4.txt,2.0
1086,jh_user_79,save,astrid_haerens_3_from_flemish_trans_egan_garr_poem_3.txt,2.0
1086,jh_user_11,save,celia_dropkin_my_hands_from_yiddish_trans_faith_jones_jennifer_kronovet_and_samuel_solomon_poem_2.txt,2.0
1086,jh_user_74,save,casablanca_spanish.txt,2.0
1086,jh_user_91,save,bruna_beber_23_from_portuguese_trans_sarah_rebecca_kersley_poem_3.txt,2.0
1086,jh_user_54,save,gelsys_garcía_lorenzo_the_three_automatons_from_spanish_trans_maria_grau_perejoan_and_loretta_collins_klobah_poem_4.txt,2.0
1086,jh_user_4,save,gunnar_wærness_business_of_the_dead__july_26_2016_from_norwegian_trans_gabriel_gudding_poem_4.txt,2.0
1086,jh_user_46,save,casablanca_spanish.txt,2.0
1086,jh_user_80,save,gökçenur_ç_resistance_diaries_from_turkish_trans_erik_mortenson_poem_2.txt,2.0
1086,jh_user_74,save,dhsi_out-of-the-box_text_analysis_hoover.txt,
1086,jh_user_15,save,elke_erb_warning_from_german_trans_shane_anderson_poem_10.txt,2.0
1086,jh_user_76,save,emiliulian_sude_that_guy_says_your_colleague_has_cigarettes_from_romanian_trans_diana_manole_poem_4.txt,2.0
1086,jh_user_79,save,choe_chiwon_by_inspiration_from_chinese_trans_jonathan_chan_poem_1.txt,2.0
1086,jh_user_79,save,gertrud_kolmar_mourning_play_from_german_trans_anna_henke_and_julia_gutterman_poem_1.txt,2.0
1086,jh_user_27,save,ghassan_zaqtan_the_strangers_song_from_arabic_trans_fady_joudah_poem_2.txt,2.0
1086,jh_user_87,save,barbi-markovic_excerpt-from-superheldinnen.txt,2.0
1086,jh_user_72,save,choe_chiwon_by_inspiration_from_chinese_trans_jonathan_chan_poem_1.txt,2.0
1086,jh_user_31,save,eva_tizzani_kakeche_from_spanish_trans_david_brunson_poem_1.txt,2.0
1086,jh_user_35,save,f_t_marinetti_from_in_search_of_sweet_simultaneity_from_italian_trans_jennifer_scappettone_poem_1.txt,2.0
1086,jh_user_93,save,francisco_paco_urondo_i_cannot_complain_from_spanish_trans_julia_leverone_poem_2.txt,2.0
1086,jh_user_100,save,han_bo_substitution_from_chinese_trans_eleanor_goodman_poem_6.txt,2.0
1086,jh_user_93,save,crauss_a_bit_late_from_german_trans_mark_kanak_poem_3.txt,2.0
1087,jh_user_16,save,ghassan_zaqtan_return_from_arabic_trans_fady_joudah_poem_1.txt,2.0
1087,jh_user_101,save,césar_vallejo_the_head_and_feet_of_dialectics_from_spanish_trans_joseph_mulligan_poem_2.txt,2.0
1087,jh_user_31,save,dhsi_2020_about.txt,2.0
1087,jh_user_77,save,august_bover_summer_from_catalan_trans_kristine_doll_poem_4.txt,2.0
1087,jh_user_33,save,fabio_pusterla_the_blackboard_janitor_from_italian_trans_damiano_abeni_and_moira_egan_poem_3.txt,2.0
1087,jh_user_6,save,choe_chiwon_presenting_feelings_to_the_chief_marshal_from_chinese_trans_jonathan_chan_poem_2.txt,2.0
1087,jh_user_72,save,chuya_nakahara_exhaustion_from_japanese_trans_christian_nagle_poem_3.txt,2.0
1087,jh_user_26,save,dario_bellezza_untitled_3_from_italian_trans_peter_covino_poem_3.txt,2.0
1087,jh_user_78,save,haydar_ergülen_idyllic_ghazal_from_turkish_trans_derick_mattern_poem_4.txt,2.0
1087,jh_user_6,save,bruna_beber_23_from_portuguese_trans_sarah_rebecca_kersley_poem_3.txt,2.0
1087,jh_user_41,save,francisca_aguirre_masterpiece_from_spanish_trans_montana_ray_poem_1.txt,2.0
1087,jh_user_99,save,ghassan_zaqtan_return_from_arabic_trans_fady_joudah_poem_1.txt,2.0
1087,jh_user_58,save,balam_rodrigo_sermon_of_the_migrant_beneath_a_ceiba_tree_from_spanish_trans_dan_bellm_poem_2.txt,2.0
1087,jh_user_100,save,bachtyar_ali_i_do_not_remember_this_city_from_kurdish_trans_dilan_qadir_poem_2.txt,2.0
1087,jh_user_57,save,bashkir_reflections_gaynan_amiri_trans_yandex.txt,2.0
1087,jh_user_26,save,hagiwara_sakutarō_the_tiger_from_japanese_trans_hiroaki_sato_poem_2.txt,2.0
1087,jh_user_99,save,astrid_haerens_1_from_flemish_trans_egan_garr_poem_1.txt,2.0
1087,jh_user_72,save,atmanam_to_burn_this_city_from_tamil_trans_shriram_sivaramakrishnan_poem_1.txt,2.0
1087,jh_user_41,save,gertrud_kolmar_mourning_play_from_german_trans_anna_henke_and_julia_gutterman_poem_1.txt,2.0
1087,jh_user_50,save,christa_i_de_la_cruz_waking_up_from_filipino_trans_ethan_chua_poem_4.txt,2.0
1087,jh_user_59,save,dhsi_conceptualizing_creating_a_digital_edition_stertzer_&_wasmoen.txt,2.0
1087,jh_user_96,save,haydar_ergülen_brothers_of_ashnbsp_from_turkish_trans_derick_mattern_poem_5.txt,2.0
1087,jh_user_50,save,claudina_domingo_solitudes_from_spanish_trans_ryan_greene_poem_2.txt,2.0
1087,jh_user_33,save,balam_rodrigo_remains_identified_of_eight_honduran_migrants_killed_in_mexico_from_spanish_trans_dan_bellm_poem_5.txt,2.0
1087,jh_user_83,save,dhsi_stylometry_w_r_eder_&_byszuk.txt,2.0
1087,jh_user_68,save,dhsi_teaching_h_to_generation_z_puchkovskaya.txt,2.0
1087,jh_user_30,save,asmaa_azaizeh_do_not_believe_me_were_i_to_talk_to_you_of_war_from_arabic_trans_yasmine_haj_poem_1.txt,2.0
1087,jh_user_3,save,dmitri_alexandrovich_prigov_untitled_3_from_russian_trans_simon_schuchat_poem_3.txt,2.0
1087,jh_user_81,save,elke_erb_not_having_the_word_from_german_trans_shane_anderson_poem_9.txt,2.0
1087,jh_user_13,save,balam_rodrigo_sermon_of_the_migrant_beneath_a_ceiba_tree_from_spanish_trans_dan_bellm_poem_2.txt,2.0
1087,jh_user_90,save,hayashi_amari_from_scent_of_nanako_from_japanese_trans_jon_holt_poem_1.txt,2.0
1088,jh_user_3,save,bibi_slippers_from_mix_tape_from_afrikaans_trans_alice_inggs_poem_1.txt,2.0
1088,jh_user_27,save,asmaa_azaizeh_myth_from_arabic_trans_yasmine_seale_poem_6.txt,2.0
1088,jh_user_30,save,astrid_haerens_2_from_flemish_trans_egan_garr_poem_2.txt,2.0
1088,jh_user_1,save,asmaa_azaizeh_metaphor_from_arabic_trans_yasmine_seale_poem_1.txt,2.0
1088,jh_user_69,save,clemens-schittko_duodenal-exercise.txt,2.0
1088,jh_user_101,save,franca_mancinelli_sprouting_up_from_my_solesnbspnbspnbspnbspnbspnbsp_from_italian_trans_john_taylor_poem_3.txt,2.0
1088,jh_user_66,save,dmitri_alexandrovich_prigov_untitled_3_from_russian_trans_simon_schuchat_poem_3.txt,2.0
1088,jh_user_53,save,asmaa_azaizeh_myth_from_arabic_trans_yasmine_seale_poem_6.txt,2.0
1088,jh_user_7,save,haydar_ergülen_youyouyou_ghazal_from_turkish_trans_derick_mattern_poem_2.txt,
1088,jh_user_12,save,dhsi_intro_network_analysis_otis.txt,2.0
1088,jh_user_78,save,carlos_de_assumpção_crime_from_portuguese_trans_robert_smith_poem_2.txt,2.0
1088,jh_user_47,save,dhsi_processing_humanities_multimedia_evans_&_romphf.txt,2.0
1088,jh_user_74,save,chen_yuhong_geometry_from_chinese_trans_george_oconnell_and_diana_shi_poem_1.txt,2.0
1088,jh_user_64,save,flávio_de_araújo_no_one_plants_fish_in_the_sea_from_portuguese_trans_rachel_morgensternclarren_poem_3.txt,2.0
1088,jh_user_68,save,choe_chiwon_by_inspiration_from_chinese_trans_jonathan_chan_poem_1.txt,2.0
1088,jh_user_84,save,hagiwara_sakutarō_the_tiger_from_japanese_trans_hiroaki_sato_poem_2.txt,2.0
1088,jh_user_44,save,césar_vallejo_xv_from_spanish_trans_césar_jumpa_sánchez_poem_2.txt,2.0
1088,jh_user_30,save,breyten_breytenbach_words_against_the_clouds_from_afrikaans_trans_ampie_coetzee_poem_2.txt,2.0
1088,jh_user_83,save,hatem_alzahrani_iv_from_arabic_trans_moneera_alghadeer_poem_4.txt,2.0
1088,jh_user_97,save,claudiu_komartin_emilys_eyes_over_amherst_from_romanian_trans_diana_manole_poem_1.txt,2.0
1088,jh_user_97,save,breyten_breytenbach_words_against_the_clouds_from_afrikaans_trans_ampie_coetzee_poem_2.txt,2.0
1088,jh_user_74,save,han_bo_sent_from_chinese_trans_eleanor_goodman_poem_1.txt,2.0
1088,jh_user_19,save,dhsi_critical_pedagogy_&_digi_praxis_friend_&_gilliard.txt,
1088,jh_user_68,save,chuya_nakahara_exhaustion_from_japanese_trans_christian_nagle_poem_3.txt,2.0
1088,jh_user_3,save,gennady_aygi_to_max_ernst_a_twinrose_from_russian_trans_alex_cigale_poem_5.txt,2.0
1088,jh_user_34,save,august_bover_summer_from_catalan_trans_kristine_doll_poem_4.txt,2.0
1088,jh_user_48,save,dhsi_sound_&_dh_barber.txt,2.0
1088,jh_user_90,save,hatem_alzahrani_iv_from_arabic_trans_moneera_alghadeer_poem_4.txt,2.0
1088,jh_user_88,save,hatem_alzahrani_ii_from_arabic_trans_moneera_alghadeer_poem_2.txt,2.0
1089,jh_user_36,save,ghassan_zaqtan_song_of_the_three_patrols_from_arabic_trans_fady_joudah_poem_3.txt,2.0
1089,jh_user_83,save,crauss_a_bit_late_from_german_trans_mark_kanak_poem_3.txt,2.0
1089,jh_user_89,save,dmitri_alexandrovich_prigov_untitled_3_from_russian_trans_simon_schuchat_poem_3.txt,2.0
1089,jh_user_27,save,emilio_prados_voice_of_the_light_from_spanish_trans_donald_wellman_poem_4.txt,2.0
1089,jh_user_87,save,haydar_ergülen_brothers_of_ashnbsp_from_turkish_trans_derick_mattern_poem_5.txt,2.0
1089,jh_user_23,save,ashur_etwebi_tawirghean_from_arabic_trans_ashur_etwebi_and_james_byrne_poem_3.txt,
1089,jh_user_18,save,han_bo_sent_from_chinese_trans_eleanor_goodman_poem_1.txt,2.0
1089,jh_user_1,save,enver_ali_akova_no_fish_at_all_from_turkish_trans_zeynep_özer_poem_2.txt,2.0
1089,jh_user_29,save,august_bover_summer_from_catalan_trans_kristine_doll_poem_4.txt,2.0
1089,jh_user_16,save,bachtyar_ali_i_do_not_remember_this_city_from_kurdish_trans_dilan_qadir_poem_2.txt,2.0
1089,jh_user_57,save,dhsi_teaching_h_to_generation_z_puchkovskaya.txt,2.0
1089,jh_user_89,save,dhsi_intro_to_iiif_robson_et_al.txt,2.0
1089,jh_user_18,save,casablanca_spanish.txt,2.0
1089,jh_user_99,save,dhsi_tei_crompton_et_al.txt,2.0
1089,jh_user_23,save,eva_tizzani_kakeche_from_spanish_trans_david_brunson_poem_1.txt,2.0
1089,jh_user_9,save,césar_vallejo_reputation_theory_from_spanish_trans_joseph_mulligan_poem_4.txt,2.0
1089,jh_user_24,save,claude_ber_cutout_5_from_french_trans_elodie_olsoncoons_poem_4.txt,2.0
1089,jh_user_56,save,david_avidan_concerning_the_gloomy_love_of_j_alfred_prufrock_from_hebrew_trans_tsipi_keller_poem_4.txt,2.0
1089,jh_user_69,save,dhsi_sound_&_dh_barber.txt,2.0
1089,jh_user_31,save,godfather_1.txt,2.0
1089,jh_user_85,save,gábor_schein_captain_corneliuss_letter_from_pannonia_to_burrus_nbsp_nbsp_nbsp_nbsp_nbsp_nbsp_nbsp_nbspto_the_colonial_office_in_rome_from_hungarian_trans_erika_mihálycsa_poem_1.txt,2.0
1089,jh_user_69,save,dhsi_text_analysis_python_nltk_mauro.txt,2.0
1089,jh_user_98,save,asmaa_azaizeh_do_not_believe_me_were_i_to_talk_to_you_of_war_from_arabic_trans_yasmine_haj_poem_1.txt,2.0
1090,jh_user_15,save,dhsi_race_social_justice_kim_&_nieves.txt,2.0
1090,jh_user_44,save,christa_i_de_la_cruz_airport_from_filipino_trans_ethan_chua_poem_2.txt,2.0
1090,jh_user_32,save,dmitri_alexandrovich_prigov_unbelievable_stories_from_russian_trans_simon_schuchat_poem_1.txt,2.0
1090,jh_user_60,save,dhsi_open_access_arbuckle.txt,2.0
1090,jh_user_73,save,dhsi_open_access_arbuckle.txt,2.0
1090,jh_user_95,save,dhsi_stylometry_w_r_eder_&_byszuk.txt,2.0
1090,jh_user_76,save,dana_ranga_zeus_faber_from_german_trans_monika_cassel_poem_5.txt,2.0
1090,jh_user_9,save,christa_i_de_la_cruz_odysseus_from_filipino_trans_ethan_chua_poem_3.txt,2.0
1090,jh_user_69,save,bibi_slippers_from_mix_tape_from_afrikaans_trans_alice_inggs_poem_1.txt,2.0
1090,jh_user_49,save,elizaria_flores_river_from_spanish_trans_david_m_brunson_poem_1.txt,2.0
1090,jh_user_65,save,ghazal_mosadeq_untitled_1_from_persian_trans_khashayar_kess_mohammadi_poem_1.txt,
1090,jh_user_13,save,elizaria_flores_river_from_spanish_trans_david_m_brunson_poem_1.txt,2.0
1090,jh_user_55,save,galina_rymbu_they_from_russian_trans_joan_brooks_poem_5.txt,2.0
1090,jh_user_54,save,gisela_hemau_in_the_vicinity_of_louise_bourgeois_from_german_trans_sara_edinger_poem_1.txt,2.0
1090,jh_user_83,save,breyten_breytenbach_words_against_the_clouds_from_afrikaans_trans_ampie_coetzee_poem_2.txt,2.0
1090,jh_user_38,save,czeslaw_milosz_lord_syruc_from_polish_trans_anthony_milosz_poem_3.txt,2.0
1090,jh_user_44,save,elizaria_flores_river_from_spanish_trans_david_m_brunson_poem_1.txt,2.0
1090,jh_user_26,save,elke_erb_going_out_from_german_trans_shane_anderson_poem_1.txt,2.0
1090,jh_user_20,save,elke_erb_warning_from_german_trans_shane_anderson_poem_10.txt,2.0
1090,jh_user_59,save,claudiu_komartin_untitled_from_romanian_trans_diana_manole_poem_2.txt,2.0
1090,jh_user_29,save,hagiwara_sakutarō_the_tiger_from_japanese_trans_hiroaki_sato_poem_2.txt,2.0
1090,jh_user_3,save,emilian_galaicupăun_v_from_romanian_trans_adam_j_sorkin_and_diana_manole_poem_1.txt,2.0
1090,jh_user_92,save,hagiwara_sakutarō_fire_from_japanese_trans_hiroaki_sato_poem_1.txt,2.0
1090,jh_user_47,save,czeslaw_milosz_in_honor_of_reverend_baka_from_polish_trans_anthony_milosz_poem_1.txt,2.0
1090,jh_user_2,save,bibi_slippers_fromnbspsecond_life_autobiography_from_afrikaans_trans_alice_inggs_poem_4.txt,2.0
1090,jh_user_18,save,david_avidan_summer_1962_from_hebrew_trans_tsipi_keller_poem_3.txt,2.0
1090,jh_user_62,save,atmanam_to_burn_this_city_from_tamil_trans_shriram_sivaramakrishnan_poem_1.txt,2.0
1090,jh_user_78,save,barbi-markovic_excerpt-from-superheldinnen.txt,2.0
1090,jh_user_89,save,edith_bruck_life_from_italian_trans_jeanne_bonner_poem_4.txt,2.0
1090,jh_user_1,save,atmanam_a_poem_called_a_poem_from_tamil_trans_shriram_sivaramakrishnan_poem_2.txt,2.0
1090,jh_user_38,save,hayashi_amari_from_scent_of_nanako_from_japanese_trans_jon_holt_poem_1.txt,2.0
1090,jh_user_100,save,dolors_miquel_our_mother_from_catalan_trans_mary_ann_newman_poem_2.txt,2.0
1090,jh_user_46,save,eduardo_milán_20_from_spanish_trans_john_oliver_simon_poem_1.txt,2.0
1090,jh_user_33,save,atmanam_a_poem_called_a_poem_from_tamil_trans_shriram_sivaramakrishnan_poem_2.txt,2.0
1090,jh_user_58,save,f_t_marinetti_from_in_search_of_sweet_simultaneity_from_italian_trans_jennifer_scappettone_poem_1.txt,2.0
1090,jh_user_23,save,bashkir_wholesale_trade_zulfira_shaimardanova_trans_yandex.txt,2.0
1090,jh_user_80,save,eva_tizzani_dead_moths_from_spanish_trans_david_brunson_poem_3.txt,2.0
1090,jh_user_83,save,asmaa_azaizeh_myth_from_arabic_trans_yasmine_seale_poem_6.txt,2.0
1090,jh_user_61,save,f_t_marinetti_from_in_search_of_sweet_simultaneity_from_italian_trans_jennifer_scappettone_poem_1.txt,2.0
1091,jh_user_21,save,dhsi_text_analysis_python_nltk_mauro.txt,2.0
1091,jh_user_71,save,dhsi_accessibility_&_digital_environments_templeton_&_williams.txt,2.0
1091,jh_user_76,save,flávio_de_araújo_the_man_mending_his_net_from_portuguese_trans_rachel_morgensternclarren_poem_1.txt,2.0
1091,jh_user_29,save,david_rosenmanntaub_cxxxiv_from_spanish_trans_iván_brave_poem_3.txt,2.0
1091,jh_user_86,save,daniela_danz_from_limen_from_german_trans_monika_cassel_poem_1.txt,2.0
1091,jh_user_85,save,dhsi_knits_textiles_technology_johanson_&_dudley.txt,2.0
1091,jh_user_93,save,fabio_pusterla_the_blackboard_janitor_from_italian_trans_damiano_abeni_and_moira_egan_poem_3.txt,2.0
1091,jh_user_25,save,césar_vallejo_xv_from_spanish_trans_césar_jumpa_sánchez_poem_2.txt,2.0
1091,jh_user_3,save,chuya_nakahara_exhaustion_from_japanese_trans_christian_nagle_poem_3.txt,2.0
1091,jh_user_22,save,ghazal_mosadeq_untitled_1_from_persian_trans_khashayar_kess_mohammadi_poem_1.txt,
1091,jh_user_22,save,enver_ali_akova_stuttering_from_turkish_trans_zeynep_özer_poem_5.txt,2.0
1091,jh_user_87,save,dhsi_accessibility_&_digital_environments_templeton_&_williams.txt,2.0
1091,jh_user_64,save,ghassan_zaqtan_the_strangers_song_from_arabic_trans_fady_joudah_poem_2.txt,2.0
1091,jh_user_84,save,dhsi_race_social_justice_kim_&_nieves.txt,2.0
1091,jh_user_92,save,dhsi_text_analysis_python_nltk_mauro.txt,2.0
1091,jh_user_35,save,bashkir_false_information_akyondoz_trans_yandex.txt,2.0
1091,jh_user_58,save,bashkir_intermittent_life_anisa_tahirova_trans_yandex.txt,2.0
1091,jh_user_36,save,chuya_nakahara_song_of_upbringing_from_japanese_trans_christian_nagle_poem_1.txt,2.0
1091,jh_user_65,save,hatem_alzahrani_ii_from_arabic_trans_moneera_alghadeer_poem_2.txt,2.0
1091,jh_user_79,save,hafez_ghazal_84_from_persian_trans_roger_sedarat_poem_1.txt,2.0
1091,jh_user_27,save,gennady_aygi_untitled_3_from_russian_trans_alex_cigale_poem_3.txt,2.0
1091,jh_user_79,save,dhsi_gis_gregory_w_perez.txt,
1091,jh_user_48,save,eino-santanen_banknote-poetry_finland.txt,2.0
1091,jh_user_74,save,cécile_mainardi_from_im_a_great_actryst_from_french_trans_léon_pradeau_and_clara_nizard_poem_3.txt,2.0
1091,jh_user_56,save,grzegorz_wróblewski_you_cant_expand_on_this_poem_you_can_only_copy_it_from_the_screen_from_polish_trans_piotr_gwiazda_poem_1.txt,2.0
1091,jh_user_52,save,dhsi_dh_for_japanese_culture_nagasaki_et_al.txt,2.0
1091,jh_user_98,save,bai_juyi_grass_from_chinese_trans_joey_schwartzman_poem_1.txt,2.0
1091,jh_user_33,save,hayashi_amari_fromnbspwhat_does_the_resurrection_mean_to_menbsp_from_japanese_trans_jon_holt_poem_2.txt,2.0
1091,jh_user_57,save,dagmara_kraus_nightfender_from_german_trans_joshua_daniel_edwin_poem_4.txt,2.0
1091,jh_user_61,save,bashkir_mother_yew_child_fauziya_yuldashbayeva_trans_yandex.txt,2.0
1091,jh_user_77,save,choe_chiwon_pomegranates_from_chinese_trans_jonathan_chan_poem_5.txt,2.0
1091,jh_user_56,save,gertrud_kolmar_mourning_play_from_german_trans_anna_henke_and_julia_gutterman_poem_1.txt,2.0
1091,jh_user_97,save,emilio_prados_voice_of_the_light_from_spanish_trans_donald_wellman_poem_4.txt,2.0
1091,jh_user_99,save,franca_mancinelli_mother_majolica_from_italian_trans_john_taylor_poem_2.txt,2.0
1091,jh_user_57,save,dhsi_conference_adho_sig_2020.txt,2.0
1091,jh_user_38,save,franca_mancinelli_the_sacrifice_becomes_milk_from_italian_trans_john_taylor_poem_4.txt,2.0
1091,jh_user_73,save,celia_dropkin_i_absorbed_from_yiddish_trans_faith_jones_jennifer_kronovet_and_samuel_solomon_poem_3.txt,2.0
1091,jh_user_16,save,emilian_galaicupăun_v_from_romanian_trans_adam_j_sorkin_and_diana_manole_poem_2.txt,2.0
1091,jh_user_85,save,dhsi_2020_ideah.txt,2.0
1092,jh_user_71,save,eva_tizzani_kakeche_from_spanish_trans_david_brunson_poem_1.txt,2.0
1092,jh_user_58,save,dario_bellezza_untitled_3_from_italian_trans_peter_covino_poem_3.txt,2.0
1092,jh_user_36,save,han_bo_hide_from_chinese_trans_eleanor_goodman_poem_2.txt,2.0
1092,jh_user_82,save,georgi_gospodinov_toutes_directions_from_bulgarian_trans_teodora_gandeva_poem_2.txt,2.0
1092,jh_user_25,save,césar_vallejo_explanation_of_the_red_army_from_spanish_trans_joseph_mulligan_poem_3.txt,2.0
1092,jh_user_3,save,bashkir_intermittent_life_anisa_tahirova_trans_yandex.txt,2.0
1092,jh_user_2,save,dhsi_3d_visualization_razoumov.txt,2.0
1092,jh_user_11,save,dhsi_2020_covid-19_announcement.txt,
1092,jh_user_43,save,césar_vallejo_explanation_of_the_red_army_from_spanish_trans_joseph_mulligan_poem_3.txt,2.0
1092,jh_user_51,save,bai_juyi_remembering_south_of_the_river_from_chinese_trans_joey_schwartzman_poem_4.txt,2.0
1092,jh_user_55,save,david_rosenmanntaub_cxxxiv_from_spanish_trans_iván_brave_poem_3.txt,2.0
1092,jh_user_17,save,bashkir_intermittent_life_anisa_tahirova_trans_yandex.txt,2.0
1092,jh_user_61,save,galina_rymbu_they_from_russian_trans_joan_brooks_poem_5.txt,2.0
1092,jh_user_87,save,gunnar_wærness_business_of_the_dead__july_26_2016_from_norwegian_trans_gabriel_gudding_poem_4.txt,2.0
1092,jh_user_58,save,eva_tizzani_dead_moths_from_spanish_trans_david_brunson_poem_3.txt,2.0
1092,jh_user_87,save,dhsi_indigenous_futurities_brown.txt,2.0
1092,jh_user_61,save,dagmara_kraus_nightfender_from_german_trans_joshua_daniel_edwin_poem_4.txt,2.0
1092,jh_user_37,save,bruna_beber_from_bakery_street_from_portuguese_trans_sarah_rebecca_kersley_poem_5.txt,2.0
1092,jh_user_100,save,claude_ber_cutout_5_from_french_trans_elodie_olsoncoons_poem_4.txt,2.0
1092,jh_user_80,save,astrid_haerens_1_from_flemish_trans_egan_garr_poem_1.txt,2.0
1092,jh_user_39,save,carlos_de_assumpção_my_grandparents_from_portuguese_trans_robert_smith_poem_4.txt,2.0
1092,jh_user_58,save,hayashi_amari_fromnbspwhat_does_the_resurrection_mean_to_menbsp_from_japanese_trans_jon_holt_poem_2.txt,2.0
1092,jh_user_59,save,ava_koohbor_vii_from_persian_trans_patrick_james_dunagan_and_ava_koohbor_poem_2.txt,2.0
1092,jh_user_11,save,emilian_galaicupăun_v_from_romanian_trans_adam_j_sorkin_and_diana_manole_poem_1.txt,2.0
1092,jh_user_57,save,bashkir_wholesale_trade_zulfira_shaimardanova_trans_yandex.txt,2.0
1092,jh_user_31,save,dhsi_text_mapping_as_modeling_eide.txt,2.0
1092,jh_user_47,save,emilio_prados_shadow_of_april_from_spanish_trans_donald_wellman_poem_2.txt,2.0
1092,jh_user_60,save,dhsi_knits_textiles_technology_johanson_&_dudley.txt,2.0
1092,jh_user_89,save,han_bo_substitution_from_chinese_trans_eleanor_goodman_poem_6.txt,2.0
1092,jh_user_85,save,eva_tizzani_dead_moths_from_spanish_trans_david_brunson_poem_3.txt,2.0
1092,jh_user_45,save,hatem_alzahrani_iv_from_arabic_trans_moneera_alghadeer_poem_4.txt,2.0
1092,jh_user_88,save,ghazal_mosadeq_untitled_2_from_persian_trans_khashayar_kess_mohammadi_poem_2.txt,2.0
1092,jh_user_66,save,august_bover_autumn_from_catalan_trans_kristine_doll_poem_1.txt,2.0
1092,jh_user_51,save,hannele-mikaela-taivassalo_5-knives_excerpt.txt,2.0
1092,jh_user_34,save,emiliulian_sude_the_cleaning_lady_is_green_despite_her_blue_eyes_from_romanian_trans_diana_manole_poem_3.txt,2.0
1092,jh_user_57,save,bibi_slippers_fromnbspsecond_life_autobiography_from_afrikaans_trans_alice_inggs_poem_4.txt,2.0
1092,jh_user_94,save,hafez_ghazal_85_from_persian_trans_roger_sedarat_poem_2.txt,
1092,jh_user_28,save,bibi_slippers_fromnbspsecond_life_autobiography_from_afrikaans_trans_alice_inggs_poem_4.txt,2.0
1092,jh_user_83,save,dhsi_cv_for_dh_makers_grigar_et_al.txt,2.0
1093,jh_user_92,save,claudina_domingo_solitudes_from_spanish_trans_ryan_greene_poem_2.txt,2.0
1093,jh_user_34,save,dhsi_2020_project_management.txt,2.0
1093,jh_user_25,save,dhsi_digitisation_fundamentals_davies_mcginn.txt,2.0
1093,jh_user_28,save,dhsi_agile_project_management_smith.txt,2.0
1093,jh_user_9,save,haydar_ergülen_ghazal_apart_from_turkish_trans_derick_mattern_poem_3.txt,2.0
1093,jh_user_90,save,david_avidan_concerning_the_gloomy_love_of_j_alfred_prufrock_from_hebrew_trans_tsipi_keller_poem_4.txt,2.0
1093,jh_user_16,save,eduardo_espina_a_vulnerable_factor_for_everyone_else_from_spanish_trans_daniel_borzutzky_poem_2.txt,2.0
1093,jh_user_39,save,celia_dropkin_my_hands_from_yiddish_trans_faith_jones_jennifer_kronovet_and_samuel_solomon_poem_2.txt,2.0
1093,jh_user_24,save,dhsi_text_processing_techniques_traditions_maxwell.txt,2.0
1093,jh_user_25,save,ghassan_zaqtan_song_of_the_three_patrols_from_arabic_trans_fady_joudah_poem_3.txt,2.0
1093,jh_user_20,save,casablanca_spanish.txt,2.0
1093,jh_user_52,save,dhsi_xml_mcginnis.txt,
1093,jh_user_22,save,eduardo_espina_the_incommensurable_always_wants_to_win_from_spanish_trans_daniel_borzutzky_poem_4.txt,2.0
1093,jh_user_95,save,benediktas-janusevicius_words.txt,2.0
1093,jh_user_58,save,asmaa_azaizeh_sacrificial_poem_from_arabic_trans_yasmine_seale_poem_2.txt,2.0
1093,jh_user_82,save,david_rosenmanntaub_xii_from_spanish_trans_iván_brave_poem_2.txt,2.0
1093,jh_user_42,save,bibi_slippers_from_mix_tape_from_afrikaans_trans_alice_inggs_poem_1.txt,2.0
1093,jh_user_17,save,emiliulian_sude_starting_today_ill_try_to_fall_asleep_not_die_from_romanian_trans_diana_manole_poem_2.txt,2.0
1093,jh_user_13,save,dolors_miquel_massacres_from_catalan_trans_mary_ann_newman_poem_1.txt,2.0
1093,jh_user_13,save,emilio_prados_xxi_from_spanish_trans_donald_wellman_poem_3.txt,2.0
1093,jh_user_95,save,emilian_galaicupăun_v_from_romanian_trans_adam_j_sorkin_and_diana_manole_poem_2.txt,2.0
1093,jh_user_53,save,dolors_miquel_our_mother_from_catalan_trans_mary_ann_newman_poem_2.txt,2.0
1093,jh_user_58,save,diana_garza_islas_invisible_shoe_or_three_visions_of_a_small_emperor_from_spanish_trans_cal_paule_poem_2.txt,2.0
1093,jh_user_84,save,bashkir_false_information_akyondoz_trans_yandex.txt,2.0
1093,jh_user_101,save,emilian_galaicupăun_v_from_romanian_trans_adam_j_sorkin_and_diana_manole_poem_1.txt,2.0
1093,jh_user_69,save,han_bo_substitution_from_chinese_trans_eleanor_goodman_poem_6.txt,2.0
1093,jh_user_82,save,elke_erb_going_out_from_german_trans_shane_anderson_poem_1.txt,2.0
1093,jh_user_38,save,chen_yuhong_geometry_from_chinese_trans_george_oconnell_and_diana_shi_poem_1.txt,2.0
1093,jh_user_80,save,cécile_mainardi_from_im_a_great_actryst_from_french_trans_léon_pradeau_and_clara_nizard_poem_3.txt,2.0
1093,jh_user_83,save,flávio_de_araújo_no_one_plants_fish_in_the_sea_from_portuguese_trans_rachel_morgensternclarren_poem_3.txt,2.0
1093,jh_user_94,save,franca_mancinelli_the_sacrifice_becomes_milk_from_italian_trans_john_taylor_poem_4.txt,2.0
1093,jh_user_55,save,dhsi_press_pannapacker_2012.txt,2.0
1093,jh_user_43,save,dhsi_processing_humanities_multimedia_evans_&_romphf.txt,2.0
1093,jh_user_40,save,han_bo_sent_from_chinese_trans_eleanor_goodman_poem_1.txt,2.0
1093,jh_user_73,save,georgy_ivanov_a_quarter_century_has_passed_from_russian_trans_harry_leeds_poem_1.txt,2.0
1094,jh_user_74,save,elke_erb_for_example_from_german_trans_sara_edinger_poem_3.txt,2.0
1094,jh_user_41,save,breyten_breytenbach_words_against_the_clouds_from_afrikaans_trans_ampie_coetzee_poem_2.txt,2.0
1094,jh_user_57,save,dhsi_cv_for_dh_makers_grigar_et_al.txt,2.0
1094,jh_user_76,save,david_avidan_concerning_the_gloomy_love_of_j_alfred_prufrock_from_hebrew_trans_tsipi_keller_poem_4.txt,2.0
1094,jh_user_14,save,dhsi_cv_for_dh_makers_grigar_et_al.txt,2.0
1094,jh_user_42,save,claudiu_komartin_untitled_from_romanian_trans_diana_manole_poem_2.txt,2.0
1094,jh_user_76,save,elke_erb_inscription_under_the_skin_from_german_trans_shane_anderson_poem_6.txt,2.0
1094,jh_user_27,save,hayashi_amari_fromnbspwhat_does_the_resurrection_mean_to_menbsp_from_japanese_trans_jon_holt_poem_2.txt,2.0
1094,jh_user_62,save,asmaa_azaizeh_metaphor_from_arabic_trans_yasmine_seale_poem_1.txt,2.0
1094,jh_user_36,save,dhsi_open_access_arbuckle.txt,2.0
1094,jh_user_89,save,health.txt,2.0
1094,jh_user_99,save,dhsi_conceptualizing_creating_a_digital_edition_stertzer_&_wasmoen.txt,2.0
1094,jh_user_8,save,elizaria_flores_river_from_spanish_trans_david_m_brunson_poem_1.txt,2.0
1094,jh_user_72,save,constantine_p_cavafy_in_the_dives_from_greek_trans_george_economou_poem_1.txt,2.0
1094,jh_user_12,save,eva_tizzani_kakeche_from_spanish_trans_david_brunson_poem_1.txt,2.0
1094,jh_user_46,save,ghassan_zaqtan_return_from_arabic_trans_fady_joudah_poem_1.txt,2.0
1094,jh_user_27,save,gertrud_kolmar_the_dragon_from_german_trans_anna_henke_and_julia_gutterman_poem_3.txt,2.0
1094,jh_user_80,save,flávio_de_araújo_no_one_plants_fish_in_the_sea_from_portuguese_trans_rachel_morgensternclarren_poem_3.txt,2.0
1094,jh_user_61,save,franca_mancinelli_you_come_as_the_translation_from_italian_trans_john_taylor_poem_6.txt,2.0
1094,jh_user_27,save,bai_juyi_sleeping_on_a_night_of_autumn_rain_from_chinese_trans_joey_schwartzman_poem_3.txt,2.0
1094,jh_user_35,save,georgi_gospodinov_toutes_directions_from_bulgarian_trans_teodora_gandeva_poem_2.txt,2.0
1094,jh_user_97,save,gennady_aygi_to_max_ernst_a_twinrose_from_russian_trans_alex_cigale_poem_5.txt,2.0
1094,jh_user_12,save,bibi_slippers_fromnbspsecond_life_autobiography_from_afrikaans_trans_alice_inggs_poem_4.txt,2.0
1094,jh_user_55,save,elizaria_flores_river_from_spanish_trans_david_m_brunson_poem_1.txt,2.0
1094,jh_user_94,save,diana_garza_islas_the_skeleton_who_adapted_to_the_route_from_spanish_trans_cal_paule_poem_3.txt,2.0
1094,jh_user_16,save,dhsi_intersectional_feminist_dh_cong-huyen_&_phillips.txt,2.0
1094,jh_user_36,save,dmitri_alexandrovich_prigov_unbelievable_stories_from_russian_trans_simon_schuchat_poem_1.txt,2.0
1094,jh_user_79,save,bùi_chát_exercise_to_unify_the_grammifying_lexicona_silence_which_merits_from_vietnamese_trans_jack_j_huynh_poem_1.txt,2.0
1094,jh_user_4,save,david_avidan_concerning_the_gloomy_love_of_j_alfred_prufrock_from_hebrew_trans_tsipi_keller_poem_4.txt,2.0
1094,jh_user_5,save,celia_dropkin_my_hands_from_yiddish_trans_faith_jones_jennifer_kronovet_and_samuel_solomon_poem_2.txt,2.0
1094,jh_user_84,save,august_bover_winter_from_catalan_trans_kristine_doll_poem_2.txt,2.0
1094,jh_user_67,save,dhsi_stylo_text_editor_sauret_&_vitali-rosati.txt,2.0
1094,jh_user_4,save,dagmara_kraus_nightfender_from_german_trans_joshua_daniel_edwin_poem_4.txt,2.0
1094,jh_user_20,save,bruna_beber_from_bakery_street_from_portuguese_trans_sarah_rebecca_kersley_poem_5.txt,2.0
1094,jh_user_49,save,haydar_ergülen_brothers_of_ashnbsp_from_turkish_trans_derick_mattern_poem_5.txt,2.0
1094,jh_user_30,save,gökçenur_ç_resistance_diaries_from_turkish_trans_erik_mortenson_poem_2.txt,2.0
1094,jh_user_94,save,dhsi_predigital_book_inscription_tech_huculak_et_al.txt,2.0
1094,jh_user_50,save,dhsi_dh_dept_chairs_deans_unsworth_et_al.txt,2.0
1094,jh_user_97,save,dhsi_race_social_justice_kim_&_nieves.txt,2.0
1094,jh_user_97,save,dhsi_intersectional_feminist_dh_cong-huyen_&_phillips.txt,2.0
1094,jh_user_95,save,han_bo_sent_from_chinese_trans_eleanor_goodman_poem_1.txt,2.0
1095,jh_user_76,save,dhsi_modeling_virtual_augmented_realities_schubert_&_wieners.txt,2.0
1095,jh_user_89,save,dhsi_sound_&_dh_barber.txt,2.0
1095,jh_user_12,save,galina_rymbu_they_from_russian_trans_joan_brooks_poem_5.txt,2.0
1095,jh_user_32,save,haydar_ergülen_ghazal_apart_from_turkish_trans_derick_mattern_poem_3.txt,2.0
1095,jh_user_85,save,hatem_alzahrani_v_from_arabic_trans_moneera_alghadeer_poem_5.txt,2.0
1095,jh_user_27,save,dhsi_text_processing_techniques_traditions_maxwell.txt,2.0
1095,jh_user_74,save,gelsys_garcía_lorenzo_the_three_automatons_from_spanish_trans_maria_grau_perejoan_and_loretta_collins_klobah_poem_4.txt,2.0
1095,jh_user_82,save,bc_malahat_bruck_rev_by_kenyon_2019.txt,2.0
1095,jh_user_64,save,ervina-halili_aura.txt,2.0
1095,jh_user_31,save,carlos_de_assumpção_crime_from_portuguese_trans_robert_smith_poem_2.txt,2.0
1095,jh_user_85,save,haydar_ergülen_ghazal_apart_from_turkish_trans_derick_mattern_poem_3.txt,2.0
1095,jh_user_40,save,diana_garza_islas_invisible_shoe_or_three_visions_of_a_small_emperor_from_spanish_trans_cal_paule_poem_2.txt,2.0
1095,jh_user_82,save,georgy_ivanov_a_quarter_century_has_passed_from_russian_trans_harry_leeds_poem_1.txt,2.0
1095,jh_user_3,save,elizaria_flores_ii_from_spanish_trans_david_m_brunson_poem_6.txt,2.0
1095,jh_user_62,save,asmaa_azaizeh_myth_from_arabic_trans_yasmine_seale_poem_6.txt,2.0
1095,jh_user_2,save,christa_i_de_la_cruz_odysseus_from_filipino_trans_ethan_chua_poem_3.txt,2.0
1095,jh_user_3,save,elke_erb_clouds_up_above_i_know_just_one_thing_from_german_trans_sara_edinger_poem_2.txt,2.0
1095,jh_user_90,save,haydar_ergülen_youyouyou_ghazal_from_turkish_trans_derick_mattern_poem_2.txt,
1095,jh_user_8,save,august_bover_winter_from_catalan_trans_kristine_doll_poem_2.txt,2.0
1095,jh_user_84,save,claudina_domingo_solitudes_from_spanish_trans_ryan_greene_poem_2.txt,2.0
1095,jh_user_33,save,godfather_1.txt,2.0
1095,jh_user_13,save,elke_erb_for_example_from_german_trans_sara_edinger_poem_3.txt,2.0
1095,jh_user_64,save,elke_erb_going_out_from_german_trans_shane_anderson_poem_1.txt,2.0
1095,jh_user_14,save,godfather_1.txt,2.0
1095,jh_user_71,save,bruna_beber_from_bakery_street_from_portuguese_trans_sarah_rebecca_kersley_poem_5.txt,2.0
1095,jh_user_83,save,benediktas-janusevicius_words.txt,2.0
1095,jh_user_44,save,haydar_ergülen_brothers_of_ashnbsp_from_turkish_trans_derick_mattern_poem_5.txt,2.0
1095,jh_user_8,save,elke_erb_pulse_from_german_trans_shane_anderson_poem_4.txt,2.0
1095,jh_user_30,save,dhsi_fundamentals_programming_simpson_&_otis.txt,2.0
1095,jh_user_32,save,claudiu_komartin_untitled_from_romanian_trans_diana_manole_poem_2.txt,2.0
1095,jh_user_56,save,claude_ber_cutout_2_from_french_trans_elodie_olsoncoons_poem_2.txt,2.0
1095,jh_user_15,save,emilio_prados_castle_without_strength_from_spanish_trans_donald_wellman_poem_8.txt,2.0
1095,jh_user_61,save,dmitri_alexandrovich_prigov_untitled_3_from_russian_trans_simon_schuchat_poem_3.txt,2.0
1095,jh_user_94,save,elke_erb_pulse_from_german_trans_shane_anderson_poem_4.txt,2.0
1095,jh_user_38,save,bruna_beber_23_from_portuguese_trans_sarah_rebecca_kersley_poem_3.txt,2.0
1096,jh_user_85,save,daniela_danz_from_limen_from_german_trans_monika_cassel_poem_1.txt,2.0
1096,jh_user_69,save,hafez_ghazal_84_from_persian_trans_roger_sedarat_poem_1.txt,2.0
1096,jh_user_46,save,david_rosenmanntaub_cxxxiv_from_spanish_trans_iván_brave_poem_3.txt,2.0
1096,jh_user_68,save,cécile_mainardi_from_im_a_great_actryst_from_french_trans_léon_pradeau_and_clara_nizard_poem_3.txt,2.0
1096,jh_user_92,save,dana_ranga_petromyzon_marinus_from_german_trans_monika_cassel_poem_6.txt,2.0
1096,jh_user_27,save,dana_ranga_zeus_faber_from_german_trans_monika_cassel_poem_5.txt,2.0
1096,jh_user_99,save,dhsi_knits_textiles_technology_johanson_&_dudley.txt,2.0
1096,jh_user_43,save,death_by_hanging.txt,2.0
1096,jh_user_65,save,chen_yuhong_buddhist_pine_from_chinese_trans_george_oconnell_and_diana_shi_poem_2.txt,2.0
1096,jh_user_91,save,dhsi_text_processing_techniques_traditions_maxwell.txt,2.0
1096,jh_user_86,save,david_rosenmanntaub_xii_from_spanish_trans_iván_brave_poem_2.txt,2.0
1096,jh_user_87,save,eduardo_milán_20_from_spanish_trans_john_oliver_simon_poem_1.txt,2.0
1096,jh_user_9,save,eino-santanen_banknote-poetry_finland.txt,2.0
1096,jh_user_85,save,elizaria_flores_i_from_spanish_trans_david_m_brunson_poem_5.txt,2.0
1096,jh_user_26,save,hatem_alzahrani_ii_from_arabic_trans_moneera_alghadeer_poem_2.txt,2.0
1096,jh_user_88,save,emiliulian_sude_starting_today_ill_try_to_fall_asleep_not_die_from_romanian_trans_diana_manole_poem_2.txt,2.0
1096,jh_user_64,save,hayashi_amari_from_scent_of_nanako_from_japanese_trans_jon_holt_poem_1.txt,2.0
1096,jh_user_48,save,emiliulian_sude_that_guy_says_your_colleague_has_cigarettes_from_romanian_trans_diana_manole_poem_4.txt,2.0
1096,jh_user_63,save,asmaa_azaizeh_do_not_believe_me_were_i_to_talk_to_you_of_war_from_arabic_trans_yasmine_haj_poem_1.txt,2.0
1096,jh_user_34,save,erika_burkart_cloudy_day_from_german_trans_marc_vincenz_poem_4.txt,2.0
1096,jh_user_60,save,erika_burkart_work_from_german_trans_marc_vincenz_poem_2.txt,2.0
1096,jh_user_1,save,ghassan_zaqtan_the_strangers_song_from_arabic_trans_fady_joudah_poem_2.txt,2.0
1096,jh_user_22,save,bashkir_intermittent_life_anisa_tahirova_trans_yandex.txt,2.0
1096,jh_user_91,save,bashkir_false_information_akyondoz_trans_yandex.txt,2.0
1096,jh_user_87,save,gertrud_kolmar_the_whale_from_german_trans_anna_henke_and_julia_gutterman_poem_2.txt,2.0
1096,jh_user_24,save,bai_juyi_grass_from_chinese_trans_joey_schwartzman_poem_1.txt,2.0
1096,jh_user_78,save,ghazal_mosadeq_untitled_2_from_persian_trans_khashayar_kess_mohammadi_poem_2.txt,2.0
1096,jh_user_32,save,christa_i_de_la_cruz_airport_from_filipino_trans_ethan_chua_poem_2.txt,2.0
1096,jh_user_43,save,césar_moro_oh_fury_the_dawn_emerges_from_your_lips_from_spanish_trans_leslie_bary_and_esteban_quispe_poem_1.txt,2.0
1096,jh_user_79,save,dhsi_cv_for_dh_makers_grigar_et_al.txt,2.0
1096,jh_user_54,save,gökçenur_ç_i_watch_with_love_like_a_stupid_student_from_turkish_trans_erik_mortenson_poem_3.txt,2.0
1096,jh_user_82,save,dhsi_data_choices_morgan_&_lam.txt,2.0
1096,jh_user_69,save,dhsi_2020_rtl.txt,2.0
1096,jh_user_91,save,dhsi_intro_network_analysis_otis.txt,2.0
1096,jh_user_65,save,chuya_nakahara_song_of_upbringing_from_japanese_trans_christian_nagle_poem_1.txt,2.0
1096,jh_user_37,save,dhsi_3d_visualization_razoumov.txt,2.0
1096,jh_user_101,save,dhsi_2020_about.txt,2.0
1096,jh_user_83,save,dhsi_book_history_pedagogy_scalar_silva.txt,2.0
1096,jh_user_29,save,dhsi_music_encoding_duguid_&_viglianti.txt,2.0
1096,jh_user_95,save,gökçenur_ç_resistance_diaries_from_turkish_trans_erik_mortenson_poem_2.txt,2.0
1097,jh_user_2,save,gertrud_kolmar_the_whale_from_german_trans_anna_henke_and_julia_gutterman_poem_2.txt,2.0
1097,jh_user_88,save,flávio_de_araújo_the_man_mending_his_net_from_portuguese_trans_rachel_morgensternclarren_poem_1.txt,2.0
1097,jh_user_40,save,health.txt,2.0
1097,jh_user_83,save,dhsi_2020_project_management.txt,2.0
1097,jh_user_39,save,eva_tizzani_to_burn_from_spanish_trans_david_brunson_poem_4.txt,2.0
1097,jh_user_47,save,ashur_etwebi_borders_from_arabic_trans_ashur_etwebi_and_james_byrne_poem_1.txt,2.0
1097,jh_user_7,save,health.txt,2.0
1097,jh_user_95,save,deniz_durukan_nail_from_turkish_trans_jeffrey_kahrs_and_mete_özel_poem_1.txt,2.0
1097,jh_user_40,save,césar_vallejo_the_head_and_feet_of_dialectics_from_spanish_trans_joseph_mulligan_poem_2.txt,2.0
1097,jh_user_15,save,galina_rymbu_untitled_2_from_russian_trans_joan_brooks_poem_2.txt,2.0
1097,jh_user_97,save,dhsi_2020_ideah.txt,2.0
1097,jh_user_62,save,dhsi_race_social_justice_kim_&_nieves.txt,2.0
1097,jh_user_27,save,habib_tengour_shales_of_tahmad_2_from_french_trans_pierre_joris_poem_1.txt,2.0
1097,jh_user_37,save,emiliulian_sude_that_guy_says_your_colleague_has_cigarettes_from_romanian_trans_diana_manole_poem_4.txt,2.0
1097,jh_user_43,save,dhsi_dh_for_japanese_culture_nagasaki_et_al.txt,2.0
1097,jh_user_57,save,asmaa_azaizeh_metaphor_from_arabic_trans_yasmine_seale_poem_1.txt,2.0
1097,jh_user_56,save,habib_tengour_thatch_watermeadow_and_sheet_metal_from_french_trans_pierre_joris_poem_2.txt,2.0
1097,jh_user_9,save,grzegorz_wróblewski_you_cant_expand_on_this_poem_you_can_only_copy_it_from_the_screen_from_polish_trans_piotr_gwiazda_poem_1.txt,2.0
1097,jh_user_26,save,eduardo_espina_a_strait_poem_from_spanish_trans_daniel_borzutzky_poem_6.txt,2.0
1097,jh_user_63,save,dolors_miquel_our_mother_from_catalan_trans_mary_ann_newman_poem_2.txt,2.0
1097,jh_user_9,save,dana_ranga_hippocampus_erectus_minor_maior_from_german_trans_monika_cassel_poem_2.txt,2.0
1097,jh_user_78,save,asmaa_azaizeh_sacrificial_poem_from_arabic_trans_yasmine_seale_poem_2.txt,2.0
1097,jh_user_16,save,dmitri_alexandrovich_prigov_unbelievable_stories_from_russian_trans_simon_schuchat_poem_1.txt,2.0
1097,jh_user_60,save,gökçenur_ç_resistance_diaries_from_turkish_trans_erik_mortenson_poem_2.txt,2.0
1097,jh_user_5,save,dhsi_predigital_book_inscription_tech_huculak_et_al.txt,2.0
1097,jh_user_95,save,daniela_danz_from_limen_from_german_trans_monika_cassel_poem_1.txt,2.0
1097,jh_user_63,save,dhsi_conference_adho_sig_2020.txt,2.0
1097,jh_user_32,save,hafez_ghazal_84_from_persian_trans_roger_sedarat_poem_1.txt,2.0
1097,jh_user_64,save,eva_tizzani_kakeche_from_spanish_trans_david_brunson_poem_1.txt,2.0
1097,jh_user_34,save,ayaka_satō_tanka_from_japanese_trans_corey_wakeling_and_hiromitsu_koiso_poem_3.txt,2.0
1097,jh_user_94,save,bibi_slippers_fromnbspsecond_life_autobiography_from_afrikaans_trans_alice_inggs_poem_4.txt,2.0
1097,jh_user_82,save,bashkir_all_about_you_halim_aydar_trans_yandex.txt,2.0
1097,jh_user_28,save,carlos_de_assumpção_crime_from_portuguese_trans_robert_smith_poem_2.txt,2.0
1097,jh_user_72,save,bruna_beber_23_from_portuguese_trans_sarah_rebecca_kersley_poem_3.txt,2.0
1097,jh_user_48,save,claudina_domingo_solitudes_from_spanish_trans_ryan_greene_poem_2.txt,2.0
1097,jh_user_92,save,chuya_nakahara_exhaustion_from_japanese_trans_christian_nagle_poem_3.txt,2.0
1097,jh_user_32,save,blanca_varela_no_date_from_spanish_trans_vered_engelhard_poem_2.txt,2.0
1097,jh_user_101,save,clemens-schittko_duodenal-exercise.txt,2.0
1098,jh_user_68,save,hagiwara_sakutarō_fire_from_japanese_trans_hiroaki_sato_poem_1.txt,2.0
1098,jh_user_71,save,dhsi_teaching_h_to_generation_z_puchkovskaya.txt,2.0
1098,jh_user_78,save,asmaa_azaizeh_metaphor_from_arabic_trans_yasmine_seale_poem_1.txt,2.0
1098,jh_user_100,save,emilio_prados_xx_from_spanish_trans_donald_wellman_poem_1.txt,2.0
1098,jh_user_43,save,gökçenur_ç_i_watch_with_love_like_a_stupid_student_from_turkish_trans_erik_mortenson_poem_3.txt,2.0
1098,jh_user_2,save,christa_i_de_la_cruz_airport_from_filipino_trans_ethan_chua_poem_2.txt,2.0
1098,jh_user_36,save,gisela_hemau_in_the_vicinity_of_louise_bourgeois_from_german_trans_sara_edinger_poem_1.txt,2.0
1098,jh_user_55,save,diana_garza_islas_the_skeleton_who_adapted_to_the_route_from_spanish_trans_cal_paule_poem_3.txt,2.0
1098,jh_user_52,save,david_avidan_calling_card_from_hebrew_trans_tsipi_keller_poem_1.txt,2.0
1098,jh_user_30,save,christa_i_de_la_cruz_waking_up_from_filipino_trans_ethan_chua_poem_4.txt,2.0
1098,jh_user_86,save,dhsi_teaching_h_to_generation_z_puchkovskaya.txt,2.0
1098,jh_user_21,save,dolors_miquel_our_mother_from_catalan_trans_mary_ann_newman_poem_2.txt,2.0
1098,jh_user_1,save,bc_malahat_hoefle_&_ritland_rev_by_flemmer_2019.txt,2.0
1098,jh_user_73,save,dhsi_wrangling_big_data_fortin.txt,2.0
1098,jh_user_8,save,gábor_schein_captain_corneliuss_letter_from_pannonia_to_burrus_nbsp_nbsp_nbsp_nbsp_nbsp_nbsp_nbsp_nbspto_the_colonial_office_in_rome_from_hungarian_trans_erika_mihálycsa_poem_1.txt,2.0
1098,jh_user_42,save,dhsi_conceptualizing_creating_a_digital_edition_stertzer_&_wasmoen.txt,2.0
1098,jh_user_31,save,gábor_schein_captain_corneliuss_letter_from_pannonia_to_burrus_nbsp_nbsp_nbsp_nbsp_nbsp_nbsp_nbsp_nbspto_the_colonial_office_in_rome_from_hungarian_trans_erika_mihálycsa_poem_1.txt,2.0
1098,jh_user_57,save,dhsi_stylometry_w_r_eder_&_byszuk.txt,2.0
1098,jh_user_18,save,dario_bellezza_fromnbspsecret_deathnbsp1976_from_italian_trans_peter_covino_poem_1.txt,2.0
1098,jh_user_48,save,han_bo_sent_from_chinese_trans_eleanor_goodman_poem_1.txt,2.0
1098,jh_user_56,save,choe_chiwon_being_at_ease_in_late_spring_to_my_friend_gu_yun_from_chinese_trans_jonathan_chan_poem_3.txt,2.0
1098,jh_user_65,save,gennady_aygi_to_max_ernst_a_twinrose_from_russian_trans_alex_cigale_poem_5.txt,2.0
1098,jh_user_78,save,hannele-mikaela-taivassalo_5-knives_excerpt.txt,2.0
1098,jh_user_66,save,dana_ranga_petromyzon_marinus_from_german_trans_monika_cassel_poem_6.txt,2.0
1098,jh_user_38,save,dhsi_stylo_text_editor_sauret_&_vitali-rosati.txt,2.0
1098,jh_user_63,save,dhsi_music_encoding_duguid_&_viglianti.txt,2.0
1098,jh_user_74,save,celia_dropkin_my_hands_from_yiddish_trans_faith_jones_jennifer_kronovet_and_samuel_solomon_poem_2.txt,2.0
1098,jh_user_83,save,césar_vallejo_from_feuerbach_to_marx_from_spanish_trans_joseph_mulligan_poem_1.txt,2.0
1098,jh_user_18,save,dhsi_open_access_arbuckle.txt,2.0
1098,jh_user_80,save,dhsi_text_analysis_python_nltk_mauro.txt,2.0
1098,jh_user_28,save,gökçenur_ç_resistance_diaries_from_turkish_trans_erik_mortenson_poem_2.txt,2.0
1098,jh_user_13,save,balam_rodrigo_commando_unit_rounds_up_eight_migrantsvillahermosa_tabasco_from_spanish_trans_dan_bellm_poem_4.txt,2.0
1098,jh_user_99,save,dhsi_xpath_xml_managing_projects_beshero-bondar_&_birnbaum.txt,2.0
1098,jh_user_65,save,gertrud_kolmar_mourning_play_from_german_trans_anna_henke_and_julia_gutterman_poem_1.txt,2.0
1098,jh_user_75,save,emilian_galaicupăun_v_from_romanian_trans_adam_j_sorkin_and_diana_manole_poem_2.txt,2.0
1098,jh_user_75,save,gertrud_kolmar_good_night_from_german_trans_anna_henke_and_julia_gutterman_poem_5.txt,2.0
1099,jh_user_12,save,ashur_etwebi_borders_from_arabic_trans_ashur_etwebi_and_james_byrne_poem_1.txt,2.0
1099,jh_user_20,save,eva_tizzani_to_burn_from_spanish_trans_david_brunson_poem_4.txt,2.0
1099,jh_user_66,save,aung_khin_myint_another_holy_name_for_cold_from_burmese_trans_ko_ko_thett_poem_2.txt,2.0
1099,jh_user_94,save,celia_dropkin_my_hands_from_yiddish_trans_faith_jones_jennifer_kronovet_and_samuel_solomon_poem_2.txt,2.0
1099,jh_user_33,save,eduardo_espina_a_vulnerable_factor_for_everyone_else_from_spanish_trans_daniel_borzutzky_poem_2.txt,2.0
1099,jh_user_20,save,balam_rodrigo_migrants_prayer_from_spanish_trans_dan_bellm_poem_3.txt,2.0
1099,jh_user_98,save,elizaria_flores_ii_from_spanish_trans_david_m_brunson_poem_6.txt,2.0
1099,jh_user_41,save,balam_rodrigo_remains_identified_of_eight_honduran_migrants_killed_in_mexico_from_spanish_trans_dan_bellm_poem_5.txt,2.0
1099,jh_user_33,save,deniz_durukan_nail_from_turkish_trans_jeffrey_kahrs_and_mete_özel_poem_1.txt,2.0
1099,jh_user_70,save,bashkir_wholesale_trade_zulfira_shaimardanova_trans_yandex.txt,2.0
1099,jh_user_24,save,claudina_domingo_solitudes_from_spanish_trans_ryan_greene_poem_2.txt,2.0
1099,jh_user_39,save,elizaria_flores_iii_from_spanish_trans_david_m_brunson_poem_7.txt,2.0
1099,jh_user_70,save,bai_juyi_remembering_south_of_the_river_from_chinese_trans_joey_schwartzman_poem_4.txt,2.0
1099,jh_user_30,save,bc_malahat_bruck_rev_by_kenyon_2019.txt,2.0
1099,jh_user_96,save,balam_rodrigo_sermon_of_the_migrant_beneath_a_ceiba_tree_from_spanish_trans_dan_bellm_poem_2.txt,2.0
1099,jh_user_99,save,dhsi_predigital_book_inscription_tech_huculak_et_al.txt,2.0
1099,jh_user_36,save,césar_vallejo_reputation_theory_from_spanish_trans_joseph_mulligan_poem_4.txt,2.0
1099,jh_user_81,save,cécile_mainardi_superliquid_water_from_french_trans_léon_pradeau_and_clara_nizard_poem_2.txt,2.0
1099,jh_user_31,save,galina_rymbu_could_i_possibly_take_part_from_russian_trans_joan_brooks_poem_8.txt,2.0
1099,jh_user_37,save,gertrud_kolmar_good_night_from_german_trans_anna_henke_and_julia_gutterman_poem_5.txt,2.0
1099,jh_user_55,save,eduardo_milán_20_from_spanish_trans_john_oliver_simon_poem_1.txt,2.0
1099,jh_user_27,save,christa_i_de_la_cruz_beginning_from_filipino_trans_ethan_chua_poem_1.txt,2.0
1099,jh_user_77,save,césar_vallejo_the_head_and_feet_of_dialectics_from_spanish_trans_joseph_mulligan_poem_2.txt,2.0
1099,jh_user_94,save,dmitri_alexandrovich_prigov_untitled_3_from_russian_trans_simon_schuchat_poem_3.txt,2.0
1099,jh_user_7,save,emiliulian_sude_the_cleaning_lady_is_green_despite_her_blue_eyes_from_romanian_trans_diana_manole_poem_3.txt,2.0
1099,jh_user_86,save,hayashi_amari_from_scent_of_nanako_from_japanese_trans_jon_holt_poem_1.txt,2.0
1099,jh_user_50,save,ghassan_zaqtan_return_from_arabic_trans_fady_joudah_poem_1.txt,2.0
1099,jh_user_7,save,bibi_slippers_from_mix_tape_from_afrikaans_trans_alice_inggs_poem_1.txt,2.0
1099,jh_user_95,save,dhsi_race_social_justice_kim_&_nieves.txt,2.0
1099,jh_user_31,save,chuya_nakahara_song_of_upbringing_from_japanese_trans_christian_nagle_poem_1.txt,2.0
1099,jh_user_89,save,grzegorz_wróblewski_tendency_from_polish_trans_piotr_gwiazda_poem_2.txt,2.0
1099,jh_user_44,save,flávio_de_araújo_the_man_mending_his_net_from_portuguese_trans_rachel_morgensternclarren_poem_1.txt,2.0
1099,jh_user_38,save,bibi_slippers_exploration_of_the_nature_of_obsession_with_specific_from_afrikaans_trans_alice_inggs_poem_2.txt,2.0
1099,jh_user_18,save,eduardo_milán_31_from_spanish_trans_john_oliver_simon_poem_2.txt,2.0
1099,jh_user_53,save,bashkir_intermittent_life_anisa_tahirova_trans_yandex.txt,2.0
1099,jh_user_78,save,dhsi_book_history_pedagogy_scalar_silva.txt,2.0
1099,jh_user_101,save,chen_yuhong_geometry_from_chinese_trans_george_oconnell_and_diana_shi_poem_1.txt,2.0
1099,jh_user_34,save,cécile_mainardi_from_im_a_great_actryst_from_french_trans_léon_pradeau_and_clara_nizard_poem_3.txt,2.0
1099,jh_user_58,save,hagiwara_sakutarō_the_tiger_from_japanese_trans_hiroaki_sato_poem_2.txt,2.0
1100,jh_user_67,save,francisco_paco_urondo_i_cannot_complain_from_spanish_trans_julia_leverone_poem_2.txt,2.0
1100,jh_user_3,save,dhsi_stylometry_w_r_eder_&_byszuk.txt,2.0
1100,jh_user_24,save,emiliulian_sude_that_guy_says_your_colleague_has_cigarettes_from_romanian_trans_diana_manole_poem_4.txt,2.0
1100,jh_user_20,save,bibi_slippers_from_mix_tape_from_afrikaans_trans_alice_inggs_poem_1.txt,2.0
1100,jh_user_91,save,enver_ali_akova_no_fish_at_all_from_turkish_trans_zeynep_özer_poem_2.txt,2.0
1100,jh_user_9,save,elke_erb_inscription_under_the_skin_from_german_trans_shane_anderson_poem_6.txt,2.0
1100,jh_user_89,save,claude_ber_cutout_2_from_french_trans_elodie_olsoncoons_poem_2.txt,2.0
1100,jh_user_64,save,erika_burkart_world_histories_from_german_trans_marc_vincenz_poem_5.txt,2.0
1100,jh_user_50,save,constantine_p_cavafy_in_the_dives_from_greek_trans_george_economou_poem_1.txt,2.0
1100,jh_user_84,save,dhsi_intro_network_analysis_otis.txt,2.0
1100,jh_user_6,save,eduardo_espina_a_vulnerable_factor_for_everyone_else_from_spanish_trans_daniel_borzutzky_poem_2.txt,2.0
1100,jh_user_64,save,for_all_time.txt,2.0
1100,jh_user_37,save,dhsi_agent-based_modeling_simpson.txt,2.0
1100,jh_user_97,save,eduardo_espina_the_incommensurable_always_wants_to_win_from_spanish_trans_daniel_borzutzky_poem_4.txt,2.0
1100,jh_user_42,save,dhsi_xml_python_meneses.txt,2.0
1100,jh_user_76,save,bùi_chát_deceptionnegligence_amp_a_sleeping_mat_of_woven_reeds_royal_proclamation_from_vietnamese_trans_jack_j_huynh_poem_3.txt,2.0
1100,jh_user_73,save,carlos_de_assumpção_crime_from_portuguese_trans_robert_smith_poem_2.txt,2.0
1100,jh_user_93,save,césar_vallejo_lxv_from_spanish_trans_césar_jumpa_sánchez_poem_4.txt,2.0
1100,jh_user_90,save,cécile_mainardi_from_from_french_trans_léon_pradeau_and_clara_nizard_poem_1.txt,2.0
1100,jh_user_55,save,dhsi_predigital_book_inscription_tech_huculak_et_al.txt,2.0
1100,jh_user_92,save,galina_rymbu_untitled_1_from_russian_trans_joan_brooks_poem_1.txt,2.0
1100,jh_user_14,save,dhsi_digitisation_fundamentals_davies_mcginn.txt,2.0
1100,jh_user_17,save,galina_rymbu_they_from_russian_trans_joan_brooks_poem_5.txt,2.0
1100,jh_user_70,save,carlos_de_assumpção_crime_from_portuguese_trans_robert_smith_poem_2.txt,2.0
1100,jh_user_61,save,czeslaw_milosz_lord_syruc_from_polish_trans_anthony_milosz_poem_3.txt,2.0
1100,jh_user_97,save,dhsi_2020_project_management.txt,2.0
1100,jh_user_99,save,eva_tizzani_kakeche_from_spanish_trans_david_brunson_poem_1.txt,2.0
1100,jh_user_20,save,bibi_slippers_fromnbspsecond_life_autobiography_from_afrikaans_trans_alice_inggs_poem_4.txt,2.0
1100,jh_user_35,save,bashkir_wholesale_trade_zulfira_shaimardanova_trans_yandex.txt,2.0
1100,jh_user_96,save,ghazal_mosadeq_untitled_2_from_persian_trans_khashayar_kess_mohammadi_poem_2.txt,2.0
1100,jh_user_25,save,elke_erb_warning_from_german_trans_shane_anderson_poem_10.txt,2.0
1100,jh_user_16,save,galina_rymbu_untitled_2_from_russian_trans_joan_brooks_poem_2.txt,2.0
1100,jh_user_68,save,elke_erb_inscription_under_the_skin_from_german_trans_shane_anderson_poem_6.txt,2.0
1100,jh_user_49,save,grzegorz_wróblewski_tendency_from_polish_trans_piotr_gwiazda_poem_2.txt,2.0
1100,jh_user_24,save,cécile_mainardi_superliquid_water_from_french_trans_léon_pradeau_and_clara_nizard_poem_2.txt,2.0
1100,jh_user_91,save,bùi_chát_exercise_to_unify_the_grammifying_lexicona_silence_which_merits_from_vietnamese_trans_jack_j_huynh_poem_1.txt,2.0
1101,jh_user_84,save,asmaa_azaizeh_i_didnt_believe_i_would_ever_learn_to_die_from_arabic_trans_yasmine_haj_poem_2.txt,2.0
1101,jh_user_30,save,emiliulian_sude_the_cleaning_lady_is_green_despite_her_blue_eyes_from_romanian_trans_diana_manole_poem_3.txt,2.0
1101,jh_user_46,save,dhsi_xml_python_meneses.txt,2.0
1101,jh_user_18,save,asmaa_azaizeh_metaphor_from_arabic_trans_yasmine_seale_poem_1.txt,2.0
1101,jh_user_5,save,dhsi_text_processing_techniques_traditions_maxwell.txt,2.0
1101,jh_user_21,save,gertrud_kolmar_good_night_from_german_trans_anna_henke_and_julia_gutterman_poem_5.txt,2.0
1101,jh_user_77,save,emiliulian_sude_starting_today_ill_try_to_fall_asleep_not_die_from_romanian_trans_diana_manole_poem_2.txt,2.0
1101,jh_user_79,save,dario_bellezza_untitled_3_from_italian_trans_peter_covino_poem_3.txt,2.0
1101,jh_user_81,save,elke_erb_pulse_from_german_trans_shane_anderson_poem_4.txt,2.0
1101,jh_user_28,save,csenger_kertai_i_from_hungarian_trans_diana_senechal_poem_2.txt,2.0
1101,jh_user_66,save,david_avidan_calling_card_from_hebrew_trans_tsipi_keller_poem_1.txt,2.0
1101,jh_user_13,save,ervina-halili_aura.txt,2.0
1101,jh_user_46,save,ghassan_zaqtan_song_of_the_three_patrols_from_arabic_trans_fady_joudah_poem_3.txt,2.0
1101,jh_user_20,save,fabio_pusterla_lumière_museum_from_italian_trans_damiano_abeni_and_moira_egan_poem_5.txt,2.0
1101,jh_user_57,save,choe_chiwon_presenting_feelings_to_the_chief_marshal_from_chinese_trans_jonathan_chan_poem_2.txt,2.0
1101,jh_user_52,save,dhsi_2020_rtl.txt,2.0
1101,jh_user_62,save,césar_vallejo_xv_from_spanish_trans_césar_jumpa_sánchez_poem_2.txt,2.0
1101,jh_user_76,save,bashkir_intermittent_life_anisa_tahirova_trans_yandex.txt,2.0
1101,jh_user_90,save,ghassan_zaqtan_return_from_arabic_trans_fady_joudah_poem_1.txt,2.0
1101,jh_user_38,save,dhsi_press_pannapacker_2012.txt,2.0
1101,jh_user_89,save,edith_bruck_to_be_born_by_chance_from_italian_trans_jeanne_bonner_poem_2.txt,2.0
1101,jh_user_59,save,galina_rymbu_untitled_1_from_russian_trans_joan_brooks_poem_1.txt,2.0
1101,jh_user_44,save,césar_vallejo_reputation_theory_from_spanish_trans_joseph_mulligan_poem_4.txt,2.0
1101,jh_user_8,save,dhsi_open_access_arbuckle.txt,2.0
1101,jh_user_93,save,dhsi_agent-based_modeling_simpson.txt,2.0
1101,jh_user_27,save,franca_mancinelli_the_sacrifice_becomes_milk_from_italian_trans_john_taylor_poem_4.txt,2.0
1101,jh_user_66,save,christa_i_de_la_cruz_waking_up_from_filipino_trans_ethan_chua_poem_4.txt,2.0
1101,jh_user_84,save,ashur_etwebi_a_house_in_the_wind_from_arabic_trans_ashur_etwebi_and_james_byrne_poem_5.txt,2.0
1101,jh_user_44,save,gunnar_wærness_business_of_the_dead__july_26_2016_from_norwegian_trans_gabriel_gudding_poem_4.txt,2.0
1101,jh_user_30,save,francesca_pellegrino_someones_gotta_win_from_italian_trans_adria_bernardi_poem_2.txt,2.0
1101,jh_user_48,save,emilio_prados_castle_without_strength_from_spanish_trans_donald_wellman_poem_8.txt,2.0
1101,jh_user_52,save,eva_tizzani_kakeche_from_spanish_trans_david_brunson_poem_1.txt,2.0
1101,jh_user_68,save,claude_ber_cutout_2_from_french_trans_elodie_olsoncoons_poem_2.txt,2.0
1101,jh_user_47,save,dmitri_alexandrovich_prigov_untitled_4_from_russian_trans_simon_schuchat_poem_4.txt,2.0
1101,jh_user_74,save,balam_rodrigo_commando_unit_rounds_up_eight_migrantsvillahermosa_tabasco_from_spanish_trans_dan_bellm_poem_4.txt,2.0
1101,jh_user_54,save,dmitri_alexandrovich_prigov_untitled_4_from_russian_trans_simon_schuchat_poem_4.txt,2.0
1101,jh_user_30,save,bùi_chát_fear_from_vietnamese_trans_jack_j_huynh_poem_2.txt,2.0
1101,jh_user_86,save,dhsi_conceptualizing_creating_a_digital_edition_stertzer_&_wasmoen.txt,2.0
1101,jh_user_72,save,elizaria_flores_iii_from_spanish_trans_david_m_brunson_poem_7.txt,2.0
1101,jh_user_49,save,astrid_haerens_6_from_flemish_trans_egan_garr_poem_6.txt,2.0
1101,jh_user_89,save,dhsi_conceptualizing_creating_a_digital_edition_stertzer_&_wasmoen.txt,2.0
1101,jh_user_67,save,dhsi_intro_to_e_lit_heckman_&_ensslin.txt,2.0
1101,jh_user_63,save,elizaria_flores_i_from_spanish_trans_david_m_brunson_poem_5.txt,2.0
1101,jh_user_71,save,bashkir_wholesale_trade_zulfira_shaimardanova_trans_yandex.txt,2.0
1101,jh_user_30,save,georgi_gospodinov_toutes_directions_from_bulgarian_trans_teodora_gandeva_poem_2.txt,2.0
1102,jh_user_50,save,francisco_paco_urondo_i_cannot_complain_from_spanish_trans_julia_leverone_poem_2.txt,2.0
1102,jh_user_54,save,diana_garza_islas_the_skeleton_who_adapted_to_the_route_from_spanish_trans_cal_paule_poem_3.txt,2.0
1102,jh_user_101,save,habib_tengour_shales_of_tahmad_2_from_french_trans_pierre_joris_poem_1.txt,2.0
1102,jh_user_26,save,elsa_morante_from_the_chemical_comedy_from_italian_trans_cristina_viti_poem_1.txt,2.0
1102,jh_user_8,save,galina_rymbu_could_from_russian_trans_joan_brooks_poem_4.txt,2.0
1102,jh_user_47,save,dolors_miquel_massacres_from_catalan_trans_mary_ann_newman_poem_1.txt,2.0
1102,jh_user_14,save,eduardo_espina_a_strait_poem_from_spanish_trans_daniel_borzutzky_poem_6.txt,2.0
1102,jh_user_24,save,eduardo_milán_20_from_spanish_trans_john_oliver_simon_poem_1.txt,2.0
1102,jh_user_12,save,august_bover_summer_from_catalan_trans_kristine_doll_poem_4.txt,2.0
1102,jh_user_28,save,ashur_etwebi_a_house_in_the_wind_from_arabic_trans_ashur_etwebi_and_james_byrne_poem_5.txt,2.0
1102,jh_user_4,save,elke_erb_warning_from_german_trans_shane_anderson_poem_10.txt,2.0
1102,jh_user_87,save,elke_erb_for_example_from_german_trans_sara_edinger_poem_3.txt,2.0
1102,jh_user_95,save,gertrud_kolmar_good_night_from_german_trans_anna_henke_and_julia_gutterman_poem_5.txt,2.0
1102,jh_user_2,save,bc_malahat_hoefle_&_ritland_rev_by_flemmer_2019.txt,2.0
1102,jh_user_81,save,dhsi_stylo_text_editor_sauret_&_vitali-rosati.txt,2.0
1102,jh_user_2,save,diana_garza_islas_invisible_shoe_or_three_visions_of_a_small_emperor_from_spanish_trans_cal_paule_poem_2.txt,2.0
1102,jh_user_73,save,f_t_marinetti_from_in_search_of_sweet_simultaneity_from_italian_trans_jennifer_scappettone_poem_1.txt,2.0
1102,jh_user_91,save,erika_burkart_work_from_german_trans_marc_vincenz_poem_2.txt,2.0
1102,jh_user_12,save,hatem_alzahrani_iv_from_arabic_trans_moneera_alghadeer_poem_4.txt,2.0
1102,jh_user_42,save,chen_yuhong_buddhist_pine_from_chinese_trans_george_oconnell_and_diana_shi_poem_2.txt,2.0
1102,jh_user_12,save,fabio_pusterla_ermannos_breath_from_italian_trans_damiano_abeni_and_moira_egan_poem_1.txt,2.0
1102,jh_user_50,save,dana_ranga_zeus_faber_from_german_trans_monika_cassel_poem_5.txt,2.0
1102,jh_user_9,save,dana_ranga_zeus_faber_from_german_trans_monika_cassel_poem_5.txt,2.0
1102,jh_user_60,save,fabio_pusterla_the_blackboard_janitor_from_italian_trans_damiano_abeni_and_moira_egan_poem_3.txt,2.0
1102,jh_user_67,save,bashkir_intermittent_life_anisa_tahirova_trans_yandex.txt,2.0
1102,jh_user_20,save,césar_vallejo_xv_from_spanish_trans_césar_jumpa_sánchez_poem_2.txt,2.0
1102,jh_user_9,save,ghazal_mosadeq_untitled_2_from_persian_trans_khashayar_kess_mohammadi_poem_2.txt,2.0
1102,jh_user_28,save,césar_vallejo_xlix_from_spanish_trans_césar_jumpa_sánchez_poem_3.txt,2.0
1102,jh_user_50,save,césar_vallejo_the_head_and_feet_of_dialectics_from_spanish_trans_joseph_mulligan_poem_2.txt,2.0
1102,jh_user_13,save,enver_ali_akova_from_a_time_back_to_a_plainnbsp_from_turkish_trans_zeynep_özer_poem_1.txt,2.0
1102,jh_user_11,save,emilio_prados_xx_from_spanish_trans_donald_wellman_poem_1.txt,2.0
1102,jh_user_16,save,franca_mancinelli_the_sacrifice_becomes_milk_from_italian_trans_john_taylor_poem_4.txt,2.0
1102,jh_user_71,save,haydar_ergülen_ghazal_apart_from_turkish_trans_derick_mattern_poem_3.txt,2.0
1102,jh_user_54,save,for_all_time.txt,2.0
1102,jh_user_36,save,bai_juyi_grass_from_chinese_trans_joey_schwartzman_poem_1.txt,2.0
1102,jh_user_15,save,ava_koohbor_vii_from_persian_trans_patrick_james_dunagan_and_ava_koohbor_poem_2.txt,2.0
1102,jh_user_53,save,barbi-markovic_excerpt-from-superheldinnen.txt,2.0
1102,jh_user_80,save,dhsi_sound_&_dh_barber.txt,2.0
1102,jh_user_30,save,bibi_slippers_fromnbspsecond_life_autobiography_from_afrikaans_trans_alice_inggs_poem_4.txt,2.0
1102,jh_user_81,save,emilio_prados_xxiii_from_spanish_trans_donald_wellman_poem_7.txt,2.0
1102,jh_user_62,save,ava_koohbor_vii_from_persian_trans_patrick_james_dunagan_and_ava_koohbor_poem_2.txt,2.0
1102,jh_user_65,save,flávio_de_araújo_the_man_mending_his_net_from_portuguese_trans_rachel_morgensternclarren_poem_1.txt,2.0
1103,jh_user_93,save,dhsi_modeling_virtual_augmented_realities_schubert_&_wieners.txt,2.0
1103,jh_user_70,save,elizaria_flores_ii_from_spanish_trans_david_m_brunson_poem_6.txt,2.0
1103,jh_user_62,save,gelsys_garcía_lorenzo_the_three_automatons_from_spanish_trans_maria_grau_perejoan_and_loretta_collins_klobah_poem_4.txt,2.0
1103,jh_user_18,save,bashkir_wholesale_trade_zulfira_shaimardanova_trans_yandex.txt,2.0
1103,jh_user_60,save,hagiwara_sakutarō_fire_from_japanese_trans_hiroaki_sato_poem_1.txt,2.0
1103,jh_user_95,save,eva_tizzani_to_burn_from_spanish_trans_david_brunson_poem_4.txt,2.0
1103,jh_user_77,save,dhsi_intro_to_iiif_robson_et_al.txt,2.0
1103,jh_user_92,save,bùi_chát_deceptionnegligence_amp_a_sleeping_mat_of_woven_reeds_royal_proclamation_from_vietnamese_trans_jack_j_huynh_poem_3.txt,2.0
1103,jh_user_42,save,hagiwara_sakutarō_fire_from_japanese_trans_hiroaki_sato_poem_1.txt,2.0
1103,jh_user_84,save,choe_chiwon_pomegranates_from_chinese_trans_jonathan_chan_poem_5.txt,2.0
1103,jh_user_23,save,haydar_ergülen_idyllic_ghazal_from_turkish_trans_derick_mattern_poem_4.txt,2.0
1103,jh_user_8,save,chuya_nakahara_song_of_upbringing_from_japanese_trans_christian_nagle_poem_1.txt,2.0
1103,jh_user_65,save,crauss_a_bit_late_from_german_trans_mark_kanak_poem_3.txt,2.0
1103,jh_user_17,save,dhsi_book_history_pedagogy_scalar_silva.txt,2.0
1103,jh_user_75,save,dhsi_modeling_virtual_augmented_realities_schubert_&_wieners.txt,2.0
1103,jh_user_90,save,bashkir_wholesale_trade_zulfira_shaimardanova_trans_yandex.txt,2.0
1103,jh_user_12,save,dhsi_book_history_pedagogy_scalar_silva.txt,2.0
1103,jh_user_97,save,dhsi_2020_rtl.txt,2.0
1103,jh_user_23,save,asmaa_azaizeh_i_didnt_believe_i_would_ever_learn_to_die_from_arabic_trans_yasmine_haj_poem_2.txt,2.0
1103,jh_user_51,save,dhsi_AbTeC_indigenous_video_games_as_storytelling_brown.txt,2.0
1103,jh_user_90,save,emilio_prados_castle_without_strength_from_spanish_trans_donald_wellman_poem_8.txt,2.0
1103,jh_user_75,save,astrid_haerens_1_from_flemish_trans_egan_garr_poem_1.txt,2.0
1103,jh_user_31,save,emilio_prados_voice_of_the_light_from_spanish_trans_donald_wellman_poem_4.txt,2.0
1103,jh_user_60,save,haydar_ergülen_brothers_of_ashnbsp_from_turkish_trans_derick_mattern_poem_5.txt,2.0
1103,jh_user_36,save,emilio_prados_xx_from_spanish_trans_donald_wellman_poem_1.txt,2.0
1103,jh_user_44,save,dhsi_wrangling_big_data_fortin.txt,2.0
1103,jh_user_86,save,dhsi_wrangling_big_data_fortin.txt,2.0
1103,jh_user_98,save,dmitri_alexandrovich_prigov_unbelievable_stories_from_russian_trans_simon_schuchat_poem_1.txt,2.0
1103,jh_user_55,save,bai_juyi_remembering_south_of_the_river_from_chinese_trans_joey_schwartzman_poem_4.txt,2.0
1103,jh_user_60,save,emiliulian_sude_the_cleaning_lady_is_green_despite_her_blue_eyes_from_romanian_trans_diana_manole_poem_3.txt,2.0
1103,jh_user_90,save,august_bover_autumn_from_catalan_trans_kristine_doll_poem_1.txt,2.0
1103,jh_user_5,save,elizaria_flores_ii_from_spanish_trans_david_m_brunson_poem_6.txt,2.0
1103,jh_user_44,save,elke_erb_inscription_under_the_skin_from_german_trans_shane_anderson_poem_6.txt,2.0
1103,jh_user_73,save,galina_rymbu_could_i_possibly_take_part_from_russian_trans_joan_brooks_poem_8.txt,2.0
1103,jh_user_69,save,claude_ber_cutout_3_from_french_trans_elodie_olsoncoons_poem_3.txt,2.0
1103,jh_user_92,save,benediktas-janusevicius_words.txt,2.0
1103,jh_user_22,save,deep_end.txt,2.0
1103,jh_user_21,save,benediktas-janusevicius_words.txt,2.0
1103,jh_user_24,save,balam_rodrigo_commando_unit_rounds_up_eight_migrantsvillahermosa_tabasco_from_spanish_trans_dan_bellm_poem_4.txt,2.0
1103,jh_user_59,save,hatem_alzahrani_iv_from_arabic_trans_moneera_alghadeer_poem_4.txt,2.0
1103,jh_user_11,save,francisca_aguirre_masterpiece_from_spanish_trans_montana_ray_poem_1.txt,2.0
1103,jh_user_52,save,choe_chiwon_being_at_ease_in_late_spring_to_my_friend_gu_yun_from_chinese_trans_jonathan_chan_poem_3.txt,2.0
1103,jh_user_87,save,carlito_azevedo_two_foreigners_from_portuguese_trans_sarah_rebecca_kersley_poem_1.txt,2.0
1103,jh_user_90,save,hatem_alzahrani_v_from_arabic_trans_moneera_alghadeer_poem_5.txt,2.0
1103,jh_user_98,save,hafez_ghazal_84_from_persian_trans_roger_sedarat_poem_1.txt,2.0
1104,jh_user_54,save,dhsi_stylometry_w_r_eder_&_byszuk.txt,2.0
1104,jh_user_81,save,dhsi_nlp_&_network_coding_for_text_corpus_analysis_tanasescu.txt,2.0
1104,jh_user_40,save,gelsys_garcía_lorenzo_the_dictator_from_spanish_trans_maria_grau_perejoan_and_loretta_collins_klobah_poem_2.txt,2.0
1104,jh_user_90,save,dhsi_race_social_justice_kim_&_nieves.txt,2.0
1104,jh_user_94,save,dhsi_wrangling_big_data_fortin.txt,2.0
1104,jh_user_4,save,dmitri_alexandrovich_prigov_unbelievable_stories_from_russian_trans_simon_schuchat_poem_1.txt,2.0
1104,jh_user_55,save,edith_bruck_to_be_born_by_chance_from_italian_trans_jeanne_bonner_poem_2.txt,2.0
1104,jh_user_88,save,ava_koohbor_vii_from_persian_trans_patrick_james_dunagan_and_ava_koohbor_poem_2.txt,2.0
1104,jh_user_25,save,dhsi_agent-based_modeling_simpson.txt,2.0
1104,jh_user_65,save,choe_chiwon_being_at_ease_in_late_spring_to_my_friend_gu_yun_from_chinese_trans_jonathan_chan_poem_3.txt,2.0
1104,jh_user_61,save,balam_rodrigo_migrants_prayer_from_spanish_trans_dan_bellm_poem_3.txt,2.0
1104,jh_user_13,save,dhsi_AbTeC_indigenous_video_games_as_storytelling_brown.txt,2.0
1104,jh_user_18,save,czeslaw_milosz_lord_syruc_from_polish_trans_anthony_milosz_poem_3.txt,2.0
1104,jh_user_40,save,hatem_alzahrani_i_from_arabic_trans_moneera_alghadeer_poem_1.txt,2.0
1104,jh_user_65,save,ashur_etwebi_borders_from_arabic_trans_ashur_etwebi_and_james_byrne_poem_1.txt,2.0
1104,jh_user_4,save,gennady_aygi_silence_from_russian_trans_alex_cigale_poem_1.txt,2.0
1104,jh_user_94,save,death_by_hanging.txt,2.0
1104,jh_user_55,save,fall_of_the_roman_empire.txt,2.0
1104,jh_user_40,save,emilio_prados_xxiii_from_spanish_trans_donald_wellman_poem_7.txt,2.0
1104,jh_user_24,save,eduardo_espina_blame_time_on_the_cathedrals_from_spanish_trans_daniel_borzutzky_poem_1.txt,2.0
1104,jh_user_73,save,ghazal_mosadeq_untitled_2_from_persian_trans_khashayar_kess_mohammadi_poem_2.txt,2.0
1104,jh_user_2,save,haydar_ergülen_open_sentence_from_turkish_trans_derick_mattern_poem_1.txt,2.0
1104,jh_user_23,save,hagiwara_sakutarō_fire_from_japanese_trans_hiroaki_sato_poem_1.txt,2.0
1104,jh_user_56,save,elizaria_flores_ii_from_spanish_trans_david_m_brunson_poem_6.txt,2.0
1104,jh_user_39,save,hatem_alzahrani_iv_from_arabic_trans_moneera_alghadeer_poem_4.txt,2.0
1104,jh_user_41,save,grzegorz_wróblewski_tendency_from_polish_trans_piotr_gwiazda_poem_2.txt,2.0
1104,jh_user_15,save,crauss_a_bit_late_from_german_trans_mark_kanak_poem_3.txt,2.0
1104,jh_user_77,save,ennio_moltedo_42_from_spanish_trans_marguerite_feitlowitz_poem_3.txt,2.0
1104,jh_user_75,save,galina_rymbu_could_i_possibly_take_part_from_russian_trans_joan_brooks_poem_8.txt,2.0
1104,jh_user_45,save,barbi-markovic_excerpt-from-superheldinnen.txt,2.0
1104,jh_user_67,save,eduardo_milán_31_from_spanish_trans_john_oliver_simon_poem_2.txt,2.0
1104,jh_user_3,save,barbi-markovic_excerpt-from-superheldinnen.txt,2.0
1104,jh_user_6,save,enver_ali_akova_no_fish_at_all_from_turkish_trans_zeynep_özer_poem_2.txt,2.0
1104,jh_user_78,save,ghassan_zaqtan_the_strangers_song_from_arabic_trans_fady_joudah_poem_2.txt,2.0
1105,jh_user_16,save,erika_burkart_world_histories_from_german_trans_marc_vincenz_poem_5.txt,2.0
1105,jh_user_25,save,hafez_ghazal_84_from_persian_trans_roger_sedarat_poem_1.txt,2.0
1105,jh_user_80,save,christa_i_de_la_cruz_airport_from_filipino_trans_ethan_chua_poem_2.txt,2.0
1105,jh_user_15,save,erika_burkart_work_from_german_trans_marc_vincenz_poem_2.txt,2.0
1105,jh_user_92,save,emilio_prados_xxi_from_spanish_trans_donald_wellman_poem_3.txt,2.0
1105,jh_user_14,save,dagmara_kraus_nightfender_from_german_trans_joshua_daniel_edwin_poem_4.txt,2.0
1105,jh_user_34,save,erika_burkart_work_from_german_trans_marc_vincenz_poem_2.txt,2.0
1105,jh_user_3,save,dhsi_xpath_xml_managing_projects_beshero-bondar_&_birnbaum.txt,2.0
1105,jh_user_61,save,emilio_prados_castle_without_strength_from_spanish_trans_donald_wellman_poem_8.txt,2.0
1105,jh_user_89,save,ghazal_mosadeq_untitled_3_from_persian_trans_khashayar_kess_mohammadi_poem_3.txt,2.0
1105,jh_user_8,save,david_avidan_calling_card_from_hebrew_trans_tsipi_keller_poem_1.txt,2.0
1105,jh_user_19,save,habib_tengour_thatch_watermeadow_and_sheet_metal_from_french_trans_pierre_joris_poem_2.txt,2.0
1105,jh_user_39,save,han_bo_substitution_from_chinese_trans_eleanor_goodman_poem_6.txt,2.0
1105,jh_user_27,save,dag_t_straumsvåg_optimists_from_norwegian_trans_robert_hedin_and_dag_t_straumsvåg_poem_1.txt,2.0
1105,jh_user_99,save,emiliulian_sude_starting_today_ill_try_to_fall_asleep_not_die_from_romanian_trans_diana_manole_poem_2.txt,2.0
1105,jh_user_17,save,claude_ber_cutout_1_from_french_trans_elodie_olsoncoons_poem_1.txt,2.0
1105,jh_user_67,save,francisca_aguirre_masterpiece_from_spanish_trans_montana_ray_poem_1.txt,2.0
1105,jh_user_61,save,dana_ranga_hippocampus_erectus_minor_maior_from_german_trans_monika_cassel_poem_2.txt,2.0
1105,jh_user_23,save,czeslaw_milosz_in_honor_of_reverend_baka_from_polish_trans_anthony_milosz_poem_1.txt,2.0
1105,jh_user_83,save,dmitri_alexandrovich_prigov_unbelievable_stories_from_russian_trans_simon_schuchat_poem_1.txt,2.0
1105,jh_user_64,save,bai_juyi_grass_from_chinese_trans_joey_schwartzman_poem_1.txt,2.0
1105,jh_user_88,save,enver_ali_akova_birdman_from_turkish_trans_zeynep_özer_poem_4.txt,2.0
1105,jh_user_35,save,dhsi_intro_to_e_lit_heckman_&_ensslin.txt,2.0
1105,jh_user_77,save,enver_ali_akova_no_fish_at_all_from_turkish_trans_zeynep_özer_poem_2.txt,2.0
1105,jh_user_17,save,ghazal_mosadeq_untitled_2_from_persian_trans_khashayar_kess_mohammadi_poem_2.txt,2.0
1105,jh_user_67,save,elke_erb_pulse_from_german_trans_shane_anderson_poem_4.txt,2.0
1105,jh_user_57,save,health.txt,2.0
1105,jh_user_58,save,dagmara_kraus_past_glossier_from_german_trans_joshua_daniel_edwin_poem_3.txt,2.0
1105,jh_user_23,save,césar_vallejo_xlix_from_spanish_trans_césar_jumpa_sánchez_poem_3.txt,2.0
1105,jh_user_23,save,dhsi_conference_adho_sig_2020.txt,2.0
1105,jh_user_49,save,christa_i_de_la_cruz_waking_up_from_filipino_trans_ethan_chua_poem_4.txt,2.0
1105,jh_user_13,save,elizaria_flores_chronicles_from_spanish_trans_david_m_brunson_poem_4.txt,2.0
1105,jh_user_50,save,hannele-mikaela-taivassalo_5-knives_excerpt.txt,2.0
1105,jh_user_31,save,dhsi_2020_ideah.txt,2.0
1105,jh_user_21,save,flávio_de_araújo_the_floating_body_from_portuguese_trans_rachel_morgensternclarren_poem_2.txt,2.0
1105,jh_user_66,save,barbi-markovic_part2.txt,2.0
1105,jh_user_12,save,aung_khin_myint_mirror_with_a_stutter_from_burmese_trans_ko_ko_thett_poem_4.txt,2.0
1105,jh_user_20,save,césar_vallejo_reputation_theory_from_spanish_trans_joseph_mulligan_poem_4.txt,2.0
1105,jh_user_61,save,fall_of_the_roman_empire.txt,2.0
1105,jh_user_7,save,dmitri_alexandrovich_prigov_untitled_4_from_russian_trans_simon_schuchat_poem_4.txt,2.0
1105,jh_user_81,save,deep_end.txt,2.0
1105,jh_user_31,save,fabián_severo_twentyeight_from_portunhol_trans_laura_cesarco_eglin_and_jesse_lee_kercheval_poem_5.txt,2.0
1105,jh_user_47,save,bùi_chát_deceptionnegligence_amp_a_sleeping_mat_of_woven_reeds_royal_proclamation_from_vietnamese_trans_jack_j_huynh_poem_3.txt,2.0
1105,jh_user_5,save,franca_mancinelli_every_morning_at_the_white_wall_from_italian_trans_john_taylor_poem_1.txt,2.0
1105,jh_user_60,save,hai_zi_unfortunate_from_chinese_trans_ye_chun_poem_3.txt,2.0
1105,jh_user_89,save,dhsi_press_pannapacker_2012.txt,2.0
1106,jh_user_39,save,eduardo_espina_a_vulnerable_factor_for_everyone_else_from_spanish_trans_daniel_borzutzky_poem_2.txt,2.0
1106,jh_user_19,save,erika_burkart_world_histories_from_german_trans_marc_vincenz_poem_5.txt,2.0
1106,jh_user_48,save,galina_rymbu_could_from_russian_trans_joan_brooks_poem_4.txt,2.0
1106,jh_user_70,save,bc_malahat_bruck_rev_by_kenyon_2019.txt,2.0
1106,jh_user_91,save,cécile_mainardi_superliquid_water_from_french_trans_léon_pradeau_and_clara_nizard_poem_2.txt,2.0
1106,jh_user_49,save,dhsi_intro_data_analysis_visualization_in_r_cordell_&_palermo.txt,2.0
1106,jh_user_67,save,aung_khin_myint_mirror_with_a_stutter_from_burmese_trans_ko_ko_thett_poem_4.txt,2.0
1106,jh_user_60,save,christa_i_de_la_cruz_odysseus_from_filipino_trans_ethan_chua_poem_3.txt,2.0
1106,jh_user_32,save,dhsi_games_tools_for_research_saklofske.txt,2.0
1106,jh_user_2,save,eduardo_espina_the_fog_discusses_the_horse_from_spanish_trans_daniel_borzutzky_poem_3.txt,2.0
1106,jh_user_64,save,cécile_mainardi_superliquid_water_from_french_trans_léon_pradeau_and_clara_nizard_poem_2.txt,2.0
1106,jh_user_96,save,enver_ali_akova_no_fish_at_all_from_turkish_trans_zeynep_özer_poem_2.txt,2.0
1106,jh_user_50,save,health.txt,2.0
1106,jh_user_59,save,czeslaw_milosz_in_honor_of_reverend_baka_from_polish_trans_anthony_milosz_poem_1.txt,2.0
1106,jh_user_75,save,gennady_aygi_untitled_3_from_russian_trans_alex_cigale_poem_3.txt,2.0
1106,jh_user_46,save,chuya_nakahara_song_of_upbringing_from_japanese_trans_christian_nagle_poem_1.txt,2.0
1106,jh_user_41,save,bashkir_false_information_akyondoz_trans_yandex.txt,2.0
1106,jh_user_24,save,dhsi_intro_to_iiif_robson_et_al.txt,2.0
1106,jh_user_44,save,carlos_de_assumpção_batuque_from_portuguese_trans_robert_smith_poem_1.txt,2.0
1106,jh_user_60,save,elke_erb_pulse_from_german_trans_shane_anderson_poem_4.txt,2.0
1106,jh_user_68,save,galina_rymbu_untitled_1_from_russian_trans_joan_brooks_poem_1.txt,2.0
1106,jh_user_21,save,carlos_de_assumpção_batuque_from_portuguese_trans_robert_smith_poem_1.txt,2.0
1106,jh_user_97,save,dijala_hasanbegović_my_first_single_from_bosnian_trans_mirza_purić_poem_4.txt,2.0
1106,jh_user_22,save,gennady_aygi_silence_from_russian_trans_alex_cigale_poem_1.txt,2.0
1106,jh_user_43,save,dijala_hasanbegović_amnesia_from_bosnian_trans_mirza_purić_poem_1.txt,2.0
1106,jh_user_42,save,geminii_inside-a-boy's-mouth.txt,2.0
1106,jh_user_52,save,claudiu_komartin_untitled_from_romanian_trans_diana_manole_poem_2.txt,2.0
1106,jh_user_68,save,fabio_pusterla_lumière_museum_from_italian_trans_damiano_abeni_and_moira_egan_poem_5.txt,2.0
1106,jh_user_85,save,david_avidan_summer_1962_from_hebrew_trans_tsipi_keller_poem_3.txt,2.0
1106,jh_user_54,save,david_avidan_summer_1962_from_hebrew_trans_tsipi_keller_poem_3.txt,2.0
1106,jh_user_82,save,dag_t_straumsvåg_optimists_from_norwegian_trans_robert_hedin_and_dag_t_straumsvåg_poem_1.txt,2.0
1106,jh_user_8,save,bibi_slippers_reference_to_the_polkadotartworks_of_yayoi_kusama_from_afrikaans_trans_alice_inggs_poem_3.txt,2.0
1106,jh_user_28,save,dhsi_cv_for_dh_makers_grigar_et_al.txt,2.0
1106,jh_user_94,save,galina_rymbu_could_from_russian_trans_joan_brooks_poem_4.txt,2.0
1106,jh_user_33,save,bruna_beber_23_from_portuguese_trans_sarah_rebecca_kersley_poem_3.txt,2.0
1106,jh_user_87,save,dhsi_sound_&_dh_barber.txt,2.0
1107,jh_user_55,save,fabio_pusterla_ermannos_breath_from_italian_trans_damiano_abeni_and_moira_egan_poem_1.txt,2.0
1107,jh_user_33,save,chuya_nakahara_song_of_upbringing_from_japanese_trans_christian_nagle_poem_1.txt,2.0
1107,jh_user_77,save,aung_khin_myint_another_holy_name_for_cold_from_burmese_trans_ko_ko_thett_poem_2.txt,2.0
1107,jh_user_58,save,césar_vallejo_xlix_from_spanish_trans_césar_jumpa_sánchez_poem_3.txt,2.0
1107,jh_user_48,save,ervina-halili_the-same-sleep.txt,2.0
1107,jh_user_25,save,gábor_schein_the_taste_of_salt_from_hungarian_trans_erika_mihálycsa_poem_2.txt,2.0
1107,jh_user_19,save,christa_i_de_la_cruz_airport_from_filipino_trans_ethan_chua_poem_2.txt,2.0
1107,jh_user_34,save,ashur_etwebi_a_house_in_the_wind_from_arabic_trans_ashur_etwebi_and_james_byrne_poem_5.txt,2.0
1107,jh_user_54,save,fiston-mwanza-mujila_excerpt-from-tram-83.txt,2.0
1107,jh_user_53,save,georgi_gospodinov_disbanding_loves_armies_from_bulgarian_trans_teodora_gandeva_poem_3.txt,2.0
1107,jh_user_28,save,carlos_de_assumpção_my_grandparents_from_portuguese_trans_robert_smith_poem_4.txt,2.0
1107,jh_user_36,save,dhsi_intersectional_feminist_dh_cong-huyen_&_phillips.txt,2.0
1107,jh_user_9,save,dmitri_alexandrovich_prigov_unbelievable_stories_from_russian_trans_simon_schuchat_poem_1.txt,2.0
1107,jh_user_59,save,carlito_azevedo_two_foreigners_from_portuguese_trans_sarah_rebecca_kersley_poem_1.txt,2.0
1107,jh_user_67,save,elke_erb_not_having_the_word_from_german_trans_shane_anderson_poem_9.txt,2.0
1107,jh_user_101,save,august_bover_autumn_from_catalan_trans_kristine_doll_poem_1.txt,2.0
1107,jh_user_52,save,elke_erb_looking_inward_from_german_trans_shane_anderson_poem_5.txt,2.0
1107,jh_user_46,save,breyten_breytenbach_a_footnote_under_the_night_of_history_from_afrikaans_trans_ampie_coetzee_poem_1.txt,2.0
1107,jh_user_42,save,carlos_de_assumpção_crime_from_portuguese_trans_robert_smith_poem_2.txt,2.0
1107,jh_user_49,save,hannele-mikaela-taivassalo_5-knives_excerpt.txt,2.0
1107,jh_user_32,save,georgy_ivanov_how_fussy_from_russian_trans_harry_leeds_poem_2.txt,2.0
1107,jh_user_96,save,galina_rymbu_could_i_possibly_take_part_from_russian_trans_joan_brooks_poem_8.txt,2.0
1107,jh_user_98,save,eduardo_espina_the_fog_discusses_the_horse_from_spanish_trans_daniel_borzutzky_poem_3.txt,2.0
1107,jh_user_53,save,dhsi_accessibility_&_digital_environments_templeton_&_williams.txt,2.0
1107,jh_user_98,save,constantine_p_cavafy_in_the_dives_from_greek_trans_george_economou_poem_1.txt,2.0
1107,jh_user_35,save,dhsi_AbTeC_indigenous_video_games_as_storytelling_brown.txt,2.0
1107,jh_user_61,save,godfather_1.txt,2.0
1107,jh_user_40,save,emilio_prados_shadow_of_april_from_spanish_trans_donald_wellman_poem_2.txt,2.0
1107,jh_user_6,save,elizaria_flores_no_street_will_survive_you_from_spanish_trans_david_m_brunson_poem_9.txt,2.0
1107,jh_user_83,save,dario_bellezza_fromnbspsecret_deathnbsp1976_from_italian_trans_peter_covino_poem_1.txt,2.0
1107,jh_user_84,save,eva_tizzani_kakeche_from_spanish_trans_david_brunson_poem_1.txt,2.0
1107,jh_user_47,save,erika_burkart_evening_parlour_from_german_trans_marc_vincenz_poem_1.txt,2.0
1107,jh_user_52,save,haydar_ergülen_brothers_of_ashnbsp_from_turkish_trans_derick_mattern_poem_5.txt,2.0
1107,jh_user_89,save,emilio_prados_xxii_from_spanish_trans_donald_wellman_poem_5.txt,2.0
1107,jh_user_41,save,erika_burkart_mountain_night_from_german_trans_marc_vincenz_poem_3.txt,2.0
1107,jh_user_41,save,emilio_prados_xxiii_from_spanish_trans_donald_wellman_poem_7.txt,2.0
1107,jh_user_88,save,eva_tizzani_kakeche_from_spanish_trans_david_brunson_poem_1.txt,2.0
1107,jh_user_13,save,casablanca_spanish.txt,2.0
1108,jh_user_79,save,grzegorz_wróblewski_you_cant_expand_on_this_poem_you_can_only_copy_it_from_the_screen_from_polish_trans_piotr_gwiazda_poem_1.txt,2.0
1108,jh_user_1,save,eva_tizzani_dead_moths_from_spanish_trans_david_brunson_poem_3.txt,2.0
1108,jh_user_76,save,hatem_alzahrani_ii_from_arabic_trans_moneera_alghadeer_poem_2.txt,2.0
1108,jh_user_53,save,grzegorz_wróblewski_young_and_old_in_the_park_from_polish_trans_piotr_gwiazda_poem_3.txt,2.0
1108,jh_user_76,save,dhsi_teaching_h_to_generation_z_puchkovskaya.txt,2.0
1108,jh_user_86,save,eduardo_espina_blame_time_on_the_cathedrals_from_spanish_trans_daniel_borzutzky_poem_1.txt,2.0
1108,jh_user_19,save,gábor_schein_captain_corneliuss_letter_from_pannonia_to_burrus_nbsp_nbsp_nbsp_nbsp_nbsp_nbsp_nbsp_nbspto_the_colonial_office_in_rome_from_hungarian_trans_erika_mihálycsa_poem_1.txt,2.0
1108,jh_user_15,save,erika_burkart_world_histories_from_german_trans_marc_vincenz_poem_5.txt,2.0
1108,jh_user_99,save,bruna_beber_from_bakery_street_from_portuguese_trans_sarah_rebecca_kersley_poem_5.txt,2.0
1108,jh_user_22,save,bashkir_all_about_you_halim_aydar_trans_yandex.txt,2.0
1108,jh_user_24,save,hatem_alzahrani_v_from_arabic_trans_moneera_alghadeer_poem_5.txt,2.0
1108,jh_user_50,save,astrid_haerens_2_from_flemish_trans_egan_garr_poem_2.txt,2.0
1108,jh_user_61,save,astrid_haerens_3_from_flemish_trans_egan_garr_poem_3.txt,2.0
1108,jh_user_16,save,emilio_prados_shadow_of_april_from_spanish_trans_donald_wellman_poem_2.txt,2.0
1108,jh_user_10,save,enver_ali_akova_from_a_time_back_to_a_plainnbsp_from_turkish_trans_zeynep_özer_poem_1.txt,2.0
1108,jh_user_74,save,dmitri_alexandrovich_prigov_untitled_3_from_russian_trans_simon_schuchat_poem_3.txt,2.0
1108,jh_user_13,save,elke_erb_inscription_under_the_skin_from_german_trans_shane_anderson_poem_6.txt,2.0
1108,jh_user_34,save,choe_chiwon_being_at_ease_in_late_spring_to_my_friend_gu_yun_from_chinese_trans_jonathan_chan_poem_3.txt,2.0
1108,jh_user_49,save,bai_juyi_sleeping_on_a_night_of_autumn_rain_from_chinese_trans_joey_schwartzman_poem_3.txt,2.0
1108,jh_user_86,save,birger-emanuelsen_anna-and-love_part1.txt,2.0
1108,jh_user_13,save,fabio_pusterla_the_blackboard_janitor_from_italian_trans_damiano_abeni_and_moira_egan_poem_3.txt,2.0
1108,jh_user_69,save,ghazal_mosadeq_untitled_3_from_persian_trans_khashayar_kess_mohammadi_poem_3.txt,2.0
1108,jh_user_88,save,bruna_beber_from_bakery_street_from_portuguese_trans_sarah_rebecca_kersley_poem_5.txt,2.0
1108,jh_user_90,save,carlito_azevedo_two_foreigners_from_portuguese_trans_sarah_rebecca_kersley_poem_1.txt,2.0
1108,jh_user_18,save,diana_garza_islas_the_skeleton_who_adapted_to_the_route_from_spanish_trans_cal_paule_poem_3.txt,2.0
1108,jh_user_49,save,dhsi_book_history_pedagogy_scalar_silva.txt,2.0
1108,jh_user_40,save,dagmara_kraus_past_glossier_from_german_trans_joshua_daniel_edwin_poem_3.txt,2.0
1108,jh_user_88,save,han_bo_hide_from_chinese_trans_eleanor_goodman_poem_2.txt,2.0
1108,jh_user_89,save,claudiu_komartin_untitled_from_romanian_trans_diana_manole_poem_2.txt,2.0
1108,jh_user_16,save,habib_tengour_thatch_watermeadow_and_sheet_metal_from_french_trans_pierre_joris_poem_2.txt,2.0
1108,jh_user_6,save,hafez_ghazal_84_from_persian_trans_roger_sedarat_poem_1.txt,2.0
1108,jh_user_95,save,gelsys_garcía_lorenzo_the_dictator_from_spanish_trans_maria_grau_perejoan_and_loretta_collins_klobah_poem_2.txt,2.0
1108,jh_user_70,save,claude_ber_cutout_1_from_french_trans_elodie_olsoncoons_poem_1.txt,2.0
1108,jh_user_15,save,césar_vallejo_the_head_and_feet_of_dialectics_from_spanish_trans_joseph_mulligan_poem_2.txt,2.0
1108,jh_user_75,save,dhsi_music_encoding_duguid_&_viglianti.txt,2.0
1108,jh_user_11,save,david_avidan_summer_1962_from_hebrew_trans_tsipi_keller_poem_3.txt,2.0
1108,jh_user_26,save,dag_t_straumsvåg_optimists_from_norwegian_trans_robert_hedin_and_dag_t_straumsvåg_poem_1.txt,2.0
1109,jh_user_53,save,dhsi_2020_ideah.txt,2.0
1109,jh_user_73,save,david_rosenmanntaub_cxxxix_from_spanish_trans_iván_brave_poem_5.txt,2.0
1109,jh_user_18,save,bruna_beber_23_from_portuguese_trans_sarah_rebecca_kersley_poem_3.txt,2.0
1109,jh_user_96,save,czeslaw_milosz_in_honor_of_reverend_baka_from_polish_trans_anthony_milosz_poem_1.txt,2.0
1109,jh_user_31,save,david_avidan_concerning_the_gloomy_love_of_j_alfred_prufrock_from_hebrew_trans_tsipi_keller_poem_4.txt,2.0
1109,jh_user_20,save,dag_t_straumsvåg_out_of_breath_from_norwegian_trans_robert_hedin_and_dag_t_straumsvåg_poem_2.txt,2.0
1109,jh_user_40,save,bc_malahat_bruck_rev_by_kenyon_2019.txt,2.0
1109,jh_user_8,save,dhsi_processing_humanities_multimedia_evans_&_romphf.txt,2.0
1109,jh_user_77,save,dag_t_straumsvåg_endless_plains_clouds_from_norwegian_trans_robert_hedin_and_dag_t_straumsvåg_poem_4.txt,2.0
1109,jh_user_57,save,bruna_beber_23_from_portuguese_trans_sarah_rebecca_kersley_poem_3.txt,2.0
1109,jh_user_55,save,emilio_prados_castle_without_strength_from_spanish_trans_donald_wellman_poem_8.txt,2.0
1109,jh_user_7,save,dhsi_processing_humanities_multimedia_evans_&_romphf.txt,2.0
1109,jh_user_49,save,astrid_haerens_2_from_flemish_trans_egan_garr_poem_2.txt,2.0
1109,jh_user_41,save,emilio_prados_castle_without_strength_from_spanish_trans_donald_wellman_poem_8.txt,2.0
1109,jh_user_99,save,choe_chiwon_pomegranates_from_chinese_trans_jonathan_chan_poem_5.txt,2.0
1109,jh_user_3,save,ghassan_zaqtan_song_of_the_three_patrols_from_arabic_trans_fady_joudah_poem_3.txt,2.0
1109,jh_user_75,save,dhsi_race_social_justice_kim_&_nieves.txt,2.0
1109,jh_user_67,save,asmaa_azaizeh_i_didnt_believe_i_would_ever_learn_to_die_from_arabic_trans_yasmine_haj_poem_2.txt,2.0
1109,jh_user_100,save,choe_chiwon_being_at_ease_in_late_spring_to_my_friend_gu_yun_from_chinese_trans_jonathan_chan_poem_3.txt,2.0
1109,jh_user_81,save,gisela_hemau_piazza_di_spagna_early_morning_from_german_trans_sara_edinger_poem_3.txt,2.0
1109,jh_user_67,save,balam_rodrigo_remains_identified_of_eight_honduran_migrants_killed_in_mexico_from_spanish_trans_dan_bellm_poem_5.txt,2.0
1109,jh_user_10,save,asmaa_azaizeh_i_didnt_believe_i_would_ever_learn_to_die_from_arabic_trans_yasmine_haj_poem_2.txt,2.0
1109,jh_user_65,save,césar_moro_the_scandalous_life_of_césar_moro_from_spanish_trans_leslie_bary_and_esteban_quispe_poem_2.txt,2.0
1109,jh_user_80,save,gunnar_wærness_business_of_the_dead__july_26_2016_from_norwegian_trans_gabriel_gudding_poem_4.txt,2.0
1109,jh_user_8,save,enver_ali_akova_from_a_time_back_to_a_plainnbsp_from_turkish_trans_zeynep_özer_poem_1.txt,2.0
1109,jh_user_15,save,dana_ranga_hippocampus_erectus_minor_maior_from_german_trans_monika_cassel_poem_2.txt,2.0
1109,jh_user_57,save,dhsi_modeling_virtual_augmented_realities_schubert_&_wieners.txt,2.0
1109,jh_user_54,save,balam_rodrigo_1607121_nnbsp_9348117_w__tonalá_chiapas_from_spanish_trans_dan_bellm_poem_1.txt,2.0
1109,jh_user_69,save,carlos_de_assumpção_batuque_from_portuguese_trans_robert_smith_poem_1.txt,2.0
1109,jh_user_42,save,dario_bellezza_from_lovebooknbsplovernbsp1982_from_italian_trans_peter_covino_poem_2.txt,2.0
1109,jh_user_55,save,claudiu_komartin_untitled_from_romanian_trans_diana_manole_poem_2.txt,2.0
1109,jh_user_89,save,christa_i_de_la_cruz_fluid_from_filipino_trans_ethan_chua_poem_5.txt,2.0
1109,jh_user_56,save,erika_burkart_work_from_german_trans_marc_vincenz_poem_2.txt,2.0
1109,jh_user_9,save,habib_tengour_thatch_watermeadow_and_sheet_metal_from_french_trans_pierre_joris_poem_2.txt,2.0
1109,jh_user_68,save,edith_bruck_life_from_italian_trans_jeanne_bonner_poem_4.txt,2.0
1109,jh_user_61,save,asmaa_azaizeh_sacrificial_poem_from_arabic_trans_yasmine_seale_poem_2.txt,2.0
1109,jh_user_89,save,dana_ranga_zeus_faber_from_german_trans_monika_cassel_poem_5.txt,2.0
1110,jh_user_48,save,hagiwara_sakutarō_fire_from_japanese_trans_hiroaki_sato_poem_1.txt,2.0
1110,jh_user_96,save,emilio-alvarez_the-rain-pours-on-ourense-yet-again.txt,2.0
1110,jh_user_98,save,ghassan_zaqtan_song_of_the_three_patrols_from_arabic_trans_fady_joudah_poem_3.txt,2.0
1110,jh_user_75,save,enver_ali_akova_birdman_from_turkish_trans_zeynep_özer_poem_4.txt,2.0
1110,jh_user_73,save,hatem_alzahrani_v_from_arabic_trans_moneera_alghadeer_poem_5.txt,2.0
1110,jh_user_42,save,enver_ali_akova_de_se_et_nunc_from_turkish_trans_zeynep_özer_poem_3.txt,2.0
1110,jh_user_33,save,atmanam_a_nonexistent_title_from_tamil_trans_shriram_sivaramakrishnan_poem_4.txt,2.0
1110,jh_user_67,save,constantine_p_cavafy_in_the_dives_from_greek_trans_george_economou_poem_1.txt,2.0
1110,jh_user_9,save,dhsi_intersectional_feminist_dh_cong-huyen_&_phillips.txt,2.0
1110,jh_user_46,save,gökçenur_ç_were_in_the_world_so_are_words_how_nice_that_were_all_here_from_turkish_trans_erik_mortenson_poem_1.txt,2.0
1110,jh_user_78,save,astrid_haerens_3_from_flemish_trans_egan_garr_poem_3.txt,2.0
1110,jh_user_77,save,ghassan_zaqtan_return_from_arabic_trans_fady_joudah_poem_1.txt,2.0
1110,jh_user_85,save,dhsi_book_history_pedagogy_scalar_silva.txt,2.0
1110,jh_user_77,save,dhsi_history_based_video_games_lawler_&_smith.txt,2.0
1110,jh_user_1,save,dag_t_straumsvåg_endless_plains_clouds_from_norwegian_trans_robert_hedin_and_dag_t_straumsvåg_poem_4.txt,2.0
1110,jh_user_91,save,aung_khin_myint_mirror_with_a_stutter_from_burmese_trans_ko_ko_thett_poem_4.txt,2.0
1110,jh_user_41,save,carlos_de_assumpção_my_grandparents_from_portuguese_trans_robert_smith_poem_4.txt,2.0
1110,jh_user_85,save,dario_bellezza_fromnbspsecret_deathnbsp1976_from_italian_trans_peter_covino_poem_1.txt,2.0
1110,jh_user_91,save,han_bo_hide_from_chinese_trans_eleanor_goodman_poem_2.txt,2.0
1110,jh_user_94,save,emilio_prados_xxii_from_spanish_trans_donald_wellman_poem_5.txt,2.0
1110,jh_user_89,save,fabián_severo_ten_from_portunhol_trans_laura_cesarco_eglin_and_jesse_lee_kercheval_poem_1.txt,2.0
1110,jh_user_67,save,bc_malahat_hoefle_&_ritland_rev_by_flemmer_2019.txt,2.0
1110,jh_user_50,save,dhsi_digitisation_fundamentals_davies_mcginn.txt,2.0
1110,jh_user_75,save,czeslaw_milosz_in_honor_of_reverend_baka_from_polish_trans_anthony_milosz_poem_1.txt,2.0
1110,jh_user_97,save,eva_tizzani_to_burn_from_spanish_trans_david_brunson_poem_4.txt,2.0
1110,jh_user_68,save,clemens-schittko_duodenal-exercise.txt,2.0
1110,jh_user_86,save,czeslaw_milosz_antegor_from_polish_trans_anthony_milosz_poem_2.txt,2.0
1110,jh_user_93,save,eduardo_espina_the_incommensurable_always_wants_to_win_from_spanish_trans_daniel_borzutzky_poem_4.txt,2.0
1110,jh_user_3,save,bruna_beber_37_from_portuguese_trans_sarah_rebecca_kersley_poem_4.txt,2.0
1110,jh_user_61,save,han_bo_lost_from_chinese_trans_eleanor_goodman_poem_4.txt,2.0
1110,jh_user_37,save,bashkir_reflections_gaynan_amiri_trans_yandex.txt,2.0
1110,jh_user_9,save,aung_khin_myint_mirror_with_a_stutter_from_burmese_trans_ko_ko_thett_poem_4.txt,2.0
1110,jh_user_44,save,habib_tengour_shales_of_tahmad_2_from_french_trans_pierre_joris_poem_1.txt,2.0
1110,jh_user_87,save,bachtyar_ali_i_do_not_remember_this_city_from_kurdish_trans_dilan_qadir_poem_2.txt,2.0
1110,jh_user_29,save,carlos_de_assumpção_my_grandparents_from_portuguese_trans_robert_smith_poem_4.txt,2.0
1110,jh_user_18,save,bibi_slippers_exploration_of_the_nature_of_obsession_with_specific_from_afrikaans_trans_alice_inggs_poem_2.txt,2.0
1110,jh_user_78,save,gur-genc_stavrokono-29-years-later.txt,2.0
1110,jh_user_15,save,habib_tengour_shales_of_tahmad_2_from_french_trans_pierre_joris_poem_1.txt,2.0
1110,jh_user_95,save,dhsi_processing_humanities_multimedia_evans_&_romphf.txt,2.0
1110,jh_user_90,save,ayaka_satō_tanka_from_japanese_trans_corey_wakeling_and_hiromitsu_koiso_poem_3.txt,2.0
1110,jh_user_3,save,christa_i_de_la_cruz_fluid_from_filipino_trans_ethan_chua_poem_5.txt,2.0
1110,jh_user_71,save,ayaka_satō_the_unseen_kyoto_from_japanese_trans_corey_wakeling_and_hiromitsu_koiso_poem_1.txt,2.0
1110,jh_user_39,save,gökçenur_ç_i_watch_with_love_like_a_stupid_student_from_turkish_trans_erik_mortenson_poem_3.txt,2.0
1110,jh_user_92,save,dhsi_intro_to_iiif_robson_et_al.txt,2.0
1110,jh_user_64,save,georgi_gospodinov_place_des_vosges_from_bulgarian_trans_teodora_gandeva_poem_1.txt,2.0
1110,jh_user_69,save,balam_rodrigo_remains_identified_of_eight_honduran_migrants_killed_in_mexico_from_spanish_trans_dan_bellm_poem_5.txt,2.0
1110,jh_user_14,save,gökçenur_ç_i_watch_with_love_like_a_stupid_student_from_turkish_trans_erik_mortenson_poem_3.txt,2.0
1110,jh_user_25,save,dhsi_nlp_&_network_coding_for_text_corpus_analysis_tanasescu.txt,2.0
1110,jh_user_27,save,gertrud_kolmar_mourning_play_from_german_trans_anna_henke_and_julia_gutterman_poem_1.txt,2.0
1110,jh_user_83,save,hakan_savlı_ario_da_capo_from_turkish_trans_abbas_karakaya_and_elizabeth_raible_poem_1.txt,2.0
1110,jh_user_97,save,franca_mancinelli_sprouting_up_from_my_solesnbspnbspnbspnbspnbspnbsp_from_italian_trans_john_taylor_poem_3.txt,2.0
1110,jh_user_30,save,balam_rodrigo_commando_unit_rounds_up_eight_migrantsvillahermosa_tabasco_from_spanish_trans_dan_bellm_poem_4.txt,2.0
1110,jh_user_74,save,elke_erb_harmony_from_german_trans_shane_anderson_poem_8.txt,2.0
1111,jh_user_51,save,haydar_ergülen_open_sentence_from_turkish_trans_derick_mattern_poem_1.txt,2.0
1111,jh_user_37,save,gelsys_garcía_lorenzo_the_dictator_from_spanish_trans_maria_grau_perejoan_and_loretta_collins_klobah_poem_2.txt,2.0
1111,jh_user_63,save,claudina_domingo_solitudes_from_spanish_trans_ryan_greene_poem_2.txt,2.0
1111,jh_user_39,save,dhsi_2020_rtl.txt,2.0
1111,jh_user_94,save,crauss_everything_will_be_alright_from_german_trans_mark_kanak_poem_2.txt,2.0
1111,jh_user_61,save,ashur_etwebi_a_house_in_the_wind_from_arabic_trans_ashur_etwebi_and_james_byrne_poem_5.txt,2.0
1111,jh_user_75,save,elke_erb_inscription_under_the_skin_from_german_trans_shane_anderson_poem_6.txt,2.0
1111,jh_user_19,save,bashkir_all_about_you_halim_aydar_trans_yandex.txt,2.0
1111,jh_user_61,save,dhsi_2020_rtl.txt,2.0
1111,jh_user_74,save,gennady_aygi_silence_from_russian_trans_alex_cigale_poem_1.txt,2.0
1111,jh_user_63,save,bruna_beber_23_from_portuguese_trans_sarah_rebecca_kersley_poem_3.txt,2.0
1111,jh_user_70,save,francisco_paco_urondo_the_tree_of_life_from_spanish_trans_julia_leverone_poem_4.txt,2.0
1111,jh_user_15,save,georgi_gospodinov_place_des_vosges_from_bulgarian_trans_teodora_gandeva_poem_1.txt,2.0
1111,jh_user_98,save,han_bo_lost_from_chinese_trans_eleanor_goodman_poem_4.txt,2.0
1111,jh_user_13,save,dario_bellezza_from_lovebooknbsplovernbsp1982_from_italian_trans_peter_covino_poem_2.txt,2.0
1111,jh_user_30,save,flávio_de_araújo_the_man_mending_his_net_from_portuguese_trans_rachel_morgensternclarren_poem_1.txt,2.0
1111,jh_user_92,save,august_bover_winter_from_catalan_trans_kristine_doll_poem_2.txt,2.0
1111,jh_user_101,save,blanca_varela_material_exercises_from_spanish_trans_vered_engelhard_poem_1.txt,2.0
1111,jh_user_53,save,hai_zi_wheat_field_of_may_from_chinese_trans_ye_chun_poem_4.txt,2.0
1111,jh_user_21,save,emilio_prados_xxi_from_spanish_trans_donald_wellman_poem_3.txt,2.0
1111,jh_user_86,save,dhsi_linked_open_data_semantic_web_smith.txt,2.0
1111,jh_user_89,save,christa_i_de_la_cruz_airport_from_filipino_trans_ethan_chua_poem_2.txt,2.0
1111,jh_user_92,save,emiliulian_sude_starting_today_ill_try_to_fall_asleep_not_die_from_romanian_trans_diana_manole_poem_2.txt,2.0
1111,jh_user_2,save,dhsi_press_benton_2008.txt,2.0
1111,jh_user_14,save,claude_ber_cutout_5_from_french_trans_elodie_olsoncoons_poem_4.txt,2.0
1111,jh_user_78,save,deniz_durukan_nail_from_turkish_trans_jeffrey_kahrs_and_mete_özel_poem_1.txt,2.0
1111,jh_user_68,save,dijala_hasanbegović_amnesia_from_bosnian_trans_mirza_purić_poem_1.txt,2.0
1111,jh_user_39,save,fabián_severo_ten_from_portunhol_trans_laura_cesarco_eglin_and_jesse_lee_kercheval_poem_1.txt,2.0
1111,jh_user_16,save,dhsi_javascript_css_pilsch.txt,2.0
1111,jh_user_22,save,dhsi_spatial_decolonizing_cultural_territories_online_raynor_&_ceia.txt,2.0
1111,jh_user_17,save,fabián_severo_ten_from_portunhol_trans_laura_cesarco_eglin_and_jesse_lee_kercheval_poem_1.txt,2.0
1111,jh_user_15,save,dhsi_spatial_decolonizing_cultural_territories_online_raynor_&_ceia.txt,2.0
1111,jh_user_49,save,asmaa_azaizeh_i_didnt_believe_i_would_ever_learn_to_die_from_arabic_trans_yasmine_haj_poem_2.txt,2.0
1111,jh_user_66,save,hai_zi_unfortunate_from_chinese_trans_ye_chun_poem_3.txt,2.0
1111,jh_user_44,save,dana_ranga_zeus_faber_from_german_trans_monika_cassel_poem_5.txt,2.0
1111,jh_user_77,save,grzegorz_wróblewski_young_and_old_in_the_park_from_polish_trans_piotr_gwiazda_poem_3.txt,2.0
1111,jh_user_41,save,ayaka_satō_the_unseen_kyoto_from_japanese_trans_corey_wakeling_and_hiromitsu_koiso_poem_1.txt,2.0
1111,jh_user_83,save,david_avidan_summer_1962_from_hebrew_trans_tsipi_keller_poem_3.txt,2.0
1111,jh_user_9,save,bibi_slippers_exploration_of_the_nature_of_obsession_with_specific_from_afrikaans_trans_alice_inggs_poem_2.txt,2.0
1111,jh_user_2,save,han_bo_lost_from_chinese_trans_eleanor_goodman_poem_4.txt,2.0
1111,jh_user_23,save,ayaka_satō_the_unseen_kyoto_from_japanese_trans_corey_wakeling_and_hiromitsu_koiso_poem_1.txt,2.0
1111,jh_user_5,save,aung_khin_myint_another_holy_name_for_cold_from_burmese_trans_ko_ko_thett_poem_2.txt,2.0
1111,jh_user_56,save,elke_erb_going_out_from_german_trans_shane_anderson_poem_1.txt,2.0
1111,jh_user_37,save,erika_burkart_evening_parlour_from_german_trans_marc_vincenz_poem_1.txt,2.0
1111,jh_user_18,save,claude_ber_cutout_2_from_french_trans_elodie_olsoncoons_poem_2.txt,2.0
1111,jh_user_32,save,csenger_kertai_redemption_from_hungarian_trans_diana_senechal_poem_1.txt,2.0
1111,jh_user_24,save,bashkir_intermittent_life_anisa_tahirova_trans_yandex.txt,2.0
1111,jh_user_25,save,han_bo_hide_from_chinese_trans_eleanor_goodman_poem_2.txt,2.0
1111,jh_user_84,save,han_bo_lost_from_chinese_trans_eleanor_goodman_poem_4.txt,2.0
1111,jh_user_74,save,david_rosenmanntaub_cxxxix_from_spanish_trans_iván_brave_poem_5.txt,2.0
1111,jh_user_68,save,bruna_beber_2_from_portuguese_trans_sarah_rebecca_kersley_poem_2.txt,2.0
1111,jh_user_83,save,clemens-schittko_duodenal-exercise.txt,2.0
1111,jh_user_80,save,csenger_kertai_redemption_from_hungarian_trans_diana_senechal_poem_1.txt,2.0
1112,jh_user_74,save,emilio_prados_xxiii_from_spanish_trans_donald_wellman_poem_7.txt,2.0
1112,jh_user_84,save,christa_i_de_la_cruz_odysseus_from_filipino_trans_ethan_chua_poem_3.txt,2.0
1112,jh_user_87,save,ervina-halili_aura.txt,2.0
1112,jh_user_45,save,bai_juyi_remembering_south_of_the_river_from_chinese_trans_joey_schwartzman_poem_4.txt,2.0
1112,jh_user_89,save,dagmara_kraus_past_glossier_from_german_trans_joshua_daniel_edwin_poem_3.txt,2.0
1112,jh_user_77,save,carlos_de_assumpção_batuque_from_portuguese_trans_robert_smith_poem_1.txt,2.0
1112,jh_user_94,save,eduardo_espina_the_best_of_magellan_from_spanish_trans_daniel_borzutzky_poem_5.txt,2.0
1112,jh_user_38,save,cécile_mainardi_superliquid_water_from_french_trans_léon_pradeau_and_clara_nizard_poem_2.txt,2.0
1112,jh_user_25,save,habib_tengour_thatch_watermeadow_and_sheet_metal_from_french_trans_pierre_joris_poem_2.txt,2.0
1112,jh_user_44,save,franca_mancinelli_every_morning_at_the_white_wall_from_italian_trans_john_taylor_poem_1.txt,2.0
1112,jh_user_14,save,dana_ranga_petromyzon_marinus_from_german_trans_monika_cassel_poem_6.txt,2.0
1112,jh_user_85,save,elke_erb_looking_inward_from_german_trans_shane_anderson_poem_5.txt,2.0
1112,jh_user_82,save,doll_house.txt,2.0
1112,jh_user_27,save,ennio_moltedo_42_from_spanish_trans_marguerite_feitlowitz_poem_3.txt,2.0
1112,jh_user_87,save,dhsi_3d_visualization_razoumov.txt,2.0
1112,jh_user_80,save,hai_zi_unfortunate_from_chinese_trans_ye_chun_poem_3.txt,2.0
1112,jh_user_47,save,elke_erb_pulse_from_german_trans_shane_anderson_poem_4.txt,2.0
1112,jh_user_12,save,crauss_a_bit_late_from_german_trans_mark_kanak_poem_3.txt,2.0
1112,jh_user_76,save,ava_koohbor_vii_from_persian_trans_patrick_james_dunagan_and_ava_koohbor_poem_2.txt,2.0
1112,jh_user_66,save,elke_erb_equipment_from_german_trans_shane_anderson_poem_2.txt,2.0
1112,jh_user_5,save,bashkir_songs_of_the_month_kunakbay_trans_yandex.txt,2.0
1112,jh_user_81,save,bashkir_all_about_you_halim_aydar_trans_yandex.txt,2.0
1112,jh_user_85,save,elke_erb_equipment_from_german_trans_shane_anderson_poem_2.txt,2.0
1112,jh_user_96,save,ayaka_satō_the_unseen_kyoto_from_japanese_trans_corey_wakeling_and_hiromitsu_koiso_poem_1.txt,2.0
1112,jh_user_38,save,elizaria_flores_i_from_spanish_trans_david_m_brunson_poem_5.txt,2.0
1112,jh_user_45,save,elizaria_flores_river_from_spanish_trans_david_m_brunson_poem_1.txt,2.0
1112,jh_user_89,save,haydar_ergülen_brothers_of_ashnbsp_from_turkish_trans_derick_mattern_poem_5.txt,2.0
1112,jh_user_4,save,gökçenur_ç_were_in_the_world_so_are_words_how_nice_that_were_all_here_from_turkish_trans_erik_mortenson_poem_1.txt,2.0
1112,jh_user_67,save,birger-emanuelsen_anna-and-love_part2.txt,2.0
1112,jh_user_20,save,astrid_haerens_3_from_flemish_trans_egan_garr_poem_3.txt,2.0
1112,jh_user_66,save,hakan_savlı_ario_da_capo_from_turkish_trans_abbas_karakaya_and_elizabeth_raible_poem_1.txt,2.0
1112,jh_user_65,save,césar_vallejo_xv_from_spanish_trans_césar_jumpa_sánchez_poem_2.txt,2.0
1112,jh_user_68,save,césar_vallejo_xlix_from_spanish_trans_césar_jumpa_sánchez_poem_3.txt,2.0
1112,jh_user_19,save,georgi_gospodinov_lovingly_from_bulgarian_trans_teodora_gandeva_poem_4.txt,2.0
1112,jh_user_11,save,gisela_hemau_no_fishing_village_from_german_trans_sara_edinger_poem_2.txt,2.0
1112,jh_user_76,save,asmaa_azaizeh_i_didnt_believe_i_would_ever_learn_to_die_from_arabic_trans_yasmine_haj_poem_2.txt,2.0
1112,jh_user_87,save,césar_vallejo_lxv_from_spanish_trans_césar_jumpa_sánchez_poem_4.txt,2.0
1112,jh_user_74,save,death_by_hanging.txt,2.0
1112,jh_user_91,save,elke_erb_not_having_the_word_from_german_trans_shane_anderson_poem_9.txt,2.0
1112,jh_user_83,save,dhsi_press_bialkowski_academic_2011.txt,2.0
1112,jh_user_4,save,george_gömöri_summer_evening_at_sirmione_from_hungarian_trans_mari_gömöri_jamie_mckendrick_and_george_gömöri_poem_2.txt,2.0
1113,jh_user_4,save,claude_ber_cutout_5_from_french_trans_elodie_olsoncoons_poem_4.txt,2.0
1113,jh_user_46,save,death_by_hanging.txt,2.0
1113,jh_user_84,save,fondane_fallen_snow_trans_aykroyd.txt,2.0
1113,jh_user_14,save,cécile_mainardi_from_from_french_trans_léon_pradeau_and_clara_nizard_poem_1.txt,2.0
1113,jh_user_93,save,bùi_chát_fear_from_vietnamese_trans_jack_j_huynh_poem_2.txt,2.0
1113,jh_user_89,save,hagiwara_sakutarō_fire_from_japanese_trans_hiroaki_sato_poem_1.txt,2.0
1113,jh_user_97,save,grzegorz_wróblewski_young_and_old_in_the_park_from_polish_trans_piotr_gwiazda_poem_3.txt,2.0
1113,jh_user_30,save,grzegorz_wróblewski_young_and_old_in_the_park_from_polish_trans_piotr_gwiazda_poem_3.txt,2.0
1113,jh_user_84,save,emiliulian_sude_starting_today_ill_try_to_fall_asleep_not_die_from_romanian_trans_diana_manole_poem_2.txt,2.0
1113,jh_user_75,save,dhsi_AbTeC_indigenous_video_games_as_storytelling_brown.txt,2.0
1113,jh_user_50,save,emilio-alvarez_the-rain-pours-on-ourense-yet-again.txt,2.0
1113,jh_user_7,save,christa_i_de_la_cruz_odysseus_from_filipino_trans_ethan_chua_poem_3.txt,2.0
1113,jh_user_46,save,carlos_de_assumpção_batuque_from_portuguese_trans_robert_smith_poem_1.txt,2.0
1113,jh_user_13,save,gunnar_wærness_business_of_the_dead__july_26_2016_from_norwegian_trans_gabriel_gudding_poem_4.txt,2.0
1113,jh_user_14,save,fabián_severo_nineteen_from_portunhol_trans_laura_cesarco_eglin_and_jesse_lee_kercheval_poem_3.txt,2.0
1113,jh_user_45,save,bc_malahat_bruck_rev_by_kenyon_2019.txt,2.0
1113,jh_user_9,save,dhsi_accessibility_&_digital_environments_templeton_&_williams.txt,2.0
1113,jh_user_74,save,bai_juyi_grass_from_chinese_trans_joey_schwartzman_poem_1.txt,2.0
1113,jh_user_97,save,césar_vallejo_the_head_and_feet_of_dialectics_from_spanish_trans_joseph_mulligan_poem_2.txt,2.0
1113,jh_user_10,save,hakan_savlı_ario_da_capo_from_turkish_trans_abbas_karakaya_and_elizabeth_raible_poem_1.txt,2.0
1113,jh_user_33,save,bùi_chát_deceptionnegligence_amp_a_sleeping_mat_of_woven_reeds_royal_proclamation_from_vietnamese_trans_jack_j_huynh_poem_3.txt,2.0
1113,jh_user_57,save,franca_mancinelli_sprouting_up_from_my_solesnbspnbspnbspnbspnbspnbsp_from_italian_trans_john_taylor_poem_3.txt,2.0
1113,jh_user_60,save,haydar_ergülen_ghazal_apart_from_turkish_trans_derick_mattern_poem_3.txt,2.0
1113,jh_user_73,save,elke_erb_inscription_under_the_skin_from_german_trans_shane_anderson_poem_6.txt,2.0
1113,jh_user_67,save,christa_i_de_la_cruz_beginning_from_filipino_trans_ethan_chua_poem_1.txt,2.0
1113,jh_user_16,save,eva_tizzani_to_burn_from_spanish_trans_david_brunson_poem_4.txt,2.0
1113,jh_user_64,save,eduardo_milán_33_from_spanish_trans_john_oliver_simon_poem_3.txt,2.0
1113,jh_user_12,save,heavens_gate_scene.txt,2.0
1113,jh_user_31,save,aung_khin_myint_going_to_the_origin_from_burmese_trans_ko_ko_thett_poem_3.txt,2.0
1113,jh_user_62,save,david_rosenmanntaub_cxxxix_from_spanish_trans_iván_brave_poem_5.txt,2.0
1113,jh_user_32,save,gunnar_wærness_poetry_festival__july_26_2016_from_norwegian_trans_gabriel_gudding_poem_2.txt,2.0
1113,jh_user_7,save,erika_burkart_old_person_in_her_parents_house_from_german_trans_marc_vincenz_poem_6.txt,2.0
1113,jh_user_93,save,erika_burkart_world_histories_from_german_trans_marc_vincenz_poem_5.txt,2.0
1113,jh_user_66,save,gertrud_kolmar_good_night_from_german_trans_anna_henke_and_julia_gutterman_poem_5.txt,2.0
1113,jh_user_92,save,fiston-mwanza-mujila_music-allowed-me-to-explode-the-story.txt,2.0
1113,jh_user_87,save,gábor_schein_captain_corneliuss_letter_from_pannonia_to_burrus_nbsp_nbsp_nbsp_nbsp_nbsp_nbsp_nbsp_nbspto_the_colonial_office_in_rome_from_hungarian_trans_erika_mihálycsa_poem_1.txt,2.0
1113,jh_user_22,save,elke_erb_clouds_up_above_i_know_just_one_thing_from_german_trans_sara_edinger_poem_2.txt,2.0
1113,jh_user_25,save,claude_ber_cutout_5_from_french_trans_elodie_olsoncoons_poem_4.txt,2.0
1113,jh_user_5,save,czeslaw_milosz_in_honor_of_reverend_baka_from_polish_trans_anthony_milosz_poem_1.txt,2.0
1113,jh_user_88,save,balam_rodrigo_commando_unit_rounds_up_eight_migrantsvillahermosa_tabasco_from_spanish_trans_dan_bellm_poem_4.txt,2.0
1113,jh_user_38,save,fabio_pusterla_lumière_museum_from_italian_trans_damiano_abeni_and_moira_egan_poem_5.txt,2.0
1113,jh_user_86,save,haydar_ergülen_open_sentence_from_turkish_trans_derick_mattern_poem_1.txt,2.0
1113,jh_user_26,save,elke_erb_pulse_from_german_trans_shane_anderson_poem_4.txt,2.0
1114,jh_user_42,save,elizaria_flores_no_street_will_survive_you_from_spanish_trans_david_m_brunson_poem_9.txt,2.0
1114,jh_user_59,save,david_avidan_summer_1962_from_hebrew_trans_tsipi_keller_poem_3.txt,2.0
1114,jh_user_64,save,bruna_beber_from_bakery_street_from_portuguese_trans_sarah_rebecca_kersley_poem_5.txt,2.0
1114,jh_user_44,save,habib_tengour_calypso_is_listening_1_from_french_trans_teresa_villaignacio_poem_1.txt,2.0
1114,jh_user_26,save,emiliulian_sude_the_cleaning_lady_is_green_despite_her_blue_eyes_from_romanian_trans_diana_manole_poem_3.txt,2.0
1114,jh_user_10,save,david_rosenmanntaub_xii_from_spanish_trans_iván_brave_poem_2.txt,2.0
1114,jh_user_61,save,elizaria_flores_nbsp_from_spanish_trans_david_m_brunson_poem_3.txt,2.0
1114,jh_user_64,save,elizaria_flores_i_from_spanish_trans_david_m_brunson_poem_5.txt,2.0
1114,jh_user_78,save,han_bo_hide_from_chinese_trans_eleanor_goodman_poem_2.txt,2.0
1114,jh_user_38,save,hakan_savlı_ario_da_capo_from_turkish_trans_abbas_karakaya_and_elizabeth_raible_poem_1.txt,2.0
1114,jh_user_17,save,ennio_moltedo_42_from_spanish_trans_marguerite_feitlowitz_poem_3.txt,2.0
1114,jh_user_37,save,august_bover_winter_from_catalan_trans_kristine_doll_poem_2.txt,2.0
1114,jh_user_9,save,hannele-mikaela-taivassalo_5-knives_excerpt.txt,2.0
1114,jh_user_98,save,bc_malahat_hoefle_&_ritland_rev_by_flemmer_2019.txt,2.0
1114,jh_user_101,save,georgy_ivanov_how_fussy_from_russian_trans_harry_leeds_poem_2.txt,2.0
1114,jh_user_58,save,fabián_severo_fiftyeight_from_portunhol_trans_laura_cesarco_eglin_and_jesse_lee_kercheval_poem_6.txt,2.0
1114,jh_user_63,save,eva_tizzani_to_burn_from_spanish_trans_david_brunson_poem_4.txt,2.0
1114,jh_user_20,save,claude_ber_cutout_5_from_french_trans_elodie_olsoncoons_poem_4.txt,2.0
1114,jh_user_91,save,dagmara_kraus_kite_in_confession_from_german_trans_joshua_daniel_edwin_poem_1.txt,2.0
1114,jh_user_46,save,ayaka_satō_the_unseen_kyoto_from_japanese_trans_corey_wakeling_and_hiromitsu_koiso_poem_1.txt,2.0
1114,jh_user_44,save,gertrud_kolmar_the_dragon_from_german_trans_anna_henke_and_julia_gutterman_poem_3.txt,2.0
1114,jh_user_35,save,bùi_chát_exercise_to_unify_the_grammifying_lexicona_silence_which_merits_from_vietnamese_trans_jack_j_huynh_poem_1.txt,2.0
1114,jh_user_36,save,claude_ber_cutout_5_from_french_trans_elodie_olsoncoons_poem_4.txt,2.0
1114,jh_user_86,save,dmitri_alexandrovich_prigov_a_list_of_my_own_deaths_from_russian_trans_simon_schuchat_poem_2.txt,2.0
1114,jh_user_96,save,bùi_chát_exercise_to_unify_the_grammifying_lexicona_silence_which_merits_from_vietnamese_trans_jack_j_huynh_poem_1.txt,2.0
1114,jh_user_7,save,dhsi_linked_open_data_semantic_web_smith.txt,2.0
1114,jh_user_59,save,dhsi_nlp_&_network_coding_for_text_corpus_analysis_tanasescu.txt,2.0
1114,jh_user_72,save,franca_mancinelli_mother_majolica_from_italian_trans_john_taylor_poem_2.txt,2.0
1114,jh_user_17,save,claude_ber_cutout_5_from_french_trans_elodie_olsoncoons_poem_4.txt,2.0
1114,jh_user_15,save,franca_mancinelli_every_morning_at_the_white_wall_from_italian_trans_john_taylor_poem_1.txt,2.0
1114,jh_user_101,save,gennady_aygi_untitled_3_from_russian_trans_alex_cigale_poem_3.txt,2.0
1114,jh_user_6,save,dhsi_linked_open_datafication_martin_&_antoniuk.txt,2.0
1114,jh_user_40,save,dag_t_straumsvåg_endless_plains_clouds_from_norwegian_trans_robert_hedin_and_dag_t_straumsvåg_poem_4.txt,2.0
1114,jh_user_52,save,francisca_aguirre_masterpiece_from_spanish_trans_montana_ray_poem_1.txt,2.0
1114,jh_user_68,save,george_gömöri_summer_evening_at_sirmione_from_hungarian_trans_mari_gömöri_jamie_mckendrick_and_george_gömöri_poem_2.txt,2.0
1115,jh_user_59,save,emilio_prados_xxii_from_spanish_trans_donald_wellman_poem_5.txt,2.0
1115,jh_user_90,save,emilio_prados_xxi_from_spanish_trans_donald_wellman_poem_3.txt,2.0
1115,jh_user_95,save,dhsi_welcome_2020.txt,2.0
1115,jh_user_58,save,crauss_a_bit_late_from_german_trans_mark_kanak_poem_3.txt,2.0
1115,jh_user_65,save,hakan_savlı_ario_da_capo_from_turkish_trans_abbas_karakaya_and_elizabeth_raible_poem_1.txt,2.0
1115,jh_user_98,save,haydar_ergülen_open_sentence_from_turkish_trans_derick_mattern_poem_1.txt,2.0
1115,jh_user_89,save,dhsi_wrangling_big_data_fortin.txt,2.0
1115,jh_user_79,save,atmanam_the_tamarind_tree_from_tamil_trans_shriram_sivaramakrishnan_poem_5.txt,2.0
1115,jh_user_48,save,francesca_pellegrino_caffè_corretto_at_the_assemblyline_café_from_italian_trans_adria_bernardi_poem_3.txt,2.0
1115,jh_user_4,save,césar_vallejo_xv_from_spanish_trans_césar_jumpa_sánchez_poem_2.txt,2.0
1115,jh_user_90,save,dhsi_teaching_h_to_generation_z_puchkovskaya.txt,2.0
1115,jh_user_11,save,haydar_ergülen_ghazal_apart_from_turkish_trans_derick_mattern_poem_3.txt,2.0
1115,jh_user_23,save,ghassan_zaqtan_return_from_arabic_trans_fady_joudah_poem_1.txt,2.0
1115,jh_user_9,save,gábor_schein_the_taste_of_salt_from_hungarian_trans_erika_mihálycsa_poem_2.txt,2.0
1115,jh_user_66,save,dhsi_processing_humanities_multimedia_evans_&_romphf.txt,2.0
1115,jh_user_35,save,haydar_ergülen_open_sentence_from_turkish_trans_derick_mattern_poem_1.txt,2.0
1115,jh_user_93,save,flávio_de_araújo_the_floating_body_from_portuguese_trans_rachel_morgensternclarren_poem_2.txt,2.0
1115,jh_user_76,save,francisco_paco_urondo_the_tree_of_life_from_spanish_trans_julia_leverone_poem_4.txt,2.0
1115,jh_user_55,save,balam_rodrigo_1607121_nnbsp_9348117_w__tonalá_chiapas_from_spanish_trans_dan_bellm_poem_1.txt,2.0
1115,jh_user_64,save,balam_rodrigo_1607121_nnbsp_9348117_w__tonalá_chiapas_from_spanish_trans_dan_bellm_poem_1.txt,2.0
1115,jh_user_12,save,blanca_varela_no_date_from_spanish_trans_vered_engelhard_poem_2.txt,2.0
1115,jh_user_51,save,harri-hertell_i-dont-read-the-obituaries.txt,2.0
1115,jh_user_71,save,bashkir_mother_yew_child_fauziya_yuldashbayeva_trans_yandex.txt,2.0
1115,jh_user_99,save,ervina-halili_aura.txt,2.0
1115,jh_user_65,save,dhsi_welcome_2020.txt,2.0
1115,jh_user_61,save,claudina_domingo_solitudes_from_spanish_trans_ryan_greene_poem_2.txt,2.0
1115,jh_user_64,save,ennio_moltedo_42_from_spanish_trans_marguerite_feitlowitz_poem_3.txt,2.0
1115,jh_user_5,save,clemens-schittko_duodenal-exercise.txt,2.0
1115,jh_user_12,save,emiliulian_sude_the_cleaning_lady_is_green_despite_her_blue_eyes_from_romanian_trans_diana_manole_poem_3.txt,2.0
1115,jh_user_98,save,emiliulian_sude_starting_today_ill_try_to_fall_asleep_not_die_from_romanian_trans_diana_manole_poem_2.txt,2.0
1115,jh_user_30,save,claudina_domingo_airborne_from_spanish_trans_ryan_greene_poem_3.txt,2.0
1115,jh_user_85,save,bùi_chát_nbspnbspnbspnbspnbsp_references_for_scrutiny_from_vietnamese_trans_jack_j_huynh_poem_4.txt,2.0
1115,jh_user_89,save,dolors_miquel_massacres_from_catalan_trans_mary_ann_newman_poem_1.txt,2.0
1116,jh_user_4,save,dana_ranga_hippocampus_erectus_minor_maior_from_german_trans_monika_cassel_poem_2.txt,2.0
1116,jh_user_74,save,hannele-mikaela-taivassalo_5-knives_excerpt.txt,2.0
1116,jh_user_82,save,dhsi_intro_to_e_lit_heckman_&_ensslin.txt,2.0
1116,jh_user_49,save,vítězslav_nezval_a_man_composing_a_selfportrait_out_of_objects_from_czech_trans_stephan_delbos_and_tereza_novická_poem_1.txt,2.0
1116,jh_user_84,save,habib_tengour_shales_of_tahmad_2_from_french_trans_pierre_joris_poem_1.txt,2.0
1116,jh_user_49,save,ghassan_zaqtan_return_from_arabic_trans_fady_joudah_poem_1.txt,2.0
1116,jh_user_13,save,birger-emanuelsen_anna-and-love_part1.txt,2.0
1116,jh_user_101,save,gábor_schein_the_taste_of_salt_from_hungarian_trans_erika_mihálycsa_poem_2.txt,2.0
1116,jh_user_10,save,ayaka_satō_the_unseen_kyoto_from_japanese_trans_corey_wakeling_and_hiromitsu_koiso_poem_1.txt,2.0
1116,jh_user_70,save,emilio_prados_castle_without_strength_from_spanish_trans_donald_wellman_poem_8.txt,2.0
1116,jh_user_65,save,asmaa_azaizeh_metaphor_from_arabic_trans_yasmine_seale_poem_1.txt,2.0
1116,jh_user_72,save,dhsi_queer_dh_howe_&_ruberg.txt,2.0
1116,jh_user_25,save,haydar_ergülen_brothers_of_ashnbsp_from_turkish_trans_derick_mattern_poem_5.txt,2.0
1116,jh_user_66,save,doll_house.txt,2.0
1116,jh_user_37,save,hatem_alzahrani_iv_from_arabic_trans_moneera_alghadeer_poem_4.txt,2.0
1116,jh_user_67,save,gili_haimovich_anger_sunk_in_a_lake_from_hebrew_trans_gili_haimovich_poem_1.txt,2.0
1116,jh_user_92,save,hatem_alzahrani_iv_from_arabic_trans_moneera_alghadeer_poem_4.txt,2.0
1116,jh_user_5,save,ashur_etwebi_a_house_in_the_wind_from_arabic_trans_ashur_etwebi_and_james_byrne_poem_5.txt,2.0
1116,jh_user_77,save,astrid_haerens_3_from_flemish_trans_egan_garr_poem_3.txt,2.0
1116,jh_user_33,save,enver_ali_akova_no_fish_at_all_from_turkish_trans_zeynep_özer_poem_2.txt,2.0
1116,jh_user_47,save,fondane_fallen_snow_trans_aykroyd.txt,2.0
1116,jh_user_67,save,david_rosenmanntaub_i_from_spanish_trans_iván_brave_poem_1.txt,2.0
1116,jh_user_67,save,clemens-schittko_duodenal-exercise.txt,2.0
1116,jh_user_44,save,dolors_miquel_our_mother_from_catalan_trans_mary_ann_newman_poem_2.txt,2.0
1116,jh_user_97,save,dhsi_press_benton_2008.txt,2.0
1116,jh_user_18,save,dhsi_press_bowness_2013.txt,2.0
1116,jh_user_21,save,dhsi_linked_open_data_semantic_web_smith.txt,2.0
1116,jh_user_94,save,geminii_inside-a-boy's-mouth.txt,2.0
1116,jh_user_33,save,birger-emanuelsen_anna-and-love_part2.txt,2.0
1116,jh_user_45,save,eduardo_espina_blame_time_on_the_cathedrals_from_spanish_trans_daniel_borzutzky_poem_1.txt,2.0
1116,jh_user_101,save,vítězslav_nezval_a_man_composing_a_selfportrait_out_of_objects_from_czech_trans_stephan_delbos_and_tereza_novická_poem_1.txt,2.0
1116,jh_user_21,save,blanca_varela_no_date_from_spanish_trans_vered_engelhard_poem_2.txt,2.0
1116,jh_user_54,save,francisca_aguirre_the_stranger_from_spanish_trans_montana_ray_poem_2.txt,2.0
1116,jh_user_21,save,dag_t_straumsvåg_out_of_breath_from_norwegian_trans_robert_hedin_and_dag_t_straumsvåg_poem_2.txt,2.0
1116,jh_user_76,save,asmaa_azaizeh_myth_from_arabic_trans_yasmine_seale_poem_6.txt,2.0
1116,jh_user_34,save,dhsi_2020_about.txt,2.0
1116,jh_user_16,save,dmitri_alexandrovich_prigov_untitled_3_from_russian_trans_simon_schuchat_poem_3.txt,2.0
1116,jh_user_100,save,august_bover_winter_from_catalan_trans_kristine_doll_poem_2.txt,2.0
1116,jh_user_90,save,dhsi_digitisation_fundamentals_davies_mcginn.txt,2.0
1116,jh_user_64,save,eduardo_milán_31_from_spanish_trans_john_oliver_simon_poem_2.txt,2.0
1116,jh_user_25,save,dag_t_straumsvåg_optimists_from_norwegian_trans_robert_hedin_and_dag_t_straumsvåg_poem_1.txt,2.0
1116,jh_user_41,save,georgi_gospodinov_lovingly_from_bulgarian_trans_teodora_gandeva_poem_4.txt,2.0
1116,jh_user_62,save,fabio_pusterla_lumière_museum_from_italian_trans_damiano_abeni_and_moira_egan_poem_5.txt,2.0
1116,jh_user_22,save,asmaa_azaizeh_reflection_from_arabic_trans_yasmine_seale_poem_5.txt,2.0
1116,jh_user_32,save,galina_rymbu_how_from_russian_trans_joan_brooks_poem_7.txt,2.0
1116,jh_user_87,save,eino-santanen_banknote-poetry_finland.txt,2.0
1116,jh_user_15,save,deniz_durukan_nail_from_turkish_trans_jeffrey_kahrs_and_mete_özel_poem_1.txt,2.0
1116,jh_user_90,save,emilio_prados_shadow_of_april_from_spanish_trans_donald_wellman_poem_2.txt,2.0
1116,jh_user_62,save,bc_malahat_bruck_rev_by_kenyon_2019.txt,2.0
1117,jh_user_53,save,dana_ranga_photoblepharon_palpebratus_from_german_trans_monika_cassel_poem_3.txt,2.0
1117,jh_user_21,save,asmaa_azaizeh_myth_from_arabic_trans_yasmine_seale_poem_6.txt,2.0
1117,jh_user_27,save,balam_rodrigo_1607121_nnbsp_9348117_w__tonalá_chiapas_from_spanish_trans_dan_bellm_poem_1.txt,2.0
1117,jh_user_41,save,dhsi_3d_visualization_razoumov.txt,2.0
1117,jh_user_2,save,ashur_etwebi_borders_from_arabic_trans_ashur_etwebi_and_james_byrne_poem_1.txt,2.0
1117,jh_user_1,save,erin_moure_995_o_cadoiro.txt,2.0
1117,jh_user_18,save,han_bo_hide_from_chinese_trans_eleanor_goodman_poem_2.txt,2.0
1117,jh_user_32,save,ayaka_satō_tanka_from_japanese_trans_corey_wakeling_and_hiromitsu_koiso_poem_3.txt,2.0
1117,jh_user_69,save,dhsi_linked_open_datafication_martin_&_antoniuk.txt,2.0
1117,jh_user_81,save,cronaca_di_un_amore.txt,2.0
1117,jh_user_91,save,franca_mancinelli_sprouting_up_from_my_solesnbspnbspnbspnbspnbspnbsp_from_italian_trans_john_taylor_poem_3.txt,2.0
1117,jh_user_1,save,dhsi_dh_dept_chairs_deans_unsworth_et_al.txt,2.0
1117,jh_user_14,save,franca_mancinelli_sprouting_up_from_my_solesnbspnbspnbspnbspnbspnbsp_from_italian_trans_john_taylor_poem_3.txt,2.0
1117,jh_user_72,save,edith_bruck_life_from_italian_trans_jeanne_bonner_poem_4.txt,2.0
1117,jh_user_72,save,enver_ali_akova_from_a_time_back_to_a_plainnbsp_from_turkish_trans_zeynep_özer_poem_1.txt,2.0
1117,jh_user_84,save,gunnar_wærness_business_of_the_dead__july_26_2016_from_norwegian_trans_gabriel_gudding_poem_4.txt,2.0
1117,jh_user_36,save,csenger_kertai_redemption_from_hungarian_trans_diana_senechal_poem_1.txt,2.0
1117,jh_user_37,save,eduardo_milán_33_from_spanish_trans_john_oliver_simon_poem_3.txt,2.0
1117,jh_user_86,save,christa_i_de_la_cruz_fluid_from_filipino_trans_ethan_chua_poem_5.txt,2.0
1117,jh_user_12,save,geminii_inside-a-boy's-mouth.txt,2.0
1117,jh_user_21,save,august_bover_autumn_from_catalan_trans_kristine_doll_poem_1.txt,2.0
1117,jh_user_39,save,chuya_nakahara_song_of_upbringing_from_japanese_trans_christian_nagle_poem_1.txt,2.0
1117,jh_user_4,save,heavens_gate_scene.txt,2.0
1117,jh_user_34,save,atmanam_the_tamarind_tree_from_tamil_trans_shriram_sivaramakrishnan_poem_5.txt,2.0
1117,jh_user_11,save,fabio_pusterla_lumière_museum_from_italian_trans_damiano_abeni_and_moira_egan_poem_5.txt,2.0
1117,jh_user_97,save,han_bo_hide_from_chinese_trans_eleanor_goodman_poem_2.txt,2.0
1117,jh_user_63,save,david_avidan_summer_1962_from_hebrew_trans_tsipi_keller_poem_3.txt,2.0
1117,jh_user_88,save,emilio_prados_shadow_of_april_from_spanish_trans_donald_wellman_poem_2.txt,2.0
1117,jh_user_11,save,bachtyar_ali_i_do_not_remember_this_city_from_kurdish_trans_dilan_qadir_poem_2.txt,2.0
1117,jh_user_95,save,emilio-alvarez_the-rain-pours-on-ourense-yet-again.txt,2.0
1117,jh_user_1,save,eduardo_espina_the_incommensurable_always_wants_to_win_from_spanish_trans_daniel_borzutzky_poem_4.txt,2.0
1117,jh_user_30,save,bashkir_reflections_gaynan_amiri_trans_yandex.txt,2.0
1117,jh_user_71,save,eva_tizzani_intermittence_from_spanish_trans_david_brunson_poem_2.txt,2.0
1117,jh_user_23,save,bruna_beber_from_litany_from_portuguese_trans_sarah_rebecca_kersley_poem_1.txt,2.0
1117,jh_user_99,save,dhsi_digital_storytelling_barber.txt,2.0
1117,jh_user_99,save,cronaca_di_un_amore.txt,2.0
1117,jh_user_96,save,dhsi_2020_rtl.txt,2.0
1117,jh_user_26,save,fernando_pessoa_from_the_keeper_of_flocksnbsp_from_portuguese_trans_michael_lee_rattigan_poem_1.txt,2.0
1117,jh_user_78,save,gertrud_kolmar_the_whale_from_german_trans_anna_henke_and_julia_gutterman_poem_2.txt,2.0
1117,jh_user_51,save,fabián_severo_ten_from_portunhol_trans_laura_cesarco_eglin_and_jesse_lee_kercheval_poem_1.txt,2.0
1118,jh_user_47,save,fabián_severo_ten_from_portunhol_trans_laura_cesarco_eglin_and_jesse_lee_kercheval_poem_1.txt,2.0
1118,jh_user_95,save,barbi-markovic_part2.txt,2.0
1118,jh_user_71,save,ashur_etwebi_a_house_in_the_wind_from_arabic_trans_ashur_etwebi_and_james_byrne_poem_5.txt,2.0
1118,jh_user_69,save,bc_malahat_bruck_rev_by_kenyon_2019.txt,2.0
1118,jh_user_22,save,francisca_aguirre_masterpiece_from_spanish_trans_montana_ray_poem_1.txt,2.0
1118,jh_user_73,save,fabio_pusterla_the_blackboard_janitor_from_italian_trans_damiano_abeni_and_moira_egan_poem_3.txt,2.0
1118,jh_user_18,save,gertrud_kolmar_the_whale_from_german_trans_anna_henke_and_julia_gutterman_poem_2.txt,2.0
1118,jh_user_57,save,emilio-alvarez_today-is-just-another-day.txt,2.0
1118,jh_user_56,save,david_avidan_summer_1962_from_hebrew_trans_tsipi_keller_poem_3.txt,2.0
1118,jh_user_62,save,césar_vallejo_from_feuerbach_to_marx_from_spanish_trans_joseph_mulligan_poem_1.txt,2.0
1118,jh_user_46,save,bachtyar_ali_i_do_not_remember_this_city_from_kurdish_trans_dilan_qadir_poem_2.txt,2.0
1118,jh_user_35,save,francesca_pellegrino_caffè_corretto_at_the_assemblyline_café_from_italian_trans_adria_bernardi_poem_3.txt,2.0
1118,jh_user_80,save,fondane_fallen_snow_trans_aykroyd.txt,2.0
1118,jh_user_34,save,erika_burkart_evening_parlour_from_german_trans_marc_vincenz_poem_1.txt,2.0
1118,jh_user_80,save,enver_ali_akova_no_fish_at_all_from_turkish_trans_zeynep_özer_poem_2.txt,2.0
1118,jh_user_1,save,aung_khin_myint_going_to_the_origin_from_burmese_trans_ko_ko_thett_poem_3.txt,2.0
1118,jh_user_71,save,emilio_prados_xxii_from_spanish_trans_donald_wellman_poem_5.txt,2.0
1118,jh_user_34,save,ava_koohbor_a_game_of_backgammon_from_persian_trans_patrick_james_dunagan_and_ava_koohbor_poem_4.txt,2.0
1118,jh_user_70,save,christa_i_de_la_cruz_beginning_from_filipino_trans_ethan_chua_poem_1.txt,2.0
1118,jh_user_1,save,dhsi_welcome_2020.txt,2.0
1118,jh_user_100,save,bruna_beber_37_from_portuguese_trans_sarah_rebecca_kersley_poem_4.txt,2.0
1118,jh_user_20,save,geminii_inside-a-boy's-mouth.txt,2.0
1118,jh_user_90,save,dhsi_2020_about.txt,2.0
1118,jh_user_98,save,dhsi_digital_storytelling_barber.txt,2.0
1118,jh_user_4,save,claudina_domingo_airborne_from_spanish_trans_ryan_greene_poem_3.txt,2.0
1118,jh_user_26,save,dhsi_xpath_xml_managing_projects_beshero-bondar_&_birnbaum.txt,2.0
1118,jh_user_95,save,gisela_hemau_no_fishing_village_from_german_trans_sara_edinger_poem_2.txt,2.0
1118,jh_user_90,save,chen_yuhong_buddhist_pine_from_chinese_trans_george_oconnell_and_diana_shi_poem_2.txt,2.0
1118,jh_user_87,save,hannele-mikaela-taivassalo_oh-come-and-look_excerpt.txt,2.0
1118,jh_user_2,save,dhsi_accessibility_&_digital_environments_templeton_&_williams.txt,2.0
1118,jh_user_100,save,elizaria_flores_iii_from_spanish_trans_david_m_brunson_poem_7.txt,2.0
1118,jh_user_79,save,edith_bruck_life_from_italian_trans_jeanne_bonner_poem_4.txt,2.0
1118,jh_user_19,save,dhsi_intro_to_e_lit_heckman_&_ensslin.txt,2.0
1118,jh_user_15,save,dhsi_open_access_arbuckle.txt,2.0
1118,jh_user_50,save,hatem_alzahrani_v_from_arabic_trans_moneera_alghadeer_poem_5.txt,2.0
1118,jh_user_81,save,galina_rymbu_could_from_russian_trans_joan_brooks_poem_4.txt,2.0
1118,jh_user_11,save,eduardo_milán_33_from_spanish_trans_john_oliver_simon_poem_3.txt,2.0
1119,jh_user_97,save,bibi_slippers_reference_to_the_polkadotartworks_of_yayoi_kusama_from_afrikaans_trans_alice_inggs_poem_3.txt,2.0
1119,jh_user_85,save,dhsi_digitisation_fundamentals_davies_mcginn.txt,2.0
1119,jh_user_59,save,galina_rymbu_could_i_possibly_take_part_from_russian_trans_joan_brooks_poem_8.txt,2.0
1119,jh_user_14,save,galina_rymbu_how_from_russian_trans_joan_brooks_poem_7.txt,2.0
1119,jh_user_43,save,emilio-alvarez_the-rain-pours-on-ourense-yet-again.txt,2.0
1119,jh_user_5,save,birger-emanuelsen_anna-and-love_part1.txt,2.0
1119,jh_user_17,save,deniz_durukan_heart_from_turkish_trans_jeffrey_kahrs_and_mete_özel_poem_2.txt,2.0
1119,jh_user_92,save,habib_tengour_thatch_watermeadow_and_sheet_metal_from_french_trans_pierre_joris_poem_2.txt,2.0
1119,jh_user_79,save,dhsi_intro_to_iiif_robson_et_al.txt,2.0
1119,jh_user_83,save,dhsi_linked_open_data_semantic_web_smith.txt,2.0
1119,jh_user_19,save,dhsi_intersectional_feminist_dh_cong-huyen_&_phillips.txt,2.0
1119,jh_user_80,save,franca_mancinelli_every_morning_at_the_white_wall_from_italian_trans_john_taylor_poem_1.txt,2.0
1119,jh_user_2,save,harri-hertell_i-dont-read-the-obituaries.txt,2.0
1119,jh_user_29,save,ennio_moltedo_17_from_spanish_trans_marguerite_feitlowitz_poem_2.txt,2.0
1119,jh_user_54,save,dhsi_open_access_arbuckle.txt,2.0
1119,jh_user_75,save,christa_i_de_la_cruz_fluid_from_filipino_trans_ethan_chua_poem_5.txt,2.0
1119,jh_user_71,save,csenger_kertai_redemption_from_hungarian_trans_diana_senechal_poem_1.txt,2.0
1119,jh_user_37,save,ennio_moltedo_42_from_spanish_trans_marguerite_feitlowitz_poem_3.txt,2.0
1119,jh_user_22,save,hayashi_amari_fromnbspwhat_does_the_resurrection_mean_to_menbsp_from_japanese_trans_jon_holt_poem_2.txt,2.0
1119,jh_user_91,save,ghassan_zaqtan_the_strangers_song_from_arabic_trans_fady_joudah_poem_2.txt,2.0
1119,jh_user_4,save,ervina-halili_the-same-sleep.txt,2.0
1119,jh_user_18,save,dhsi_nlp_&_network_coding_for_text_corpus_analysis_tanasescu.txt,2.0
1119,jh_user_6,save,gertrud_kolmar_good_night_from_german_trans_anna_henke_and_julia_gutterman_poem_5.txt,2.0
1119,jh_user_61,save,fondane_fallen_snow_trans_aykroyd.txt,2.0
1119,jh_user_69,save,eduardo_espina_the_incommensurable_always_wants_to_win_from_spanish_trans_daniel_borzutzky_poem_4.txt,2.0
1120,jh_user_59,save,fabián_severo_fiftyeight_from_portunhol_trans_laura_cesarco_eglin_and_jesse_lee_kercheval_poem_6.txt,2.0
1120,jh_user_82,save,emilio_prados_shadow_of_april_from_spanish_trans_donald_wellman_poem_2.txt,2.0
1120,jh_user_24,save,asmaa_azaizeh_reflection_from_arabic_trans_yasmine_seale_poem_5.txt,2.0
1120,jh_user_85,save,health.txt,2.0
1120,jh_user_86,save,fabián_severo_fiftyeight_from_portunhol_trans_laura_cesarco_eglin_and_jesse_lee_kercheval_poem_6.txt,2.0
1120,jh_user_32,save,gennady_aygi_untitled_3_from_russian_trans_alex_cigale_poem_3.txt,2.0
1120,jh_user_64,save,dhsi_history_based_video_games_lawler_&_smith.txt,2.0
1120,jh_user_42,save,han_bo_substitution_from_chinese_trans_eleanor_goodman_poem_6.txt,2.0
1120,jh_user_38,save,hafez_ghazal_84_from_persian_trans_roger_sedarat_poem_1.txt,2.0
1120,jh_user_41,save,bai_juyi_grass_from_chinese_trans_joey_schwartzman_poem_1.txt,2.0
1120,jh_user_38,save,david_avidan_calling_card_from_hebrew_trans_tsipi_keller_poem_1.txt,2.0
1120,jh_user_19,save,dagmara_kraus_kite_in_confession_from_german_trans_joshua_daniel_edwin_poem_1.txt,2.0
1120,jh_user_4,save,gisela_hemau_no_fishing_village_from_german_trans_sara_edinger_poem_2.txt,2.0
1120,jh_user_40,save,habib_tengour_shales_of_tahmad_2_from_french_trans_pierre_joris_poem_1.txt,2.0
1120,jh_user_98,save,han_bo_substitution_from_chinese_trans_eleanor_goodman_poem_6.txt,2.0
1120,jh_user_72,save,césar_vallejo_lxv_from_spanish_trans_césar_jumpa_sánchez_poem_4.txt,2.0
1120,jh_user_52,save,dhsi_press_bowness_2013.txt,2.0
1120,jh_user_51,save,elizaria_flores_nbsp_from_spanish_trans_david_m_brunson_poem_3.txt,2.0
1120,jh_user_21,save,fondane_fallen_snow_trans_aykroyd.txt,2.0
1120,jh_user_13,save,dhsi_javascript_css_pilsch.txt,2.0
1120,jh_user_47,save,asmaa_azaizeh_i_didnt_believe_i_would_ever_learn_to_die_from_arabic_trans_yasmine_haj_poem_2.txt,2.0
1120,jh_user_7,save,dhsi_linked_open_datafication_martin_&_antoniuk.txt,2.0
1120,jh_user_40,save,choe_chiwon_pomegranates_from_chinese_trans_jonathan_chan_poem_5.txt,2.0
1120,jh_user_30,save,franca_mancinelli_every_morning_at_the_white_wall_from_italian_trans_john_taylor_poem_1.txt,2.0
1120,jh_user_4,save,choe_chiwon_pomegranates_from_chinese_trans_jonathan_chan_poem_5.txt,2.0
1120,jh_user_75,save,fernando_pessoa_from_the_keeper_of_flocksnbsp_from_portuguese_trans_michael_lee_rattigan_poem_1.txt,2.0
1120,jh_user_61,save,deep_end.txt,2.0
1120,jh_user_74,save,ava_koohbor_a_game_of_backgammon_from_persian_trans_patrick_james_dunagan_and_ava_koohbor_poem_4.txt,2.0
1120,jh_user_35,save,franca_mancinelli_mother_majolica_from_italian_trans_john_taylor_poem_2.txt,2.0
1120,jh_user_62,save,fabián_severo_twentyeight_from_portunhol_trans_laura_cesarco_eglin_and_jesse_lee_kercheval_poem_5.txt,2.0
1120,jh_user_59,save,dhsi_open_access_arbuckle.txt,2.0
1121,jh_user_92,save,galina_rymbu_could_i_possibly_take_part_from_russian_trans_joan_brooks_poem_8.txt,2.0
1121,jh_user_76,save,gábor_schein_captain_corneliuss_letter_from_pannonia_to_burrus_nbsp_nbsp_nbsp_nbsp_nbsp_nbsp_nbsp_nbspto_the_colonial_office_in_rome_from_hungarian_trans_erika_mihálycsa_poem_1.txt,2.0
1121,jh_user_98,save,dhsi_book_history_pedagogy_scalar_silva.txt,2.0
1121,jh_user_53,save,georgi_gospodinov_lovingly_from_bulgarian_trans_teodora_gandeva_poem_4.txt,2.0
1121,jh_user_21,save,aung_khin_myint_going_to_the_origin_from_burmese_trans_ko_ko_thett_poem_3.txt,2.0
1121,jh_user_62,save,asmaa_azaizeh_sacrificial_poem_from_arabic_trans_yasmine_seale_poem_2.txt,2.0
1121,jh_user_15,save,galina_rymbu_could_from_russian_trans_joan_brooks_poem_4.txt,2.0
1121,jh_user_12,save,aung_khin_myint_going_to_the_origin_from_burmese_trans_ko_ko_thett_poem_3.txt,2.0
1121,jh_user_15,save,bibi_slippers_exploration_of_the_nature_of_obsession_with_specific_from_afrikaans_trans_alice_inggs_poem_2.txt,2.0
1121,jh_user_17,save,balam_rodrigo_commando_unit_rounds_up_eight_migrantsvillahermosa_tabasco_from_spanish_trans_dan_bellm_poem_4.txt,2.0
1121,jh_user_65,save,bai_juyi_remembering_south_of_the_river_from_chinese_trans_joey_schwartzman_poem_4.txt,2.0
1121,jh_user_81,save,dagmara_kraus_past_glossier_from_german_trans_joshua_daniel_edwin_poem_3.txt,2.0
1121,jh_user_100,save,dhsi_dh_dept_chairs_deans_unsworth_et_al.txt,2.0
1121,jh_user_24,save,bibi_slippers_exploration_of_the_nature_of_obsession_with_specific_from_afrikaans_trans_alice_inggs_poem_2.txt,2.0
1121,jh_user_46,save,franca_mancinelli_a_beating_of_palms_on_the_floor_from_italian_trans_john_taylor_poem_7.txt,2.0
1121,jh_user_89,save,enver_ali_akova_de_se_et_nunc_from_turkish_trans_zeynep_özer_poem_3.txt,2.0
1121,jh_user_92,save,gunnar_wærness_donald_duck__3_february_2018_from_norwegian_trans_gabriel_gudding_poem_1.txt,2.0
1121,jh_user_14,save,bachtyar_ali_i_do_not_remember_this_city_from_kurdish_trans_dilan_qadir_poem_2.txt,2.0
1121,jh_user_101,save,francisco_paco_urondo_days_come_and_gone_from_spanish_trans_julia_leverone_poem_3.txt,2.0
1121,jh_user_85,save,carlos_de_assumpção_batuque_from_portuguese_trans_robert_smith_poem_1.txt,2.0
1121,jh_user_13,save,august_bover_autumn_from_catalan_trans_kristine_doll_poem_1.txt,2.0
1121,jh_user_84,save,dhsi_AbTeC_indigenous_video_games_as_storytelling_brown.txt,2.0
1121,jh_user_28,save,ennio_moltedo_42_from_spanish_trans_marguerite_feitlowitz_poem_3.txt,2.0
1121,jh_user_84,save,aung_khin_myint_going_to_the_origin_from_burmese_trans_ko_ko_thett_poem_3.txt,2.0
1121,jh_user_76,save,ghazal_mosadeq_untitled_2_from_persian_trans_khashayar_kess_mohammadi_poem_2.txt,2.0
1121,jh_user_1,save,csenger_kertai_redemption_from_hungarian_trans_diana_senechal_poem_1.txt,2.0
1121,jh_user_61,save,gennady_aygi_to_max_ernst_a_twinrose_from_russian_trans_alex_cigale_poem_5.txt,2.0
1121,jh_user_51,save,ashur_etwebi_borders_from_arabic_trans_ashur_etwebi_and_james_byrne_poem_1.txt,2.0
1121,jh_user_97,save,han_bo_substitution_from_chinese_trans_eleanor_goodman_poem_6.txt,2.0
1121,jh_user_29,save,chen_yuhong_buddhist_pine_from_chinese_trans_george_oconnell_and_diana_shi_poem_2.txt,2.0
1121,jh_user_48,save,hai_zi_wheat_field_of_may_from_chinese_trans_ye_chun_poem_4.txt,2.0
1121,jh_user_50,save,elizaria_flores_iv_from_spanish_trans_david_m_brunson_poem_8.txt,2.0
1121,jh_user_12,save,czeslaw_milosz_in_honor_of_reverend_baka_from_polish_trans_anthony_milosz_poem_1.txt,2.0
1121,jh_user_94,save,bruna_beber_37_from_portuguese_trans_sarah_rebecca_kersley_poem_4.txt,2.0
1121,jh_user_3,save,georgi_gospodinov_toutes_directions_from_bulgarian_trans_teodora_gandeva_poem_2.txt,2.0
1121,jh_user_55,save,emilio_prados_xxi_from_spanish_trans_donald_wellman_poem_3.txt,2.0
1121,jh_user_83,save,dhsi_queer_dh_howe_&_ruberg.txt,2.0
1121,jh_user_41,save,claude_ber_cutout_3_from_french_trans_elodie_olsoncoons_poem_3.txt,2.0
1121,jh_user_79,save,bruna_beber_from_bakery_street_from_portuguese_trans_sarah_rebecca_kersley_poem_5.txt,2.0
1121,jh_user_75,save,atmanam_the_tamarind_tree_from_tamil_trans_shriram_sivaramakrishnan_poem_5.txt,2.0
1121,jh_user_101,save,dhsi_xpath_xml_managing_projects_beshero-bondar_&_birnbaum.txt,2.0
1121,jh_user_23,save,dhsi_linked_open_data_semantic_web_smith.txt,2.0
1121,jh_user_2,save,david_avidan_calling_card_from_hebrew_trans_tsipi_keller_poem_1.txt,2.0
1121,jh_user_62,save,bai_juyi_remembering_south_of_the_river_from_chinese_trans_joey_schwartzman_poem_4.txt,2.0
1121,jh_user_31,save,dhsi_press_bialkowski_academic_2011.txt,2.0
1121,jh_user_46,save,bashkir_songs_of_the_month_kunakbay_trans_yandex.txt,2.0
1121,jh_user_72,save,gökçenur_ç_were_in_the_world_so_are_words_how_nice_that_were_all_here_from_turkish_trans_erik_mortenson_poem_1.txt,2.0
1121,jh_user_4,save,georgi_gospodinov_toutes_directions_from_bulgarian_trans_teodora_gandeva_poem_2.txt,2.0
1122,jh_user_20,save,erika_burkart_old_person_in_her_parents_house_from_german_trans_marc_vincenz_poem_6.txt,2.0
1122,jh_user_67,save,asmaa_azaizeh_hulegu_and_i_from_arabic_trans_yasmine_seale_poem_3.txt,2.0
1122,jh_user_68,save,dhsi_press_pannapacker_2012.txt,2.0
1122,jh_user_12,save,fabián_severo_ten_from_portunhol_trans_laura_cesarco_eglin_and_jesse_lee_kercheval_poem_1.txt,2.0
1122,jh_user_87,save,fabián_severo_ten_from_portunhol_trans_laura_cesarco_eglin_and_jesse_lee_kercheval_poem_1.txt,2.0
1122,jh_user_95,save,constantine_p_cavafy_in_the_dives_from_greek_trans_george_economou_poem_1.txt,2.0
1122,jh_user_97,save,fabián_severo_fiftyeight_from_portunhol_trans_laura_cesarco_eglin_and_jesse_lee_kercheval_poem_6.txt,2.0
1122,jh_user_69,save,dana_ranga_photoblepharon_palpebratus_from_german_trans_monika_cassel_poem_3.txt,2.0
1122,jh_user_53,save,hayashi_amari_fromnbspwhat_does_the_resurrection_mean_to_menbsp_from_japanese_trans_jon_holt_poem_2.txt,2.0
1122,jh_user_52,save,dana_ranga_photoblepharon_palpebratus_from_german_trans_monika_cassel_poem_3.txt,2.0
1122,jh_user_85,save,gertrud_kolmar_the_dragon_from_german_trans_anna_henke_and_julia_gutterman_poem_3.txt,2.0
1122,jh_user_55,save,carlito_azevedo_two_foreigners_from_portuguese_trans_sarah_rebecca_kersley_poem_1.txt,2.0
1122,jh_user_93,save,claude_ber_cutout_3_from_french_trans_elodie_olsoncoons_poem_3.txt,2.0
1122,jh_user_45,save,astrid_haerens_6_from_flemish_trans_egan_garr_poem_6.txt,2.0
1122,jh_user_42,save,dag_t_straumsvåg_optimists_from_norwegian_trans_robert_hedin_and_dag_t_straumsvåg_poem_1.txt,2.0
1122,jh_user_68,save,dhsi_javascript_css_pilsch.txt,2.0
1122,jh_user_34,save,franca_mancinelli_a_beating_of_palms_on_the_floor_from_italian_trans_john_taylor_poem_7.txt,2.0
1122,jh_user_81,save,fabio_pusterla_ermannos_breath_from_italian_trans_damiano_abeni_and_moira_egan_poem_1.txt,2.0
1122,jh_user_39,save,for_all_time.txt,2.0
1122,jh_user_97,save,christa_i_de_la_cruz_beginning_from_filipino_trans_ethan_chua_poem_1.txt,2.0
1122,jh_user_85,save,bashkir_songs_of_the_month_kunakbay_trans_yandex.txt,2.0
1122,jh_user_15,save,fabián_severo_nineteen_from_portunhol_trans_laura_cesarco_eglin_and_jesse_lee_kercheval_poem_3.txt,2.0
1122,jh_user_27,save,hannele-mikaela-taivassalo_5-knives_excerpt.txt,2.0
1122,jh_user_65,save,elizaria_flores_nbsp_from_spanish_trans_david_m_brunson_poem_3.txt,2.0
1122,jh_user_25,save,gisela_hemau_no_fishing_village_from_german_trans_sara_edinger_poem_2.txt,2.0
1122,jh_user_97,save,han_bo_lost_from_chinese_trans_eleanor_goodman_poem_4.txt,2.0
1122,jh_user_13,save,bruna_beber_watering_the_plants_from_portuguese_trans_sarah_rebecca_kersley_poem_6.txt,2.0
1122,jh_user_16,save,birger-emanuelsen_anna-and-love_part2.txt,2.0
1122,jh_user_50,save,harri-hertell_full-moon-in-the-calendar.txt,2.0
1122,jh_user_25,save,bibi_slippers_exploration_of_the_nature_of_obsession_with_specific_from_afrikaans_trans_alice_inggs_poem_2.txt,2.0
1122,jh_user_85,save,elizaria_flores_iii_from_spanish_trans_david_m_brunson_poem_7.txt,2.0
1122,jh_user_75,save,david_rosenmanntaub_xii_from_spanish_trans_iván_brave_poem_2.txt,2.0
1122,jh_user_49,save,galina_rymbu_how_from_russian_trans_joan_brooks_poem_7.txt,2.0
1122,jh_user_11,save,hakan_savlı_ario_da_capo_from_turkish_trans_abbas_karakaya_and_elizabeth_raible_poem_1.txt,2.0
1122,jh_user_78,save,csenger_kertai_i_from_hungarian_trans_diana_senechal_poem_2.txt,2.0
1122,jh_user_72,save,ghazal_mosadeq_untitled_3_from_persian_trans_khashayar_kess_mohammadi_poem_3.txt,2.0
1123,jh_user_89,save,dhsi_dh_dept_chairs_deans_unsworth_et_al.txt,2.0
1123,jh_user_44,save,galina_rymbu_could_i_possibly_take_part_from_russian_trans_joan_brooks_poem_8.txt,2.0
1123,jh_user_9,save,dhsi_queer_dh_howe_&_ruberg.txt,2.0
1123,jh_user_39,save,galina_rymbu_untitled_3_from_russian_trans_joan_brooks_poem_3.txt,2.0
1123,jh_user_56,save,dhsi_3d_visualization_razoumov.txt,2.0
1123,jh_user_97,save,dijala_hasanbegović_amnesia_from_bosnian_trans_mirza_purić_poem_1.txt,2.0
1123,jh_user_54,save,george_gömöri_summer_evening_at_sirmione_from_hungarian_trans_mari_gömöri_jamie_mckendrick_and_george_gömöri_poem_2.txt,2.0
1123,jh_user_13,save,grzegorz_wróblewski_young_and_old_in_the_park_from_polish_trans_piotr_gwiazda_poem_3.txt,2.0
1123,jh_user_56,save,fiston-mwanza-mujila_excerpt-from-tram-83.txt,2.0
1123,jh_user_38,save,fernando_pessoa_from_the_keeper_of_flocksnbsp_from_portuguese_trans_michael_lee_rattigan_poem_1.txt,2.0
1123,jh_user_56,save,eva_tizzani_to_burn_from_spanish_trans_david_brunson_poem_4.txt,2.0
1123,jh_user_3,save,fall_of_the_roman_empire.txt,2.0
1123,jh_user_53,save,georgi_gospodinov_toutes_directions_from_bulgarian_trans_teodora_gandeva_poem_2.txt,2.0
1123,jh_user_17,save,bruna_beber_from_litany_from_portuguese_trans_sarah_rebecca_kersley_poem_1.txt,2.0
1123,jh_user_7,save,bashkir_mother_yew_child_fauziya_yuldashbayeva_trans_yandex.txt,2.0
1123,jh_user_39,save,césar_vallejo_xlix_from_spanish_trans_césar_jumpa_sánchez_poem_3.txt,2.0
1123,jh_user_18,save,dijala_hasanbegović_my_first_single_from_bosnian_trans_mirza_purić_poem_4.txt,2.0
1123,jh_user_67,save,august_bover_winter_from_catalan_trans_kristine_doll_poem_2.txt,2.0
1123,jh_user_62,save,atmanam_a_nonexistent_title_from_tamil_trans_shriram_sivaramakrishnan_poem_4.txt,2.0
1123,jh_user_80,save,dag_t_straumsvåg_out_of_breath_from_norwegian_trans_robert_hedin_and_dag_t_straumsvåg_poem_2.txt,2.0
1123,jh_user_37,save,david_avidan_six_local_poems_from_hebrew_trans_tsipi_keller_poem_5.txt,2.0
1123,jh_user_32,save,bijan_elahi_i_laugh_for_you_from_persian_trans_rebecca_ruth_gould_and_kayvan_tahmasebian_poem_2.txt,2.0
1123,jh_user_2,save,aung_khin_myint_mirror_with_a_stutter_from_burmese_trans_ko_ko_thett_poem_4.txt,2.0
1123,jh_user_74,save,gisela_hemau_no_fishing_village_from_german_trans_sara_edinger_poem_2.txt,2.0
1123,jh_user_85,save,fabio_pusterla_the_blackboard_janitor_from_italian_trans_damiano_abeni_and_moira_egan_poem_3.txt,2.0
1123,jh_user_83,save,emilio_prados_copla_from_spanish_trans_donald_wellman_poem_6.txt,2.0
1123,jh_user_42,save,elizaria_flores_city_from_spanish_trans_david_m_brunson_poem_2.txt,2.0
1123,jh_user_21,save,dmitri_alexandrovich_prigov_untitled_4_from_russian_trans_simon_schuchat_poem_4.txt,2.0
1123,jh_user_93,save,dhsi_nlp_&_network_coding_for_text_corpus_analysis_tanasescu.txt,2.0
1123,jh_user_10,save,bùi_chát_deceptionnegligence_amp_a_sleeping_mat_of_woven_reeds_royal_proclamation_from_vietnamese_trans_jack_j_huynh_poem_3.txt,2.0
1123,jh_user_17,save,habib_tengour_thatch_watermeadow_and_sheet_metal_from_french_trans_pierre_joris_poem_2.txt,2.0
1123,jh_user_22,save,blanca_varela_mask_of_some_god_from_spanish_trans_vered_engelhard_poem_3.txt,2.0
1123,jh_user_70,save,david_rosenmanntaub_xii_from_spanish_trans_iván_brave_poem_2.txt,2.0
1123,jh_user_13,save,bùi_chát_fear_from_vietnamese_trans_jack_j_huynh_poem_2.txt,2.0
1123,jh_user_62,save,dana_ranga_hippocampus_erectus_minor_maior_from_german_trans_monika_cassel_poem_2.txt,2.0
1123,jh_user_90,save,christa_i_de_la_cruz_fluid_from_filipino_trans_ethan_chua_poem_5.txt,2.0
1123,jh_user_34,save,francisco_paco_urondo_the_tree_of_life_from_spanish_trans_julia_leverone_poem_4.txt,2.0
1123,jh_user_1,save,gertrud_kolmar_the_whale_from_german_trans_anna_henke_and_julia_gutterman_poem_2.txt,2.0
1123,jh_user_32,save,dhsi_pedagogy_jakacki_&_faull.txt,2.0
1123,jh_user_59,save,dhsi_linked_open_datafication_martin_&_antoniuk.txt,2.0
1123,jh_user_101,save,francesca_pellegrino_someones_gotta_win_from_italian_trans_adria_bernardi_poem_2.txt,2.0
1123,jh_user_26,save,aung_khin_myint_mirror_with_a_stutter_from_burmese_trans_ko_ko_thett_poem_4.txt,2.0
1123,jh_user_24,save,dijala_hasanbegović_my_first_single_from_bosnian_trans_mirza_purić_poem_4.txt,2.0
1123,jh_user_21,save,eduardo_espina_the_best_of_magellan_from_spanish_trans_daniel_borzutzky_poem_5.txt,2.0
1123,jh_user_26,save,harri-hertell_full-moon-in-the-calendar.txt,2.0
1123,jh_user_12,save,czeslaw_milosz_goodness_from_polish_trans_anthony_milosz_poem_4.txt,2.0
1123,jh_user_37,save,flávio_de_araújo_the_floating_body_from_portuguese_trans_rachel_morgensternclarren_poem_2.txt,2.0
1124,jh_user_98,save,elizaria_flores_iv_from_spanish_trans_david_m_brunson_poem_8.txt,2.0
1124,jh_user_48,save,dhsi_nlp_&_network_coding_for_text_corpus_analysis_tanasescu.txt,2.0
1124,jh_user_6,save,fabio_pusterla_ermannos_breath_from_italian_trans_damiano_abeni_and_moira_egan_poem_1.txt,2.0
1124,jh_user_88,save,gili_haimovich_anger_sunk_in_a_lake_from_hebrew_trans_gili_haimovich_poem_1.txt,2.0
1124,jh_user_64,save,galina_rymbu_they_from_russian_trans_joan_brooks_poem_6.txt,2.0
1124,jh_user_5,save,dhsi_press_pannapacker_2012.txt,2.0
1124,jh_user_15,save,harri-hertell_i-dont-read-the-obituaries.txt,2.0
1124,jh_user_27,save,hatem_alzahrani_i_from_arabic_trans_moneera_alghadeer_poem_1.txt,2.0
1124,jh_user_42,save,georgi_gospodinov_lovingly_from_bulgarian_trans_teodora_gandeva_poem_4.txt,2.0
1124,jh_user_63,save,barbi-markovic_part2.txt,2.0
1124,jh_user_63,save,bai_juyi_grass_from_chinese_trans_joey_schwartzman_poem_1.txt,2.0
1124,jh_user_2,save,dhsi_pedagogy_jakacki_&_faull.txt,2.0
1124,jh_user_71,save,habib_tengour_calypso_is_listening_1_from_french_trans_teresa_villaignacio_poem_1.txt,2.0
1124,jh_user_62,save,birger-emanuelsen_anna-and-love_part2.txt,2.0
1124,jh_user_17,save,david_avidan_six_local_poems_from_hebrew_trans_tsipi_keller_poem_5.txt,2.0
1124,jh_user_98,save,dhsi_linked_open_datafication_martin_&_antoniuk.txt,2.0
1124,jh_user_54,save,cronaca_di_un_amore.txt,2.0
1124,jh_user_15,save,choe_chiwon_imgyông_terrace_by_hwangsan_river_from_chinese_trans_jonathan_chan_poem_4.txt,2.0
1124,jh_user_5,save,dhsi_intro_to_iiif_robson_et_al.txt,2.0
1124,jh_user_44,save,gábor_schein_the_taste_of_salt_from_hungarian_trans_erika_mihálycsa_poem_2.txt,2.0
1124,jh_user_53,save,elke_erb_she_and_the_city_from_german_trans_sara_edinger_poem_1.txt,2.0
1124,jh_user_80,save,francisco_paco_urondo_days_come_and_gone_from_spanish_trans_julia_leverone_poem_3.txt,2.0
1124,jh_user_23,save,edith_bruck_the_symbol_from_italian_trans_jeanne_bonner_poem_1.txt,2.0
1124,jh_user_31,save,georgi_gospodinov_place_des_vosges_from_bulgarian_trans_teodora_gandeva_poem_1.txt,2.0
1124,jh_user_59,save,dhsi_digital_storytelling_barber.txt,2.0
1124,jh_user_41,save,hai_zi_wheat_field_of_may_from_chinese_trans_ye_chun_poem_4.txt,2.0
1124,jh_user_23,save,ghazal_mosadeq_untitled_2_from_persian_trans_khashayar_kess_mohammadi_poem_2.txt,2.0
1124,jh_user_11,save,dhsi_xpath_xml_managing_projects_beshero-bondar_&_birnbaum.txt,2.0
1124,jh_user_75,save,erin_moure_995_o_cadoiro.txt,2.0
1124,jh_user_58,save,dhsi_3d_visualization_razoumov.txt,2.0
1124,jh_user_92,save,ennio_moltedo_17_from_spanish_trans_marguerite_feitlowitz_poem_2.txt,2.0
1124,jh_user_31,save,csenger_kertai_i_from_hungarian_trans_diana_senechal_poem_2.txt,2.0
1124,jh_user_18,save,gunnar_wærness_poetry_festival__july_26_2016_from_norwegian_trans_gabriel_gudding_poem_2.txt,2.0
1124,jh_user_61,save,dana_ranga_darkness_from_german_trans_monika_cassel_poem_4.txt,2.0
1124,jh_user_93,save,habib_tengour_calypso_is_listening_1_from_french_trans_teresa_villaignacio_poem_1.txt,2.0
1124,jh_user_56,save,erika_burkart_evening_parlour_from_german_trans_marc_vincenz_poem_1.txt,2.0
1124,jh_user_91,save,gennady_aygi_untitled_3_from_russian_trans_alex_cigale_poem_3.txt,2.0
1124,jh_user_10,save,haydar_ergülen_open_sentence_from_turkish_trans_derick_mattern_poem_1.txt,2.0
1124,jh_user_51,save,enver_ali_akova_de_se_et_nunc_from_turkish_trans_zeynep_özer_poem_3.txt,2.0
1124,jh_user_77,save,dhsi_agile_project_management_smith.txt,2.0
1125,jh_user_25,save,erika_burkart_old_person_in_her_parents_house_from_german_trans_marc_vincenz_poem_6.txt,2.0
1125,jh_user_79,save,ghazal_mosadeq_untitled_3_from_persian_trans_khashayar_kess_mohammadi_poem_3.txt,2.0
1125,jh_user_71,save,francisca_aguirre_the_stranger_from_spanish_trans_montana_ray_poem_2.txt,2.0
1125,jh_user_75,save,galina_rymbu_they_from_russian_trans_joan_brooks_poem_6.txt,2.0
1125,jh_user_5,save,bai_juyi_remembering_south_of_the_river_from_chinese_trans_joey_schwartzman_poem_4.txt,2.0
1125,jh_user_63,save,elizaria_flores_iv_from_spanish_trans_david_m_brunson_poem_8.txt,2.0
1125,jh_user_7,save,enver_ali_akova_from_a_time_back_to_a_plainnbsp_from_turkish_trans_zeynep_özer_poem_1.txt,2.0
1125,jh_user_39,save,edith_bruck_the_symbol_from_italian_trans_jeanne_bonner_poem_1.txt,2.0
1125,jh_user_26,save,elke_erb_looking_inward_from_german_trans_shane_anderson_poem_5.txt,2.0
1125,jh_user_43,save,hatem_alzahrani_iii_from_arabic_trans_moneera_alghadeer_poem_3.txt,2.0
1125,jh_user_73,save,gökçenur_ç_i_watch_with_love_like_a_stupid_student_from_turkish_trans_erik_mortenson_poem_3.txt,2.0
1125,jh_user_49,save,christa_i_de_la_cruz_fluid_from_filipino_trans_ethan_chua_poem_5.txt,2.0
1125,jh_user_87,save,dhsi_processing_humanities_multimedia_evans_&_romphf.txt,2.0
1125,jh_user_87,save,bai_juyi_sleeping_on_a_night_of_autumn_rain_from_chinese_trans_joey_schwartzman_poem_3.txt,2.0
1125,jh_user_45,save,dana_ranga_hippocampus_erectus_minor_maior_from_german_trans_monika_cassel_poem_2.txt,2.0
1125,jh_user_27,save,ennio_moltedo_17_from_spanish_trans_marguerite_feitlowitz_poem_2.txt,2.0
1125,jh_user_95,save,birger-emanuelsen_anna-and-love_part1.txt,2.0
1125,jh_user_2,save,deniz_durukan_nail_from_turkish_trans_jeffrey_kahrs_and_mete_özel_poem_1.txt,2.0
1125,jh_user_40,save,david_rosenmanntaub_xii_from_spanish_trans_iván_brave_poem_2.txt,2.0
1125,jh_user_6,save,dhsi_linked_open_data_semantic_web_smith.txt,2.0
1125,jh_user_33,save,dhsi_AbTeC_indigenous_video_games_as_storytelling_brown.txt,2.0
1125,jh_user_24,save,doll_house.txt,2.0
1125,jh_user_23,save,habib_tengour_calypso_is_listening_1_from_french_trans_teresa_villaignacio_poem_1.txt,2.0
1125,jh_user_54,save,heavens_gate_scene.txt,2.0
1125,jh_user_79,save,cécile_mainardi_from_from_french_trans_léon_pradeau_and_clara_nizard_poem_1.txt,2.0
1125,jh_user_40,save,dhsi_drupal_cavanaugh_&_shield.txt,2.0
1125,jh_user_46,save,hakan_savlı_ario_da_capo_from_turkish_trans_abbas_karakaya_and_elizabeth_raible_poem_1.txt,2.0
1125,jh_user_6,save,george_gömöri_a_german_lesson_january_1945_from_hungarian_trans_mari_gömöri_jamie_mckendrick_and_george_gömöri_poem_3.txt,
1125,jh_user_15,save,dag_t_straumsvåg_out_of_breath_from_norwegian_trans_robert_hedin_and_dag_t_straumsvåg_poem_2.txt,2.0
1125,jh_user_1,save,galina_rymbu_could_i_possibly_take_part_from_russian_trans_joan_brooks_poem_8.txt,2.0
1125,jh_user_34,save,fabián_severo_fiftyeight_from_portunhol_trans_laura_cesarco_eglin_and_jesse_lee_kercheval_poem_6.txt,2.0
1125,jh_user_36,save,dhsi_xpath_xml_managing_projects_beshero-bondar_&_birnbaum.txt,2.0
1125,jh_user_56,save,fabio_pusterla_lumière_museum_from_italian_trans_damiano_abeni_and_moira_egan_poem_5.txt,2.0
1125,jh_user_25,save,dhsi_diy_digital_editions_ross_&_konkol.txt,2.0
1125,jh_user_50,save,eduardo_milán_33_from_spanish_trans_john_oliver_simon_poem_3.txt,2.0
1125,jh_user_95,save,aung_khin_myint_mirror_with_a_stutter_from_burmese_trans_ko_ko_thett_poem_4.txt,2.0
1125,jh_user_87,save,elizaria_flores_city_from_spanish_trans_david_m_brunson_poem_2.txt,2.0
1125,jh_user_1,save,csenger_kertai_i_from_hungarian_trans_diana_senechal_poem_2.txt,2.0
1125,jh_user_40,save,dario_bellezza_from_lovebooknbsplovernbsp1982_from_italian_trans_peter_covino_poem_2.txt,2.0
1125,jh_user_40,save,cronaca_di_un_amore.txt,2.0
1125,jh_user_71,save,han_bo_seek_from_chinese_trans_eleanor_goodman_poem_5.txt,2.0
1126,jh_user_97,save,francesca_pellegrino_someones_gotta_win_from_italian_trans_adria_bernardi_poem_2.txt,2.0
1126,jh_user_24,save,bruna_beber_37_from_portuguese_trans_sarah_rebecca_kersley_poem_4.txt,2.0
1126,jh_user_99,save,birger-emanuelsen_anna-and-love_part1.txt,2.0
1126,jh_user_59,save,eduardo_milán_33_from_spanish_trans_john_oliver_simon_poem_3.txt,2.0
1126,jh_user_8,save,fiston-mwanza-mujila_music-allowed-me-to-explode-the-story.txt,2.0
1126,jh_user_69,save,hannele-mikaela-taivassalo_5-knives_excerpt.txt,2.0
1126,jh_user_98,save,erika_burkart_mountain_night_from_german_trans_marc_vincenz_poem_3.txt,2.0
1126,jh_user_65,save,gábor_schein_captain_corneliuss_letter_from_pannonia_to_burrus_nbsp_nbsp_nbsp_nbsp_nbsp_nbsp_nbsp_nbspto_the_colonial_office_in_rome_from_hungarian_trans_erika_mihálycsa_poem_1.txt,2.0
1126,jh_user_92,save,dhsi_cv_for_dh_makers_grigar_et_al.txt,2.0
1126,jh_user_99,save,doll_house.txt,2.0
1126,jh_user_81,save,doll_house.txt,2.0
1126,jh_user_84,save,dhsi_ethical_data_visualization_church_&_hepworth.txt,2.0
1126,jh_user_24,save,gelsys_garcía_lorenzo_the_dictator_from_spanish_trans_maria_grau_perejoan_and_loretta_collins_klobah_poem_2.txt,2.0
1126,jh_user_60,save,gili_haimovich_anger_sunk_in_a_lake_from_hebrew_trans_gili_haimovich_poem_1.txt,2.0
1126,jh_user_66,save,fabio_pusterla_ermannos_breath_from_italian_trans_damiano_abeni_and_moira_egan_poem_1.txt,2.0
1126,jh_user_85,save,dhsi_agile_project_management_smith.txt,2.0
1126,jh_user_4,save,edith_bruck_the_symbol_from_italian_trans_jeanne_bonner_poem_1.txt,2.0
1126,jh_user_19,save,dhsi_wrangling_big_data_fortin.txt,2.0
1126,jh_user_70,save,george_gömöri_tea_with_germans_in_1931_from_hungarian_trans_mari_gömöri_jamie_mckendrick_and_george_gömöri_poem_1.txt,2.0
1126,jh_user_20,save,francesca_pellegrino_someones_gotta_win_from_italian_trans_adria_bernardi_poem_2.txt,2.0
1126,jh_user_99,save,han_bo_hide_from_chinese_trans_eleanor_goodman_poem_2.txt,2.0
1126,jh_user_35,save,hai_zi_wheat_field_of_may_from_chinese_trans_ye_chun_poem_4.txt,2.0
1126,jh_user_57,save,carlos_de_assumpção_batuque_from_portuguese_trans_robert_smith_poem_1.txt,2.0
1126,jh_user_15,save,elizaria_flores_iv_from_spanish_trans_david_m_brunson_poem_8.txt,2.0
1126,jh_user_70,save,csenger_kertai_i_from_hungarian_trans_diana_senechal_poem_2.txt,2.0
1126,jh_user_92,save,elizaria_flores_iv_from_spanish_trans_david_m_brunson_poem_8.txt,2.0
1126,jh_user_45,save,dhsi_retro_machines_&_media_grigar_&_durno.txt,2.0
1126,jh_user_23,save,gertrud_kolmar_the_whale_from_german_trans_anna_henke_and_julia_gutterman_poem_2.txt,2.0
1126,jh_user_15,save,fall_of_the_roman_empire.txt,2.0
1126,jh_user_22,save,gertrud_kolmar_a_dragon_speaks_from_german_trans_anna_henke_and_julia_gutterman_poem_4.txt,2.0
1126,jh_user_20,save,bachtyar_ali_i_do_not_remember_this_city_from_kurdish_trans_dilan_qadir_poem_2.txt,2.0
1126,jh_user_37,save,diana_garza_islas_the_skeleton_who_adapted_to_the_route_from_spanish_trans_cal_paule_poem_3.txt,2.0
1126,jh_user_61,save,gertrud_kolmar_the_whale_from_german_trans_anna_henke_and_julia_gutterman_poem_2.txt,2.0
1126,jh_user_50,save,emilio_prados_shadow_of_april_from_spanish_trans_donald_wellman_poem_2.txt,2.0
1126,jh_user_93,save,han_bo_seek_from_chinese_trans_eleanor_goodman_poem_5.txt,2.0
1127,jh_user_21,save,diana_garza_islas_the_skeleton_who_adapted_to_the_route_from_spanish_trans_cal_paule_poem_3.txt,2.0
1127,jh_user_67,save,chuya_nakahara_sorrow_already_spoiled_from_japanese_trans_christian_nagle_poem_2.txt,2.0
1127,jh_user_88,save,dag_t_straumsvåg_endless_plains_clouds_from_norwegian_trans_robert_hedin_and_dag_t_straumsvåg_poem_4.txt,2.0
1127,jh_user_11,save,deniz_durukan_heart_from_turkish_trans_jeffrey_kahrs_and_mete_özel_poem_2.txt,2.0
1127,jh_user_56,save,george_gömöri_summer_evening_at_sirmione_from_hungarian_trans_mari_gömöri_jamie_mckendrick_and_george_gömöri_poem_2.txt,2.0
1127,jh_user_88,save,dolors_miquel_massacres_from_catalan_trans_mary_ann_newman_poem_1.txt,2.0
1127,jh_user_12,save,dhsi_palpability_wearable_computing_rajko_&_rajko.txt,2.0
1127,jh_user_88,save,david_rosenmanntaub_xii_from_spanish_trans_iván_brave_poem_2.txt,2.0
1127,jh_user_19,save,fabián_severo_twentyeight_from_portunhol_trans_laura_cesarco_eglin_and_jesse_lee_kercheval_poem_5.txt,2.0
1127,jh_user_70,save,dhsi_welcome_2020.txt,2.0
1127,jh_user_22,save,ekaterina_derysheva_2_from_unknown_poem_4.txt,2.0
1127,jh_user_19,save,czeslaw_milosz_antegor_from_polish_trans_anthony_milosz_poem_2.txt,2.0
1127,jh_user_52,save,dana_ranga_petromyzon_marinus_from_german_trans_monika_cassel_poem_6.txt,2.0
1127,jh_user_83,save,gertrud_kolmar_the_whale_from_german_trans_anna_henke_and_julia_gutterman_poem_2.txt,2.0
1127,jh_user_44,save,elke_erb_clouds_up_above_i_know_just_one_thing_from_german_trans_sara_edinger_poem_2.txt,2.0
1127,jh_user_75,save,eduardo_espina_the_fog_discusses_the_horse_from_spanish_trans_daniel_borzutzky_poem_3.txt,2.0
1127,jh_user_32,save,francesca_pellegrino_someones_gotta_win_from_italian_trans_adria_bernardi_poem_2.txt,2.0
1127,jh_user_43,save,dhsi_press_pannapacker_2012.txt,2.0
1127,jh_user_1,save,dhsi_intro_machine_learning_barrett_&_campbell.txt,
1127,jh_user_34,save,galina_rymbu_could_from_russian_trans_joan_brooks_poem_4.txt,2.0
1127,jh_user_79,save,gökçenur_ç_i_watch_with_love_like_a_stupid_student_from_turkish_trans_erik_mortenson_poem_3.txt,2.0
1127,jh_user_86,save,david_avidan_six_local_poems_from_hebrew_trans_tsipi_keller_poem_5.txt,2.0
1127,jh_user_75,save,dhsi_press_bowness_2013.txt,2.0
1127,jh_user_25,save,dhsi_javascript_css_pilsch.txt,2.0
1127,jh_user_14,save,hannele-mikaela-taivassalo_oh-come-and-look_excerpt.txt,2.0
1127,jh_user_91,save,claude_ber_cutout_2_from_french_trans_elodie_olsoncoons_poem_2.txt,2.0
1127,jh_user_19,save,bibi_slippers_reference_to_the_polkadotartworks_of_yayoi_kusama_from_afrikaans_trans_alice_inggs_poem_3.txt,2.0
1127,jh_user_29,save,dhsi_xpath_xml_managing_projects_beshero-bondar_&_birnbaum.txt,2.0
1127,jh_user_66,save,han_bo_lost_from_chinese_trans_eleanor_goodman_poem_4.txt,2.0
1127,jh_user_77,save,bruna_beber_2_from_portuguese_trans_sarah_rebecca_kersley_poem_2.txt,2.0
1127,jh_user_52,save,ekaterina_derysheva_the_installation_has_been_canceled_from_unknown_poem_2.txt,2.0
1127,jh_user_70,save,david_rosenmanntaub_cxxxix_from_spanish_trans_iván_brave_poem_5.txt,2.0
1127,jh_user_38,save,gertrud_kolmar_a_dragon_speaks_from_german_trans_anna_henke_and_julia_gutterman_poem_4.txt,2.0
1127,jh_user_42,save,eduardo_milán_33_from_spanish_trans_john_oliver_simon_poem_3.txt,2.0
1127,jh_user_66,save,georgi_gospodinov_place_des_vosges_from_bulgarian_trans_teodora_gandeva_poem_1.txt,2.0
1127,jh_user_45,save,erika_burkart_world_histories_from_german_trans_marc_vincenz_poem_5.txt,2.0
1128,jh_user_22,save,george_gömöri_tea_with_germans_in_1931_from_hungarian_trans_mari_gömöri_jamie_mckendrick_and_george_gömöri_poem_1.txt,2.0
1128,jh_user_18,save,francesca_pellegrino_someones_gotta_win_from_italian_trans_adria_bernardi_poem_2.txt,2.0
1128,jh_user_79,save,cécile_mainardi_superliquid_water_from_french_trans_léon_pradeau_and_clara_nizard_poem_2.txt,2.0
1128,jh_user_56,save,david_avidan_sedation_from_hebrew_trans_tsipi_keller_poem_2.txt,2.0
1128,jh_user_77,save,grzegorz_wróblewski_letter_from_poznań_from_polish_trans_piotr_gwiazda_poem_4.txt,2.0
1128,jh_user_89,save,bibi_slippers_emoji_in_the_scriptorium_from_afrikaans_trans_alice_inggs_poem_5.txt,2.0
1128,jh_user_63,save,deniz_durukan_heart_from_turkish_trans_jeffrey_kahrs_and_mete_özel_poem_2.txt,2.0
1128,jh_user_67,save,bibi_slippers_emoji_in_the_scriptorium_from_afrikaans_trans_alice_inggs_poem_5.txt,2.0
1128,jh_user_10,save,deniz_durukan_heart_from_turkish_trans_jeffrey_kahrs_and_mete_özel_poem_2.txt,2.0
1128,jh_user_7,save,cronaca_di_un_amore.txt,2.0
1128,jh_user_16,save,dhsi_book_history_pedagogy_scalar_silva.txt,2.0
1128,jh_user_6,save,dhsi_digitisation_fundamentals_davies_mcginn.txt,2.0
1128,jh_user_41,save,elke_erb_looking_inward_from_german_trans_shane_anderson_poem_5.txt,2.0
1128,jh_user_39,save,dhsi_digitisation_fundamentals_davies_mcginn.txt,2.0
1128,jh_user_76,save,hafez_ghazal_84_from_persian_trans_roger_sedarat_poem_1.txt,2.0
1128,jh_user_66,save,ashur_etwebi_borders_from_arabic_trans_ashur_etwebi_and_james_byrne_poem_1.txt,2.0
1128,jh_user_61,save,gur-genc_stavrokono-29-years-later.txt,2.0
1128,jh_user_24,save,claude_ber_cutout_3_from_french_trans_elodie_olsoncoons_poem_3.txt,2.0
1128,jh_user_99,save,crauss_giant_amber_pastry_from_german_trans_mark_kanak_poem_6.txt,2.0
1128,jh_user_32,save,dhsi_intro_computation_lit_criticism_el_khatib_&_ wrisley.txt,
1128,jh_user_87,save,barbi-markovic_part2.txt,2.0
1128,jh_user_16,save,claude_ber_cutout_3_from_french_trans_elodie_olsoncoons_poem_3.txt,2.0
1128,jh_user_70,save,dhsi_drupal_cavanaugh_&_shield.txt,2.0
1128,jh_user_4,save,elizaria_flores_no_street_will_survive_you_from_spanish_trans_david_m_brunson_poem_9.txt,2.0
1128,jh_user_40,save,charles_wright_apologia_pro_vita_sua.txt,2.0
1128,jh_user_4,save,ava_koohbor_vii_from_persian_trans_patrick_james_dunagan_and_ava_koohbor_poem_2.txt,2.0
1128,jh_user_101,save,fabián_severo_eleven_from_portunhol_trans_laura_cesarco_eglin_and_jesse_lee_kercheval_poem_2.txt,2.0
1128,jh_user_27,save,cécile_mainardi_from_from_french_trans_léon_pradeau_and_clara_nizard_poem_1.txt,2.0
1128,jh_user_3,save,fabián_severo_nineteen_from_portunhol_trans_laura_cesarco_eglin_and_jesse_lee_kercheval_poem_3.txt,2.0
1129,jh_user_24,save,asmaa_azaizeh_my_pointy_beak_from_arabic_trans_yasmine_seale_poem_4.txt,2.0
1129,jh_user_94,save,dhsi_pedagogy_jakacki_&_faull.txt,2.0
1129,jh_user_21,save,crauss_everything_will_be_alright_from_german_trans_mark_kanak_poem_2.txt,2.0
1129,jh_user_36,save,bruna_beber_2_from_portuguese_trans_sarah_rebecca_kersley_poem_2.txt,2.0
1129,jh_user_26,save,birger-emanuelsen_anna-and-love_part2.txt,2.0
1129,jh_user_56,save,franca_mancinelli_every_morning_at_the_white_wall_from_italian_trans_john_taylor_poem_1.txt,2.0
1129,jh_user_72,save,elizaria_flores_nbsp_from_spanish_trans_david_m_brunson_poem_3.txt,2.0
1129,jh_user_5,save,bruna_beber_watering_the_plants_from_portuguese_trans_sarah_rebecca_kersley_poem_6.txt,2.0
1129,jh_user_32,save,habib_tengour_calypso_is_listening_1_from_french_trans_teresa_villaignacio_poem_1.txt,2.0
1129,jh_user_29,save,bùi_chát_deceptionnegligence_amp_a_sleeping_mat_of_woven_reeds_royal_proclamation_from_vietnamese_trans_jack_j_huynh_poem_3.txt,2.0
1129,jh_user_84,save,dmitri_alexandrovich_prigov_a_list_of_my_own_deaths_from_russian_trans_simon_schuchat_poem_2.txt,2.0
1129,jh_user_91,save,dhsi_queer_dh_howe_&_ruberg.txt,2.0
1129,jh_user_33,save,atmanam_the_tamarind_tree_from_tamil_trans_shriram_sivaramakrishnan_poem_5.txt,2.0
1129,jh_user_72,save,dhsi_press_benton_2008.txt,2.0
1129,jh_user_8,save,elizaria_flores_no_street_will_survive_you_from_spanish_trans_david_m_brunson_poem_9.txt,2.0
1129,jh_user_43,save,dhsi_AbTeC_indigenous_video_games_as_storytelling_brown.txt,2.0
1129,jh_user_49,save,crauss_giant_amber_pastry_from_german_trans_mark_kanak_poem_6.txt,2.0
1129,jh_user_37,save,dagmara_kraus_kite_in_confession_from_german_trans_joshua_daniel_edwin_poem_1.txt,2.0
1129,jh_user_49,save,ennio_moltedo_42_from_spanish_trans_marguerite_feitlowitz_poem_3.txt,2.0
1129,jh_user_79,save,dagmara_kraus_past_glossier_from_german_trans_joshua_daniel_edwin_poem_3.txt,2.0
1129,jh_user_94,save,cronaca_di_un_amore.txt,2.0
1129,jh_user_68,save,francesca_pellegrino_someones_gotta_win_from_italian_trans_adria_bernardi_poem_2.txt,2.0
1129,jh_user_56,save,ennio_moltedo_42_from_spanish_trans_marguerite_feitlowitz_poem_3.txt,2.0
1129,jh_user_91,save,dana_ranga_darkness_from_german_trans_monika_cassel_poem_4.txt,2.0
1129,jh_user_18,save,césar_vallejo_from_feuerbach_to_marx_from_spanish_trans_joseph_mulligan_poem_1.txt,2.0
1129,jh_user_5,save,czeslaw_milosz_antegor_from_polish_trans_anthony_milosz_poem_2.txt,2.0
1129,jh_user_98,save,bibi_slippers_emoji_in_the_scriptorium_from_afrikaans_trans_alice_inggs_poem_5.txt,2.0
1129,jh_user_33,save,hai_zi_let_me_rest_my_feet_on_a_carpenters_toolbox_at_twilight_from_chinese_trans_ye_chun_poem_2.txt,
1129,jh_user_67,save,dag_t_straumsvåg_endless_plains_clouds_from_norwegian_trans_robert_hedin_and_dag_t_straumsvåg_poem_4.txt,2.0
1129,jh_user_63,save,fiston-mwanza-mujila_music-allowed-me-to-explode-the-story.txt,2.0
1129,jh_user_23,save,dario_bellezza_from_lovebooknbsplovernbsp1982_from_italian_trans_peter_covino_poem_2.txt,2.0
1129,jh_user_39,save,césar_moro_the_scandalous_life_of_césar_moro_from_spanish_trans_leslie_bary_and_esteban_quispe_poem_2.txt,2.0
1129,jh_user_84,save,eva_tizzani_to_burn_from_spanish_trans_david_brunson_poem_4.txt,2.0
1129,jh_user_69,save,gertrud_kolmar_good_night_from_german_trans_anna_henke_and_julia_gutterman_poem_5.txt,2.0
1130,jh_user_90,save,dolors_miquel_massacres_from_catalan_trans_mary_ann_newman_poem_1.txt,2.0
1130,jh_user_59,save,birger-emanuelsen_anna-and-love_part1.txt,2.0
1130,jh_user_61,save,ayaka_satō_the_unseen_kyoto_from_japanese_trans_corey_wakeling_and_hiromitsu_koiso_poem_1.txt,2.0
1130,jh_user_19,save,claude_ber_cutout_3_from_french_trans_elodie_olsoncoons_poem_3.txt,2.0
1130,jh_user_93,save,fabián_severo_fiftyeight_from_portunhol_trans_laura_cesarco_eglin_and_jesse_lee_kercheval_poem_6.txt,2.0
1130,jh_user_28,save,dhsi_ethical_data_visualization_church_&_hepworth.txt,2.0
1130,jh_user_95,save,fiston-mwanza-mujila_excerpt-from-tram-83.txt,2.0
1130,jh_user_70,save,ashur_etwebi_a_house_in_the_wind_from_arabic_trans_ashur_etwebi_and_james_byrne_poem_5.txt,2.0
1130,jh_user_20,save,han_bo_lost_from_chinese_trans_eleanor_goodman_poem_4.txt,2.0
1130,jh_user_69,save,atmanam_the_tamarind_tree_from_tamil_trans_shriram_sivaramakrishnan_poem_5.txt,2.0
1130,jh_user_96,save,erika_burkart_evening_parlour_from_german_trans_marc_vincenz_poem_1.txt,2.0
1130,jh_user_49,save,dhsi_3d_visualization_razoumov.txt,2.0
1130,jh_user_25,save,aung_khin_myint_another_holy_name_for_cold_from_burmese_trans_ko_ko_thett_poem_2.txt,2.0
1130,jh_user_86,save,eduardo_espina_a_vulnerable_factor_for_everyone_else_from_spanish_trans_daniel_borzutzky_poem_2.txt,2.0
1130,jh_user_22,save,haydar_ergülen_open_sentence_from_turkish_trans_derick_mattern_poem_1.txt,2.0
1130,jh_user_38,save,death_by_hanging.txt,2.0
1130,jh_user_35,save,elke_erb_outcast_from_german_trans_shane_anderson_poem_7.txt,2.0
1130,jh_user_47,save,bruna_beber_37_from_portuguese_trans_sarah_rebecca_kersley_poem_4.txt,2.0
1130,jh_user_60,save,dario_bellezza_from_lovebooknbsplovernbsp1982_from_italian_trans_peter_covino_poem_2.txt,2.0
1130,jh_user_81,save,csenger_kertai_redemption_from_hungarian_trans_diana_senechal_poem_1.txt,2.0
1130,jh_user_97,save,bc_malahat_rempel_&_zilm_rev_by_morris_2019.txt,
1130,jh_user_91,save,hatem_alzahrani_i_from_arabic_trans_moneera_alghadeer_poem_1.txt,2.0
1130,jh_user_28,save,gertrud_kolmar_good_night_from_german_trans_anna_henke_and_julia_gutterman_poem_5.txt,2.0
1130,jh_user_12,save,crauss_everything_will_be_alright_from_german_trans_mark_kanak_poem_2.txt,2.0
1131,jh_user_70,save,hakan_savlı_ario_da_capo_from_turkish_trans_abbas_karakaya_and_elizabeth_raible_poem_1.txt,2.0
1131,jh_user_79,save,david_rosenmanntaub_i_from_spanish_trans_iván_brave_poem_1.txt,2.0
1131,jh_user_86,save,dhsi_ethical_data_visualization_church_&_hepworth.txt,2.0
1131,jh_user_7,save,czeslaw_milosz_goodness_from_polish_trans_anthony_milosz_poem_4.txt,2.0
1131,jh_user_83,save,dhsi_drupal_cavanaugh_&_shield.txt,2.0
1131,jh_user_24,save,george_gömöri_summer_evening_at_sirmione_from_hungarian_trans_mari_gömöri_jamie_mckendrick_and_george_gömöri_poem_2.txt,2.0
1131,jh_user_86,save,geminii_inside-a-boy's-mouth.txt,2.0
1131,jh_user_32,save,dagmara_kraus_kite_in_confession_from_german_trans_joshua_daniel_edwin_poem_1.txt,2.0
1131,jh_user_53,save,cécile_mainardi_from_from_french_trans_léon_pradeau_and_clara_nizard_poem_1.txt,2.0
1131,jh_user_58,save,geminii_inside-a-boy's-mouth.txt,2.0
1131,jh_user_99,save,astrid_haerens_6_from_flemish_trans_egan_garr_poem_6.txt,2.0
1131,jh_user_19,save,gur-genc_stavrokono-29-years-later.txt,2.0
1131,jh_user_75,save,blanca_varela_mask_of_some_god_from_spanish_trans_vered_engelhard_poem_3.txt,2.0
1131,jh_user_88,save,ghazal_mosadeq_untitled_3_from_persian_trans_khashayar_kess_mohammadi_poem_3.txt,2.0
1131,jh_user_82,save,elke_erb_she_and_the_city_from_german_trans_sara_edinger_poem_1.txt,2.0
1131,jh_user_54,save,elke_erb_looking_inward_from_german_trans_shane_anderson_poem_5.txt,2.0
1131,jh_user_27,save,francisco_paco_urondo_days_come_and_gone_from_spanish_trans_julia_leverone_poem_3.txt,2.0
1131,jh_user_75,save,emilio-alvarez_the-rain-pours-on-ourense-yet-again.txt,2.0
1131,jh_user_54,save,elke_erb_equipment_from_german_trans_shane_anderson_poem_2.txt,2.0
1131,jh_user_28,save,emilio-alvarez_today-is-just-another-day.txt,2.0
1131,jh_user_74,save,bruna_beber_watering_the_plants_from_portuguese_trans_sarah_rebecca_kersley_poem_6.txt,2.0
1131,jh_user_7,save,bùi_chát_deceptionnegligence_amp_a_sleeping_mat_of_woven_reeds_royal_proclamation_from_vietnamese_trans_jack_j_huynh_poem_3.txt,2.0
1131,jh_user_9,save,eduardo_espina_a_vulnerable_factor_for_everyone_else_from_spanish_trans_daniel_borzutzky_poem_2.txt,2.0
1131,jh_user_91,save,edith_bruck_the_symbol_from_italian_trans_jeanne_bonner_poem_1.txt,2.0
1131,jh_user_17,save,edith_bruck_maybe_from_italian_trans_jeanne_bonner_poem_3.txt,2.0
1131,jh_user_77,save,bc_malahat_thornton_rev_by_parry_2019.txt,2.0
1131,jh_user_96,save,edith_bruck_the_symbol_from_italian_trans_jeanne_bonner_poem_1.txt,2.0
1131,jh_user_57,save,dhsi_wrangling_big_data_fortin.txt,2.0
1131,jh_user_42,save,ervina-halili_the-same-sleep.txt,2.0
1131,jh_user_42,save,gertrud_kolmar_the_dragon_from_german_trans_anna_henke_and_julia_gutterman_poem_3.txt,2.0
1131,jh_user_60,save,fabio_pusterla_lumière_museum_from_italian_trans_damiano_abeni_and_moira_egan_poem_5.txt,2.0
1131,jh_user_66,save,diana_garza_islas_glassy_liquors_from_spanish_trans_cal_paule_poem_1.txt,2.0
1131,jh_user_12,save,dhsi_press_bialkowski_academic_2011.txt,2.0
1131,jh_user_76,save,ervina-halili_the-same-sleep.txt,2.0
1131,jh_user_15,save,ava_koohbor_ix_from_persian_trans_patrick_james_dunagan_and_ava_koohbor_poem_3.txt,2.0
1132,jh_user_56,save,hatem_alzahrani_i_from_arabic_trans_moneera_alghadeer_poem_1.txt,2.0
1132,jh_user_71,save,hai_zi_let_me_rest_my_feet_on_a_carpenters_toolbox_at_twilight_from_chinese_trans_ye_chun_poem_2.txt,
1132,jh_user_69,save,fabián_severo_nineteen_from_portunhol_trans_laura_cesarco_eglin_and_jesse_lee_kercheval_poem_3.txt,2.0
1132,jh_user_92,save,francesca_pellegrino_caffè_corretto_at_the_assemblyline_café_from_italian_trans_adria_bernardi_poem_3.txt,2.0
1132,jh_user_14,save,ervina-halili_the-same-sleep.txt,2.0
1132,jh_user_87,save,ghazal_mosadeq_untitled_3_from_persian_trans_khashayar_kess_mohammadi_poem_3.txt,2.0
1132,jh_user_99,save,bijan_elahi_i_laugh_for_you_from_persian_trans_rebecca_ruth_gould_and_kayvan_tahmasebian_poem_2.txt,2.0
1132,jh_user_4,save,emilio_prados_xxii_from_spanish_trans_donald_wellman_poem_5.txt,2.0
1132,jh_user_59,save,asmaa_azaizeh_hulegu_and_i_from_arabic_trans_yasmine_seale_poem_3.txt,2.0
1132,jh_user_10,save,fabio_pusterla_sand_from_italian_trans_damiano_abeni_and_moira_egan_poem_2.txt,
1132,jh_user_71,save,birger-emanuelsen_anna-and-love_part2.txt,2.0
1132,jh_user_8,save,gertrud_kolmar_a_dragon_speaks_from_german_trans_anna_henke_and_julia_gutterman_poem_4.txt,2.0
1132,jh_user_33,save,ghazal_mosadeq_untitled_3_from_persian_trans_khashayar_kess_mohammadi_poem_3.txt,2.0
1132,jh_user_18,save,chuya_nakahara_sorrow_already_spoiled_from_japanese_trans_christian_nagle_poem_2.txt,2.0
1132,jh_user_86,save,carlito_azevedo_two_foreigners_from_portuguese_trans_sarah_rebecca_kersley_poem_1.txt,2.0
1132,jh_user_53,save,ava_koohbor_a_game_of_backgammon_from_persian_trans_patrick_james_dunagan_and_ava_koohbor_poem_4.txt,2.0
1132,jh_user_49,save,dijala_hasanbegović_amnesia_from_bosnian_trans_mirza_purić_poem_1.txt,2.0
1132,jh_user_8,save,gunnar_wærness_poetry_festival__july_26_2016_from_norwegian_trans_gabriel_gudding_poem_2.txt,2.0
1132,jh_user_82,save,gunnar_wærness_empire__february_13_2015_from_norwegian_trans_gabriel_gudding_poem_3.txt,2.0
1132,jh_user_70,save,david_avidan_sedation_from_hebrew_trans_tsipi_keller_poem_2.txt,2.0
1132,jh_user_76,save,ekaterina_derysheva_2_from_unknown_poem_4.txt,2.0
1132,jh_user_9,save,dijala_hasanbegović_amnesia_from_bosnian_trans_mirza_purić_poem_1.txt,2.0
1132,jh_user_78,save,harri-hertell_full-moon-in-the-calendar.txt,2.0
1132,jh_user_54,save,death_by_hanging.txt,2.0
1132,jh_user_85,save,david_rosenmanntaub_xii_from_spanish_trans_iván_brave_poem_2.txt,2.0
1132,jh_user_6,save,blanca_varela_material_exercises_from_spanish_trans_vered_engelhard_poem_1.txt,2.0
1132,jh_user_62,save,astrid_haerens_6_from_flemish_trans_egan_garr_poem_6.txt,2.0
1132,jh_user_27,save,elke_erb_she_and_the_city_from_german_trans_sara_edinger_poem_1.txt,2.0
1132,jh_user_18,save,david_avidan_six_local_poems_from_hebrew_trans_tsipi_keller_poem_5.txt,2.0
1132,jh_user_38,save,dhsi_press_bialkowski_academic_2011.txt,2.0
1132,jh_user_86,save,choe_chiwon_imgyông_terrace_by_hwangsan_river_from_chinese_trans_jonathan_chan_poem_4.txt,2.0
1133,jh_user_101,save,han_bo_seek_from_chinese_trans_eleanor_goodman_poem_5.txt,2.0
1133,jh_user_13,save,georgi_gospodinov_lovingly_from_bulgarian_trans_teodora_gandeva_poem_4.txt,2.0
1133,jh_user_50,save,georgi_gospodinov_place_des_vosges_from_bulgarian_trans_teodora_gandeva_poem_1.txt,2.0
1133,jh_user_63,save,harri-hertell_full-moon-in-the-calendar.txt,2.0
1133,jh_user_40,save,gur-genc_stavrokono-29-years-later.txt,2.0
1133,jh_user_13,save,hatem_alzahrani_v_from_arabic_trans_moneera_alghadeer_poem_5.txt,2.0
1133,jh_user_17,save,david_avidan_calling_card_from_hebrew_trans_tsipi_keller_poem_1.txt,2.0
1133,jh_user_29,save,dana_ranga_darkness_from_german_trans_monika_cassel_poem_4.txt,2.0
1133,jh_user_71,save,dijala_hasanbegović_my_first_single_from_bosnian_trans_mirza_purić_poem_4.txt,2.0
1133,jh_user_67,save,galina_rymbu_how_from_russian_trans_joan_brooks_poem_7.txt,2.0
1133,jh_user_52,save,francisca_aguirre_the_stranger_from_spanish_trans_montana_ray_poem_2.txt,2.0
1133,jh_user_61,save,asmaa_azaizeh_hulegu_and_i_from_arabic_trans_yasmine_seale_poem_3.txt,2.0
1133,jh_user_34,save,asmaa_azaizeh_reflection_from_arabic_trans_yasmine_seale_poem_5.txt,2.0
1133,jh_user_63,save,celia_dropkin_i_sing_you_from_yiddish_trans_faith_jones_jennifer_kronovet_and_samuel_solomon_poem_1.txt,
1133,jh_user_36,save,dhsi_spatial_decolonizing_cultural_territories_online_raynor_&_ceia.txt,2.0
1133,jh_user_37,save,cronaca_di_un_amore.txt,2.0
1133,jh_user_64,save,csenger_kertai_i_from_hungarian_trans_diana_senechal_poem_2.txt,2.0
1133,jh_user_99,save,francesca_pellegrino_to_aver_from_italian_trans_adria_bernardi_poem_1.txt,
1133,jh_user_94,save,chuya_nakahara_sorrow_already_spoiled_from_japanese_trans_christian_nagle_poem_2.txt,2.0
1133,jh_user_54,save,francesca_pellegrino_someones_gotta_win_from_italian_trans_adria_bernardi_poem_2.txt,2.0
1133,jh_user_8,save,cécile_mainardi_from_from_french_trans_léon_pradeau_and_clara_nizard_poem_1.txt,2.0
1133,jh_user_9,save,franca_mancinelli_every_morning_at_the_white_wall_from_italian_trans_john_taylor_poem_1.txt,2.0
1133,jh_user_56,save,fabián_severo_nineteen_from_portunhol_trans_laura_cesarco_eglin_and_jesse_lee_kercheval_poem_3.txt,2.0
1133,jh_user_79,save,david_avidan_calling_card_from_hebrew_trans_tsipi_keller_poem_1.txt,2.0
1133,jh_user_99,save,gennady_aygi_silence_from_russian_trans_alex_cigale_poem_1.txt,2.0
1133,jh_user_37,save,george_gömöri_tea_with_germans_in_1931_from_hungarian_trans_mari_gömöri_jamie_mckendrick_and_george_gömöri_poem_1.txt,2.0
1133,jh_user_44,save,fabio_pusterla_ermannos_breath_from_italian_trans_damiano_abeni_and_moira_egan_poem_1.txt,2.0
1133,jh_user_84,save,fabián_severo_twentyeight_from_portunhol_trans_laura_cesarco_eglin_and_jesse_lee_kercheval_poem_5.txt,2.0
1133,jh_user_95,save,erika_burkart_mountain_night_from_german_trans_marc_vincenz_poem_3.txt,2.0
1133,jh_user_3,save,franca_mancinelli_a_beating_of_palms_on_the_floor_from_italian_trans_john_taylor_poem_7.txt,2.0
1133,jh_user_73,save,césar_vallejo_lxv_from_spanish_trans_césar_jumpa_sánchez_poem_4.txt,2.0
1134,jh_user_39,save,fabio_pusterla_lumière_museum_from_italian_trans_damiano_abeni_and_moira_egan_poem_5.txt,2.0
1134,jh_user_21,save,bruna_beber_2_from_portuguese_trans_sarah_rebecca_kersley_poem_2.txt,2.0
1134,jh_user_48,save,enver_ali_akova_birdman_from_turkish_trans_zeynep_özer_poem_4.txt,2.0
1134,jh_user_87,save,dag_t_straumsvåg_appraisal_in_autumn_from_norwegian_trans_robert_hedin_and_dag_t_straumsvåg_poem_3.txt,
1134,jh_user_3,save,ghazal_mosadeq_untitled_3_from_persian_trans_khashayar_kess_mohammadi_poem_3.txt,2.0
1134,jh_user_12,save,choe_chiwon_imgyông_terrace_by_hwangsan_river_from_chinese_trans_jonathan_chan_poem_4.txt,2.0
1134,jh_user_1,save,gertrud_kolmar_a_dragon_speaks_from_german_trans_anna_henke_and_julia_gutterman_poem_4.txt,2.0
1134,jh_user_33,save,ekaterina_derysheva_untitled_1_from_unknown_poem_1.txt,2.0
1134,jh_user_9,save,ekaterina_derysheva_2_from_unknown_poem_4.txt,2.0
1134,jh_user_37,save,dmitri_alexandrovich_prigov_a_list_of_my_own_deaths_from_russian_trans_simon_schuchat_poem_2.txt,2.0
1134,jh_user_3,save,heavens_gate_scene.txt,2.0
1134,jh_user_30,save,dana_ranga_darkness_from_german_trans_monika_cassel_poem_4.txt,2.0
1134,jh_user_91,save,gennady_aygi_silence_from_russian_trans_alex_cigale_poem_1.txt,2.0
1134,jh_user_12,save,gennady_aygi_silence_from_russian_trans_alex_cigale_poem_1.txt,2.0
1134,jh_user_5,save,david_rosenmanntaub_cxxxix_from_spanish_trans_iván_brave_poem_5.txt,2.0
1134,jh_user_47,save,atmanam_the_tamarind_tree_from_tamil_trans_shriram_sivaramakrishnan_poem_5.txt,2.0
1134,jh_user_15,save,eduardo_milán_33_from_spanish_trans_john_oliver_simon_poem_3.txt,2.0
1134,jh_user_93,save,dhsi_diy_digital_editions_ross_&_konkol.txt,2.0
1134,jh_user_75,save,dhsi_intro_computation_lit_criticism_el_khatib_&_ wrisley.txt,
1134,jh_user_56,save,hai_zi_wheat_field_of_may_from_chinese_trans_ye_chun_poem_4.txt,2.0
1134,jh_user_51,save,fabián_severo_nineteen_from_portunhol_trans_laura_cesarco_eglin_and_jesse_lee_kercheval_poem_3.txt,2.0
1134,jh_user_25,save,bijan_elahi_birthplace_from_persian_trans_rebecca_ruth_gould_and_kayvan_tahmasebian_poem_1.txt,
1134,jh_user_84,save,crauss_everything_will_be_alright_from_german_trans_mark_kanak_poem_2.txt,2.0
1134,jh_user_46,save,gunnar_wærness_empire__february_13_2015_from_norwegian_trans_gabriel_gudding_poem_3.txt,2.0
1134,jh_user_90,save,dagmara_kraus_past_glossier_from_german_trans_joshua_daniel_edwin_poem_3.txt,2.0
1135,jh_user_44,save,ayaka_satō_the_unseen_kyoto_from_japanese_trans_corey_wakeling_and_hiromitsu_koiso_poem_1.txt,2.0
1135,jh_user_35,save,dag_t_straumsvåg_out_of_breath_from_norwegian_trans_robert_hedin_and_dag_t_straumsvåg_poem_2.txt,2.0
1135,jh_user_74,save,choe_chiwon_imgyông_terrace_by_hwangsan_river_from_chinese_trans_jonathan_chan_poem_4.txt,2.0
1135,jh_user_83,save,ekaterina_derysheva_the_installation_has_been_canceled_from_unknown_poem_2.txt,2.0
1135,jh_user_49,save,dijala_hasanbegović_my_first_single_from_bosnian_trans_mirza_purić_poem_4.txt,2.0
1135,jh_user_88,save,enver_ali_akova_de_se_et_nunc_from_turkish_trans_zeynep_özer_poem_3.txt,2.0
1135,jh_user_83,save,enver_ali_akova_birdman_from_turkish_trans_zeynep_özer_poem_4.txt,2.0
1135,jh_user_57,save,hai_zi_mozart_says_in_requiem_from_chinese_trans_ye_chun_poem_1.txt,2.0
1135,jh_user_16,save,emiliulian_sude_today_i_felt_sick_on_the_21_streetcar_from_romanian_trans_diana_manole_poem_1.txt,2.0
1135,jh_user_42,save,emilio_prados_xxii_from_spanish_trans_donald_wellman_poem_5.txt,2.0
1135,jh_user_99,save,dhsi_databases_quamen_&_bath.txt,2.0
1135,jh_user_78,save,emilio_prados_copla_from_spanish_trans_donald_wellman_poem_6.txt,2.0
1135,jh_user_70,save,elke_erb_looking_inward_from_german_trans_shane_anderson_poem_5.txt,2.0
1135,jh_user_73,save,dijala_hasanbegović_my_first_single_from_bosnian_trans_mirza_purić_poem_4.txt,2.0
1135,jh_user_9,save,gisela_hemau_piazza_di_spagna_early_morning_from_german_trans_sara_edinger_poem_3.txt,2.0
1135,jh_user_43,save,gisela_hemau_no_fishing_village_from_german_trans_sara_edinger_poem_2.txt,2.0
1135,jh_user_68,save,cécile_mainardi_from_from_french_trans_léon_pradeau_and_clara_nizard_poem_1.txt,2.0
1135,jh_user_35,save,elke_erb_equipment_from_german_trans_shane_anderson_poem_2.txt,2.0
1135,jh_user_41,save,césar_vallejo_lxv_from_spanish_trans_césar_jumpa_sánchez_poem_4.txt,2.0
1135,jh_user_21,save,elizaria_flores_nbsp_from_spanish_trans_david_m_brunson_poem_3.txt,2.0
1135,jh_user_7,save,gelsys_garcía_lorenzo_the_dictator_from_spanish_trans_maria_grau_perejoan_and_loretta_collins_klobah_poem_2.txt,2.0
1135,jh_user_85,save,francisca_aguirre_the_stranger_from_spanish_trans_montana_ray_poem_2.txt,2.0
1135,jh_user_65,save,galina_rymbu_could_from_russian_trans_joan_brooks_poem_4.txt,2.0
1135,jh_user_21,save,harri-hertell_i-dont-read-the-obituaries.txt,2.0
1135,jh_user_40,save,gennady_aygi_silence_from_russian_trans_alex_cigale_poem_1.txt,2.0
1135,jh_user_68,save,fiston-mwanza-mujila_music-allowed-me-to-explode-the-story.txt,2.0
1136,jh_user_26,save,birger-emanuelsen_anna-and-love_part1.txt,2.0
1136,jh_user_39,save,birger-emanuelsen_anna-and-love_part2.txt,2.0
1136,jh_user_4,save,dijala_hasanbegović_soldiers_from_bosnian_trans_mirza_purić_poem_3.txt,2.0
1136,jh_user_92,save,bijan_elahi_i_laugh_for_you_from_persian_trans_rebecca_ruth_gould_and_kayvan_tahmasebian_poem_2.txt,2.0
1136,jh_user_87,save,haydar_ergülen_open_sentence_from_turkish_trans_derick_mattern_poem_1.txt,2.0
1136,jh_user_97,save,georgi_gospodinov_place_des_vosges_from_bulgarian_trans_teodora_gandeva_poem_1.txt,2.0
1136,jh_user_21,save,asmaa_azaizeh_my_pointy_beak_from_arabic_trans_yasmine_seale_poem_4.txt,2.0
1136,jh_user_67,save,francisca_aguirre_the_stranger_from_spanish_trans_montana_ray_poem_2.txt,2.0
1136,jh_user_46,save,dagmara_kraus_past_glossier_from_german_trans_joshua_daniel_edwin_poem_3.txt,2.0
1136,jh_user_60,save,césar_vallejo_ix_from_spanish_trans_césar_jumpa_sánchez_poem_1.txt,
1136,jh_user_55,save,dhsi_pedagogy_jakacki_&_faull.txt,2.0
1136,jh_user_99,save,dana_ranga_darkness_from_german_trans_monika_cassel_poem_4.txt,2.0
1136,jh_user_5,save,emilio_prados_copla_from_spanish_trans_donald_wellman_poem_6.txt,2.0
1136,jh_user_66,save,gunnar_wærness_empire__february_13_2015_from_norwegian_trans_gabriel_gudding_poem_3.txt,2.0
1136,jh_user_21,save,gökçenur_ç_i_watch_with_love_like_a_stupid_student_from_turkish_trans_erik_mortenson_poem_3.txt,2.0
1136,jh_user_4,save,eduardo_espina_blame_time_on_the_cathedrals_from_spanish_trans_daniel_borzutzky_poem_1.txt,2.0
1136,jh_user_75,save,fiston-mwanza-mujila_excerpt-from-tram-83.txt,2.0
1136,jh_user_101,save,aung_khin_myint_another_holy_name_for_cold_from_burmese_trans_ko_ko_thett_poem_2.txt,2.0
1136,jh_user_88,save,césar_moro_various_lions_lick_the_rugose_surface_of_the_equestrian_turtle_at_twilight_from_spanish_trans_leslie_bary_and_esteban_quispe_poem_3.txt,2.0
1136,jh_user_79,save,fiston-mwanza-mujila_music-allowed-me-to-explode-the-story.txt,2.0
1136,jh_user_27,save,asmaa_azaizeh_hulegu_and_i_from_arabic_trans_yasmine_seale_poem_3.txt,2.0
1136,jh_user_64,save,fiston-mwanza-mujila_excerpt-from-tram-83.txt,2.0
1136,jh_user_10,save,eva_tizzani_intermittence_from_spanish_trans_david_brunson_poem_2.txt,2.0
1137,jh_user_15,save,dag_t_straumsvåg_endless_plains_clouds_from_norwegian_trans_robert_hedin_and_dag_t_straumsvåg_poem_4.txt,2.0
1137,jh_user_34,save,bachtyar_ali_friendly_harbor_hostile_ship_from_kurdish_trans_dilan_qadir_poem_1.txt,
1137,jh_user_42,save,galina_rymbu_how_from_russian_trans_joan_brooks_poem_7.txt,2.0
1137,jh_user_4,save,harri-hertell_full-moon-in-the-calendar.txt,2.0
1137,jh_user_44,save,ekaterina_derysheva_2_from_unknown_poem_4.txt,2.0
1137,jh_user_6,save,eduardo_milán_33_from_spanish_trans_john_oliver_simon_poem_3.txt,2.0
1137,jh_user_36,save,dag_t_straumsvåg_out_of_breath_from_norwegian_trans_robert_hedin_and_dag_t_straumsvåg_poem_2.txt,2.0
1137,jh_user_79,save,chuya_nakahara_sorrow_already_spoiled_from_japanese_trans_christian_nagle_poem_2.txt,2.0
1137,jh_user_42,save,harri-hertell_i-dont-read-the-obituaries.txt,2.0
1137,jh_user_8,save,elizaria_flores_nbsp_from_spanish_trans_david_m_brunson_poem_3.txt,2.0
1137,jh_user_2,save,emiliulian_sude_today_i_felt_sick_on_the_21_streetcar_from_romanian_trans_diana_manole_poem_1.txt,2.0
1137,jh_user_83,save,bruna_beber_watering_the_plants_from_portuguese_trans_sarah_rebecca_kersley_poem_6.txt,2.0
1137,jh_user_94,save,dhsi_developing_a_project_omeka_wust_&_norberg.txt,
1137,jh_user_77,save,fiston-mwanza-mujila_excerpt-from-tram-83.txt,2.0
1137,jh_user_78,save,vítězslav_nezval_a_man_composing_a_selfportrait_out_of_objects_from_czech_trans_stephan_delbos_and_tereza_novická_poem_1.txt,2.0
1137,jh_user_96,save,elke_erb_outcast_from_german_trans_shane_anderson_poem_7.txt,2.0
1138,jh_user_64,save,hai_zi_wheat_field_of_may_from_chinese_trans_ye_chun_poem_4.txt,2.0
1138,jh_user_32,save,fernando_pessoa_from_the_keeper_of_flocksnbsp_from_portuguese_trans_michael_lee_rattigan_poem_1.txt,2.0
1138,jh_user_81,save,gennady_aygi_silence_from_russian_trans_alex_cigale_poem_1.txt,2.0
1138,jh_user_25,save,cécile_mainardi_superliquid_water_from_french_trans_léon_pradeau_and_clara_nizard_poem_2.txt,2.0
1138,jh_user_42,save,choe_chiwon_imgyông_terrace_by_hwangsan_river_from_chinese_trans_jonathan_chan_poem_4.txt,2.0
1138,jh_user_60,save,dana_ranga_darkness_from_german_trans_monika_cassel_poem_4.txt,2.0
1138,jh_user_38,save,francisca_aguirre_the_stranger_from_spanish_trans_montana_ray_poem_2.txt,2.0
1138,jh_user_70,save,francisco_paco_urondo_days_come_and_gone_from_spanish_trans_julia_leverone_poem_3.txt,2.0
1138,jh_user_63,save,erika_burkart_mountain_night_from_german_trans_marc_vincenz_poem_3.txt,2.0
1138,jh_user_15,save,crauss_everything_will_be_alright_from_german_trans_mark_kanak_poem_2.txt,2.0
1138,jh_user_33,save,dhsi_agent-based_modeling_simpson.txt,2.0
1138,jh_user_40,save,gisela_hemau_piazza_di_spagna_early_morning_from_german_trans_sara_edinger_poem_3.txt,2.0
1138,jh_user_91,save,dhsi_databases_quamen_&_bath.txt,2.0
1138,jh_user_3,save,dhsi_press_bialkowski_academic_2011.txt,2.0
1138,jh_user_2,save,dag_t_straumsvåg_out_of_breath_from_norwegian_trans_robert_hedin_and_dag_t_straumsvåg_poem_2.txt,2.0
1138,jh_user_16,save,dag_t_straumsvåg_out_of_breath_from_norwegian_trans_robert_hedin_and_dag_t_straumsvåg_poem_2.txt,2.0
1138,jh_user_95,save,fondane_fallen_snow_trans_aykroyd.txt,2.0
1138,jh_user_8,save,deep_end.txt,2.0
1139,jh_user_31,save,bachtyar_ali_friendly_harbor_hostile_ship_from_kurdish_trans_dilan_qadir_poem_1.txt,
1139,jh_user_30,save,atmanam_a_nonexistent_title_from_tamil_trans_shriram_sivaramakrishnan_poem_4.txt,2.0
1139,jh_user_73,save,atmanam_the_tamarind_tree_from_tamil_trans_shriram_sivaramakrishnan_poem_5.txt,2.0
1139,jh_user_95,save,galina_rymbu_how_from_russian_trans_joan_brooks_poem_7.txt,2.0
1139,jh_user_38,save,dijala_hasanbegović_my_first_single_from_bosnian_trans_mirza_purić_poem_4.txt,2.0
1139,jh_user_30,save,cécile_mainardi_superliquid_water_from_french_trans_léon_pradeau_and_clara_nizard_poem_2.txt,2.0
1139,jh_user_33,save,ava_koohbor_ix_from_persian_trans_patrick_james_dunagan_and_ava_koohbor_poem_3.txt,2.0
1139,jh_user_16,save,crauss_everything_will_be_alright_from_german_trans_mark_kanak_poem_2.txt,2.0
1139,jh_user_55,save,atmanam_the_tamarind_tree_from_tamil_trans_shriram_sivaramakrishnan_poem_5.txt,2.0
1139,jh_user_4,save,dhsi_press_bowness_2013.txt,2.0
1139,jh_user_28,save,gelsys_garcía_lorenzo_the_dictator_from_spanish_trans_maria_grau_perejoan_and_loretta_collins_klobah_poem_2.txt,2.0
1139,jh_user_100,save,barbi-markovic_part2.txt,2.0
1139,jh_user_66,save,dhsi_databases_quamen_&_bath.txt,2.0
1139,jh_user_60,save,han_bo_seek_from_chinese_trans_eleanor_goodman_poem_5.txt,2.0
1139,jh_user_32,save,bùi_chát_nbspnbspnbspnbspnbsp_references_for_scrutiny_from_vietnamese_trans_jack_j_huynh_poem_4.txt,2.0
1139,jh_user_60,save,bruna_beber_2_from_portuguese_trans_sarah_rebecca_kersley_poem_2.txt,2.0
1139,jh_user_37,save,fondane_fallen_snow_trans_aykroyd.txt,2.0
1139,jh_user_3,save,fiston-mwanza-mujila_music-allowed-me-to-explode-the-story.txt,2.0
1139,jh_user_88,save,choe_chiwon_imgyông_terrace_by_hwangsan_river_from_chinese_trans_jonathan_chan_poem_4.txt,2.0
1139,jh_user_92,save,emiliulian_sude_today_i_felt_sick_on_the_21_streetcar_from_romanian_trans_diana_manole_poem_1.txt,2.0
1139,jh_user_73,save,bùi_chát_nbspnbspnbspnbspnbsp_references_for_scrutiny_from_vietnamese_trans_jack_j_huynh_poem_4.txt,2.0
1139,jh_user_28,save,erin_moure_995_o_cadoiro.txt,2.0
1140,jh_user_6,save,asmaa_azaizeh_reflection_from_arabic_trans_yasmine_seale_poem_5.txt,2.0
1140,jh_user_71,save,crauss_giant_amber_pastry_from_german_trans_mark_kanak_poem_6.txt,2.0
1140,jh_user_79,save,bai_juyi_the_bloom_is_not_a_bloom_from_chinese_trans_joey_schwartzman_poem_2.txt,2.0
1140,jh_user_27,save,bachtyar_ali_friendly_harbor_hostile_ship_from_kurdish_trans_dilan_qadir_poem_1.txt,
1140,jh_user_61,save,vítězslav_nezval_a_man_composing_a_selfportrait_out_of_objects_from_czech_trans_stephan_delbos_and_tereza_novická_poem_1.txt,2.0
1140,jh_user_88,save,elke_erb_untitled_3_from_german_trans_shane_anderson_poem_3.txt,
1140,jh_user_78,save,bùi_chát_deceptionnegligence_amp_a_sleeping_mat_of_woven_reeds_royal_proclamation_from_vietnamese_trans_jack_j_huynh_poem_3.txt,2.0
1140,jh_user_75,save,blanca_varela_material_exercises_from_spanish_trans_vered_engelhard_poem_1.txt,2.0
1140,jh_user_80,save,bruna_beber_37_from_portuguese_trans_sarah_rebecca_kersley_poem_4.txt,2.0
1140,jh_user_19,save,christa_i_de_la_cruz_fluid_from_filipino_trans_ethan_chua_poem_5.txt,2.0
1140,jh_user_97,save,han_bo_seek_from_chinese_trans_eleanor_goodman_poem_5.txt,2.0
1140,jh_user_65,save,eduardo_espina_the_best_of_magellan_from_spanish_trans_daniel_borzutzky_poem_5.txt,2.0
1140,jh_user_25,save,doll_house.txt,2.0
1140,jh_user_41,save,atmanam_raised_sound_from_tamil_trans_shriram_sivaramakrishnan_poem_3.txt,
1140,jh_user_80,save,gertrud_kolmar_a_dragon_speaks_from_german_trans_anna_henke_and_julia_gutterman_poem_4.txt,2.0
1140,jh_user_9,save,bruna_beber_2_from_portuguese_trans_sarah_rebecca_kersley_poem_2.txt,2.0
1140,jh_user_48,save,galina_rymbu_untitled_3_from_russian_trans_joan_brooks_poem_3.txt,2.0
1140,jh_user_88,save,claudina_domingo_airborne_from_spanish_trans_ryan_greene_poem_3.txt,2.0
1140,jh_user_92,save,fiston-mwanza-mujila_excerpt-from-tram-83.txt,2.0
1140,jh_user_82,save,august_bover_spring_from_catalan_trans_kristine_doll_poem_3.txt,
1141,jh_user_75,save,deep_end.txt,2.0
1141,jh_user_73,save,emiliulian_sude_today_i_felt_sick_on_the_21_streetcar_from_romanian_trans_diana_manole_poem_1.txt,2.0
1141,jh_user_4,save,dhsi_diy_digital_editions_ross_&_konkol.txt,2.0
1141,jh_user_55,save,elke_erb_equipment_from_german_trans_shane_anderson_poem_2.txt,2.0
1141,jh_user_12,save,david_rosenmanntaub_i_from_spanish_trans_iván_brave_poem_1.txt,2.0
1141,jh_user_47,save,david_rosenmanntaub_cxxxix_from_spanish_trans_iván_brave_poem_5.txt,2.0
1141,jh_user_1,save,fabián_severo_nineteen_from_portunhol_trans_laura_cesarco_eglin_and_jesse_lee_kercheval_poem_3.txt,2.0
1141,jh_user_36,save,blanca_varela_mask_of_some_god_from_spanish_trans_vered_engelhard_poem_3.txt,2.0
1141,jh_user_53,save,harri-hertell_i-dont-read-the-obituaries.txt,2.0
1141,jh_user_58,save,francisco_paco_urondo_days_come_and_gone_from_spanish_trans_julia_leverone_poem_3.txt,2.0
1141,jh_user_34,save,galina_rymbu_they_from_russian_trans_joan_brooks_poem_6.txt,2.0
1141,jh_user_44,save,han_bo_seek_from_chinese_trans_eleanor_goodman_poem_5.txt,2.0
1141,jh_user_11,save,han_bo_seek_from_chinese_trans_eleanor_goodman_poem_5.txt,2.0
1141,jh_user_26,save,dijala_hasanbegović_my_first_single_from_bosnian_trans_mirza_purić_poem_4.txt,2.0
1141,jh_user_6,save,dag_t_straumsvåg_endless_plains_clouds_from_norwegian_trans_robert_hedin_and_dag_t_straumsvåg_poem_4.txt,2.0
1142,jh_user_19,save,dana_ranga_darkness_from_german_trans_monika_cassel_poem_4.txt,2.0
1142,jh_user_6,save,gunnar_wærness_poetry_festival__july_26_2016_from_norwegian_trans_gabriel_gudding_poem_2.txt,2.0
1142,jh_user_20,save,ervina-halili_the-same-sleep.txt,2.0
1142,jh_user_94,save,fiston-mwanza-mujila_excerpt-from-tram-83.txt,2.0
1142,jh_user_94,save,claude_ber_cutout_3_from_french_trans_elodie_olsoncoons_poem_3.txt,2.0
1142,jh_user_51,save,fabián_severo_eleven_from_portunhol_trans_laura_cesarco_eglin_and_jesse_lee_kercheval_poem_2.txt,2.0
1142,jh_user_10,save,edith_bruck_maybe_from_italian_trans_jeanne_bonner_poem_3.txt,2.0
1142,jh_user_76,save,dana_ranga_photoblepharon_palpebratus_from_german_trans_monika_cassel_poem_3.txt,2.0
1142,jh_user_37,save,harri-hertell_full-moon-in-the-calendar.txt,2.0
1142,jh_user_46,save,claudina_domingo_airborne_from_spanish_trans_ryan_greene_poem_3.txt,2.0
1142,jh_user_58,save,fernando_pessoa_from_the_keeper_of_flocksnbsp_from_portuguese_trans_michael_lee_rattigan_poem_1.txt,2.0
1142,jh_user_2,save,fabián_severo_nineteen_from_portunhol_trans_laura_cesarco_eglin_and_jesse_lee_kercheval_poem_3.txt,2.0
1142,jh_user_58,save,crauss_a_world_in_a_world_from_german_trans_mark_kanak_poem_1.txt,
1142,jh_user_5,save,bruna_beber_from_litany_from_portuguese_trans_sarah_rebecca_kersley_poem_1.txt,2.0
1142,jh_user_67,save,galina_rymbu_they_from_russian_trans_joan_brooks_poem_6.txt,2.0
1142,jh_user_60,save,elke_erb_outcast_from_german_trans_shane_anderson_poem_7.txt,2.0
1142,jh_user_65,save,georgi_gospodinov_place_des_vosges_from_bulgarian_trans_teodora_gandeva_poem_1.txt,2.0
1142,jh_user_68,save,charles_wright_apologia_pro_vita_sua.txt,2.0
1143,jh_user_18,save,galina_rymbu_how_from_russian_trans_joan_brooks_poem_7.txt,2.0
1143,jh_user_23,save,dhsi_queer_dh_howe_&_ruberg.txt,2.0
1143,jh_user_76,save,elizaria_flores_no_street_will_survive_you_from_spanish_trans_david_m_brunson_poem_9.txt,2.0
1143,jh_user_72,save,dario_bellezza_from_lovebooknbsplovernbsp1982_from_italian_trans_peter_covino_poem_2.txt,2.0
1143,jh_user_57,save,dario_bellezza_from_lovebooknbsplovernbsp1982_from_italian_trans_peter_covino_poem_2.txt,2.0
1143,jh_user_100,save,galina_rymbu_they_from_russian_trans_joan_brooks_poem_6.txt,2.0
1143,jh_user_53,save,atmanam_raised_sound_from_tamil_trans_shriram_sivaramakrishnan_poem_3.txt,
1143,jh_user_99,save,atmanam_a_nonexistent_title_from_tamil_trans_shriram_sivaramakrishnan_poem_4.txt,2.0
1143,jh_user_78,save,asmaa_azaizeh_my_pointy_beak_from_arabic_trans_yasmine_seale_poem_4.txt,2.0
1143,jh_user_6,save,fabián_severo_eleven_from_portunhol_trans_laura_cesarco_eglin_and_jesse_lee_kercheval_poem_2.txt,2.0
1143,jh_user_38,save,hai_zi_mozart_says_in_requiem_from_chinese_trans_ye_chun_poem_1.txt,2.0
1143,jh_user_76,save,ekaterina_derysheva_the_installation_has_been_canceled_from_unknown_poem_2.txt,2.0
1143,jh_user_85,save,elke_erb_outcast_from_german_trans_shane_anderson_poem_7.txt,2.0
1143,jh_user_66,save,ava_koohbor_ix_from_persian_trans_patrick_james_dunagan_and_ava_koohbor_poem_3.txt,2.0
1143,jh_user_63,save,dhsi_palpability_wearable_computing_rajko_&_rajko.txt,2.0
1143,jh_user_23,save,david_avidan_sedation_from_hebrew_trans_tsipi_keller_poem_2.txt,2.0
1143,jh_user_77,save,csenger_kertai_redemption_from_hungarian_trans_diana_senechal_poem_1.txt,2.0
1144,jh_user_12,save,dag_t_straumsvåg_endless_plains_clouds_from_norwegian_trans_robert_hedin_and_dag_t_straumsvåg_poem_4.txt,2.0
1144,jh_user_66,save,hagiwara_sakutarō_a_crow_of_nihility_from_japanese_trans_hiroaki_sato_poem_3.txt,2.0
1144,jh_user_1,save,august_bover_spring_from_catalan_trans_kristine_doll_poem_3.txt,
1144,jh_user_40,save,césar_moro_the_scandalous_life_of_césar_moro_from_spanish_trans_leslie_bary_and_esteban_quispe_poem_2.txt,2.0
1144,jh_user_48,save,bc_malahat_thornton_rev_by_parry_2019.txt,2.0
1144,jh_user_71,save,bai_juyi_the_bloom_is_not_a_bloom_from_chinese_trans_joey_schwartzman_poem_2.txt,2.0
1144,jh_user_83,save,francisco_paco_urondo_days_come_and_gone_from_spanish_trans_julia_leverone_poem_3.txt,2.0
1144,jh_user_30,save,fiston-mwanza-mujila_music-allowed-me-to-explode-the-story.txt,2.0
1144,jh_user_85,save,david_avidan_sedation_from_hebrew_trans_tsipi_keller_poem_2.txt,2.0
1144,jh_user_12,save,chuya_nakahara_sorrow_already_spoiled_from_japanese_trans_christian_nagle_poem_2.txt,2.0
1144,jh_user_100,save,eduardo_espina_the_best_of_magellan_from_spanish_trans_daniel_borzutzky_poem_5.txt,2.0
1144,jh_user_68,save,bùi_chát_nbspnbspnbspnbspnbsp_references_for_scrutiny_from_vietnamese_trans_jack_j_huynh_poem_4.txt,2.0
1144,jh_user_10,save,doll_house.txt,2.0
1144,jh_user_67,save,dhsi_palpability_wearable_computing_rajko_&_rajko.txt,2.0
1144,jh_user_14,save,dhsi_linked_open_datafication_martin_&_antoniuk.txt,2.0
1144,jh_user_6,save,charles_wright_apologia_pro_vita_sua.txt,2.0
1145,jh_user_74,save,ava_koohbor_ix_from_persian_trans_patrick_james_dunagan_and_ava_koohbor_poem_3.txt,2.0
1145,jh_user_49,save,bruna_beber_37_from_portuguese_trans_sarah_rebecca_kersley_poem_4.txt,2.0
1145,jh_user_71,save,bruna_beber_2_from_portuguese_trans_sarah_rebecca_kersley_poem_2.txt,2.0
1145,jh_user_91,save,crauss_everything_will_be_alright_from_german_trans_mark_kanak_poem_2.txt,2.0
1145,jh_user_22,save,harri-hertell_i-dont-read-the-obituaries.txt,2.0
1145,jh_user_78,save,aung_khin_myint_trojan_horsemeat_from_burmese_trans_ko_ko_thett_poem_1.txt,
1145,jh_user_79,save,bibi_slippers_emoji_in_the_scriptorium_from_afrikaans_trans_alice_inggs_poem_5.txt,2.0
1145,jh_user_87,save,chuya_nakahara_sorrow_already_spoiled_from_japanese_trans_christian_nagle_poem_2.txt,2.0
1145,jh_user_30,save,bc_malahat_thornton_rev_by_parry_2019.txt,2.0
1145,jh_user_95,save,ekaterina_derysheva_2_from_unknown_poem_4.txt,2.0
1145,jh_user_87,save,fiston-mwanza-mujila_music-allowed-me-to-explode-the-story.txt,2.0
1145,jh_user_86,save,diana_garza_islas_glassy_liquors_from_spanish_trans_cal_paule_poem_1.txt,2.0
1145,jh_user_13,save,gisela_hemau_piazza_di_spagna_early_morning_from_german_trans_sara_edinger_poem_3.txt,2.0
1145,jh_user_60,save,dhsi_press_bowness_2013.txt,2.0
1145,jh_user_33,save,gunnar_wærness_empire__february_13_2015_from_norwegian_trans_gabriel_gudding_poem_3.txt,2.0
1145,jh_user_9,save,gunnar_wærness_donald_duck__3_february_2018_from_norwegian_trans_gabriel_gudding_poem_1.txt,2.0
1145,jh_user_15,save,dhsi_history_based_video_games_lawler_&_smith.txt,2.0
1145,jh_user_95,save,dhsi_linked_open_datafication_martin_&_antoniuk.txt,2.0
1146,jh_user_77,save,gunnar_wærness_donald_duck__3_february_2018_from_norwegian_trans_gabriel_gudding_poem_1.txt,2.0
1146,jh_user_52,save,ava_koohbor_a_game_of_backgammon_from_persian_trans_patrick_james_dunagan_and_ava_koohbor_poem_4.txt,2.0
1146,jh_user_85,save,christa_i_de_la_cruz_fluid_from_filipino_trans_ethan_chua_poem_5.txt,2.0
1146,jh_user_23,save,ava_koohbor_a_game_of_backgammon_from_persian_trans_patrick_james_dunagan_and_ava_koohbor_poem_4.txt,2.0
1146,jh_user_51,save,galina_rymbu_they_from_russian_trans_joan_brooks_poem_6.txt,2.0
1146,jh_user_92,save,crauss_everything_will_be_alright_from_german_trans_mark_kanak_poem_2.txt,2.0
1146,jh_user_15,save,edith_bruck_maybe_from_italian_trans_jeanne_bonner_poem_3.txt,2.0
1146,jh_user_31,save,bai_juyi_the_bloom_is_not_a_bloom_from_chinese_trans_joey_schwartzman_poem_2.txt,2.0
1146,jh_user_67,save,birger-emanuelsen_anna-and-love_part1.txt,2.0
1146,jh_user_76,save,dijala_hasanbegović_amnesia_from_bosnian_trans_mirza_purić_poem_1.txt,2.0
1146,jh_user_71,save,bc_malahat_thornton_rev_by_parry_2019.txt,2.0
1146,jh_user_27,save,fondane_fallen_snow_trans_aykroyd.txt,2.0
1146,jh_user_73,save,erin_moure_995_o_cadoiro.txt,2.0
1146,jh_user_95,save,dhsi_pedagogy_jakacki_&_faull.txt,2.0
1146,jh_user_60,save,dana_ranga_photoblepharon_palpebratus_from_german_trans_monika_cassel_poem_3.txt,2.0
1146,jh_user_53,save,emilio-alvarez_today-is-just-another-day.txt,2.0
1146,jh_user_47,save,diana_garza_islas_glassy_liquors_from_spanish_trans_cal_paule_poem_1.txt,2.0
1146,jh_user_61,save,david_avidan_sedation_from_hebrew_trans_tsipi_keller_poem_2.txt,2.0
1147,jh_user_97,save,ava_koohbor_vi_from_persian_trans_patrick_james_dunagan_and_ava_koohbor_poem_1.txt,
1147,jh_user_47,save,ekaterina_derysheva_2_from_unknown_poem_4.txt,2.0
1147,jh_user_52,save,francisco_paco_urondo_days_come_and_gone_from_spanish_trans_julia_leverone_poem_3.txt,2.0
1147,jh_user_46,save,ekaterina_derysheva_the_installation_has_been_canceled_from_unknown_poem_2.txt,2.0
1147,jh_user_92,save,galina_rymbu_how_from_russian_trans_joan_brooks_poem_7.txt,2.0
1147,jh_user_46,save,eduardo_espina_the_best_of_magellan_from_spanish_trans_daniel_borzutzky_poem_5.txt,2.0
1147,jh_user_34,save,dijala_hasanbegović_soldiers_from_bosnian_trans_mirza_purić_poem_3.txt,2.0
1147,jh_user_95,save,emilio_prados_xxii_from_spanish_trans_donald_wellman_poem_5.txt,2.0
1147,jh_user_80,save,fabián_severo_fiftyeight_from_portunhol_trans_laura_cesarco_eglin_and_jesse_lee_kercheval_poem_6.txt,2.0
1147,jh_user_78,save,diana_garza_islas_glassy_liquors_from_spanish_trans_cal_paule_poem_1.txt,2.0
1147,jh_user_43,save,césar_moro_various_lions_lick_the_rugose_surface_of_the_equestrian_turtle_at_twilight_from_spanish_trans_leslie_bary_and_esteban_quispe_poem_3.txt,2.0
1147,jh_user_5,save,dhsi_diy_digital_editions_ross_&_konkol.txt,2.0
1147,jh_user_34,save,georgi_gospodinov_lovingly_from_bulgarian_trans_teodora_gandeva_poem_4.txt,2.0
1148,jh_user_84,save,gertrud_kolmar_a_dragon_speaks_from_german_trans_anna_henke_and_julia_gutterman_poem_4.txt,2.0
1148,jh_user_99,save,ekaterina_derysheva_the_installation_has_been_canceled_from_unknown_poem_2.txt,2.0
1148,jh_user_93,save,vítězslav_nezval_a_man_composing_a_selfportrait_out_of_objects_from_czech_trans_stephan_delbos_and_tereza_novická_poem_1.txt,2.0
1148,jh_user_73,save,elke_erb_equipment_from_german_trans_shane_anderson_poem_2.txt,2.0
1148,jh_user_9,save,harri-hertell_full-moon-in-the-calendar.txt,2.0
1148,jh_user_80,save,elizaria_flores_city_from_spanish_trans_david_m_brunson_poem_2.txt,2.0
1148,jh_user_4,save,gisela_hemau_piazza_di_spagna_early_morning_from_german_trans_sara_edinger_poem_3.txt,2.0
1148,jh_user_47,save,asmaa_azaizeh_my_pointy_beak_from_arabic_trans_yasmine_seale_poem_4.txt,2.0
1148,jh_user_66,save,asmaa_azaizeh_reflection_from_arabic_trans_yasmine_seale_poem_5.txt,2.0
1149,jh_user_63,save,bc_malahat_rempel_&_zilm_rev_by_morris_2019.txt,
1149,jh_user_88,save,francisca_aguirre_the_stranger_from_spanish_trans_montana_ray_poem_2.txt,2.0
1149,jh_user_35,save,ekaterina_derysheva_the_installation_has_been_canceled_from_unknown_poem_2.txt,2.0
1149,jh_user_85,save,erin_moure_995_o_cadoiro.txt,2.0
1149,jh_user_82,save,birger-emanuelsen_anna-and-love_part2.txt,2.0
1149,jh_user_74,save,dagmara_kraus_kite_in_confession_from_german_trans_joshua_daniel_edwin_poem_1.txt,2.0
1149,jh_user_8,save,diana_garza_islas_glassy_liquors_from_spanish_trans_cal_paule_poem_1.txt,2.0
1149,jh_user_24,save,fabián_severo_eleven_from_portunhol_trans_laura_cesarco_eglin_and_jesse_lee_kercheval_poem_2.txt,2.0
1149,jh_user_1,save,ava_koohbor_a_game_of_backgammon_from_persian_trans_patrick_james_dunagan_and_ava_koohbor_poem_4.txt,2.0
1149,jh_user_47,save,asmaa_azaizeh_hulegu_and_i_from_arabic_trans_yasmine_seale_poem_3.txt,2.0
1149,jh_user_58,save,dhsi_retro_machines_&_media_grigar_&_durno.txt,2.0
1149,jh_user_23,save,czeslaw_milosz_goodness_from_polish_trans_anthony_milosz_poem_4.txt,2.0
1150,jh_user_77,save,elke_erb_untitled_3_from_german_trans_shane_anderson_poem_3.txt,
1150,jh_user_39,save,elizaria_flores_city_from_spanish_trans_david_m_brunson_poem_2.txt,2.0
1150,jh_user_65,save,deniz_durukan_heart_from_turkish_trans_jeffrey_kahrs_and_mete_özel_poem_2.txt,2.0
1150,jh_user_84,save,asmaa_azaizeh_hulegu_and_i_from_arabic_trans_yasmine_seale_poem_3.txt,2.0
1150,jh_user_61,save,bijan_elahi_birthplace_from_persian_trans_rebecca_ruth_gould_and_kayvan_tahmasebian_poem_1.txt,
1150,jh_user_100,save,grzegorz_wróblewski_letter_from_poznań_from_polish_trans_piotr_gwiazda_poem_4.txt,2.0
1150,jh_user_97,save,ekaterina_derysheva_the_installation_has_been_canceled_from_unknown_poem_2.txt,2.0
1150,jh_user_7,save,dhsi_retro_machines_&_media_grigar_&_durno.txt,2.0
1150,jh_user_96,save,eva_tizzani_intermittence_from_spanish_trans_david_brunson_poem_2.txt,2.0
1150,jh_user_44,save,césar_moro_various_lions_lick_the_rugose_surface_of_the_equestrian_turtle_at_twilight_from_spanish_trans_leslie_bary_and_esteban_quispe_poem_3.txt,2.0
1151,jh_user_22,save,hannele-mikaela-taivassalo_oh-come-and-look_excerpt.txt,2.0
1151,jh_user_20,save,bruna_beber_2_from_portuguese_trans_sarah_rebecca_kersley_poem_2.txt,2.0
1151,jh_user_69,save,ava_koohbor_ix_from_persian_trans_patrick_james_dunagan_and_ava_koohbor_poem_3.txt,2.0
1151,jh_user_16,save,ekaterina_derysheva_untitled_1_from_unknown_poem_1.txt,2.0
1151,jh_user_26,save,ekaterina_derysheva_2_from_unknown_poem_4.txt,2.0
1151,jh_user_54,save,czeslaw_milosz_goodness_from_polish_trans_anthony_milosz_poem_4.txt,2.0
1151,jh_user_9,save,dhsi_retro_machines_&_media_grigar_&_durno.txt,2.0
1151,jh_user_3,save,edith_bruck_maybe_from_italian_trans_jeanne_bonner_poem_3.txt,2.0
1151,jh_user_35,save,claudina_domingo_sunday_from_spanish_trans_ryan_greene_poem_1.txt,
1151,jh_user_53,save,dhsi_palpability_wearable_computing_rajko_&_rajko.txt,2.0
1151,jh_user_19,save,asmaa_azaizeh_reflection_from_arabic_trans_yasmine_seale_poem_5.txt,2.0
1152,jh_user_32,save,hatem_alzahrani_iii_from_arabic_trans_moneera_alghadeer_poem_3.txt,2.0
1152,jh_user_78,save,hatem_alzahrani_iii_from_arabic_trans_moneera_alghadeer_poem_3.txt,2.0
1152,jh_user_48,save,dhsi_retro_machines_&_media_grigar_&_durno.txt,2.0
1152,jh_user_24,save,harri-hertell_full-moon-in-the-calendar.txt,2.0
1152,jh_user_83,save,dana_ranga_darkness_from_german_trans_monika_cassel_poem_4.txt,2.0
1152,jh_user_14,save,czeslaw_milosz_goodness_from_polish_trans_anthony_milosz_poem_4.txt,2.0
1152,jh_user_36,save,emilio-alvarez_today-is-just-another-day.txt,2.0
1152,jh_user_20,save,elizaria_flores_city_from_spanish_trans_david_m_brunson_poem_2.txt,2.0
1152,jh_user_50,save,hagiwara_sakutarō_a_crow_of_nihility_from_japanese_trans_hiroaki_sato_poem_3.txt,2.0
1153,jh_user_53,save,dhsi_surveillance_&_critical_dh_boyles_&_peterson.txt,
1153,jh_user_43,save,han_bo_connect_from_chinese_trans_eleanor_goodman_poem_3.txt,
1153,jh_user_72,save,dijala_hasanbegović_fairytale_about_us_from_bosnian_trans_mirza_purić_poem_2.txt,
1153,jh_user_3,save,fernando_pessoa_from_the_keeper_of_flocksnbsp_from_portuguese_trans_michael_lee_rattigan_poem_1.txt,2.0
1153,jh_user_40,save,galina_rymbu_untitled_3_from_russian_trans_joan_brooks_poem_3.txt,2.0
1153,jh_user_84,save,francisco_paco_urondo_days_come_and_gone_from_spanish_trans_julia_leverone_poem_3.txt,2.0
1153,jh_user_34,save,bai_juyi_the_bloom_is_not_a_bloom_from_chinese_trans_joey_schwartzman_poem_2.txt,2.0
1153,jh_user_6,save,asmaa_azaizeh_hulegu_and_i_from_arabic_trans_yasmine_seale_poem_3.txt,2.0
1153,jh_user_66,save,fabio_pusterla_sand_from_italian_trans_damiano_abeni_and_moira_egan_poem_2.txt,
1153,jh_user_74,save,asmaa_azaizeh_reflection_from_arabic_trans_yasmine_seale_poem_5.txt,2.0
1153,jh_user_22,save,hagiwara_sakutarō_a_crow_of_nihility_from_japanese_trans_hiroaki_sato_poem_3.txt,2.0
1154,jh_user_49,save,chuya_nakahara_sorrow_already_spoiled_from_japanese_trans_christian_nagle_poem_2.txt,2.0
1154,jh_user_43,save,dhsi_surveillance_&_critical_dh_boyles_&_peterson.txt,
1154,jh_user_52,save,hatem_alzahrani_iii_from_arabic_trans_moneera_alghadeer_poem_3.txt,2.0
1154,jh_user_1,save,bc_malahat_thornton_rev_by_parry_2019.txt,2.0
1154,jh_user_57,save,franca_mancinelli_this_circle_of_arms_doesntnbspnbsp_from_italian_trans_john_taylor_poem_5.txt,
1155,jh_user_8,save,asmaa_azaizeh_reflection_from_arabic_trans_yasmine_seale_poem_5.txt,2.0
1155,jh_user_87,save,astrid_haerens_4_from_flemish_trans_egan_garr_poem_4.txt,
1155,jh_user_90,save,astrid_haerens_5_from_flemish_trans_egan_garr_poem_5.txt,
1155,jh_user_76,save,george_gömöri_a_german_lesson_january_1945_from_hungarian_trans_mari_gömöri_jamie_mckendrick_and_george_gömöri_poem_3.txt,
1155,jh_user_28,save,david_avidan_sedation_from_hebrew_trans_tsipi_keller_poem_2.txt,2.0
1155,jh_user_72,save,galina_rymbu_they_from_russian_trans_joan_brooks_poem_6.txt,2.0
1155,jh_user_90,save,francisca_aguirre_the_stranger_from_spanish_trans_montana_ray_poem_2.txt,2.0
1155,jh_user_2,save,celia_dropkin_the_border_from_yiddish_trans_faith_jones_jennifer_kronovet_and_samuel_solomon_poem_4.txt,
1155,jh_user_6,save,crauss_giant_amber_pastry_from_german_trans_mark_kanak_poem_6.txt,2.0
1156,jh_user_99,save,dhsi_press_bowness_2013.txt,2.0
1156,jh_user_50,save,asmaa_azaizeh_hulegu_and_i_from_arabic_trans_yasmine_seale_poem_3.txt,2.0
1156,jh_user_27,save,dag_t_straumsvåg_appraisal_in_autumn_from_norwegian_trans_robert_hedin_and_dag_t_straumsvåg_poem_3.txt,
1156,jh_user_91,save,dhsi_press_bowness_2013.txt,2.0
1156,jh_user_1,save,astrid_haerens_4_from_flemish_trans_egan_garr_poem_4.txt,
1156,jh_user_81,save,chuya_nakahara_sorrow_already_spoiled_from_japanese_trans_christian_nagle_poem_2.txt,2.0
1156,jh_user_58,save,cronaca_di_un_amore.txt,2.0
1156,jh_user_75,save,ekaterina_derysheva_the_installation_has_been_canceled_from_unknown_poem_2.txt,2.0
1156,jh_user_87,save,han_bo_connect_from_chinese_trans_eleanor_goodman_poem_3.txt,
1156,jh_user_45,save,edith_bruck_maybe_from_italian_trans_jeanne_bonner_poem_3.txt,2.0
1156,jh_user_59,save,dhsi_press_bowness_2013.txt,2.0
1157,jh_user_20,save,dijala_hasanbegović_soldiers_from_bosnian_trans_mirza_purić_poem_3.txt,2.0
1157,jh_user_62,save,bc_malahat_rempel_&_zilm_rev_by_morris_2019.txt,
1157,jh_user_1,save,dijala_hasanbegović_soldiers_from_bosnian_trans_mirza_purić_poem_3.txt,2.0
1158,jh_user_14,save,ekaterina_derysheva_2_from_unknown_poem_4.txt,2.0
1158,jh_user_26,save,han_bo_connect_from_chinese_trans_eleanor_goodman_poem_3.txt,
1158,jh_user_67,save,hai_zi_mozart_says_in_requiem_from_chinese_trans_ye_chun_poem_1.txt,2.0
1158,jh_user_78,save,elizaria_flores_city_from_spanish_trans_david_m_brunson_poem_2.txt,2.0
1158,jh_user_6,save,fabio_pusterla_sand_from_italian_trans_damiano_abeni_and_moira_egan_poem_2.txt,
1158,jh_user_24,save,bijan_elahi_birthplace_from_persian_trans_rebecca_ruth_gould_and_kayvan_tahmasebian_poem_1.txt,
1159,jh_user_43,save,césar_vallejo_ix_from_spanish_trans_césar_jumpa_sánchez_poem_1.txt,
1159,jh_user_9,save,hatem_alzahrani_iii_from_arabic_trans_moneera_alghadeer_poem_3.txt,2.0
1159,jh_user_68,save,hatem_alzahrani_iii_from_arabic_trans_moneera_alghadeer_poem_3.txt,2.0
1160,jh_user_4,save,crauss_a_world_in_a_world_from_german_trans_mark_kanak_poem_1.txt,
1160,jh_user_63,save,ekaterina_derysheva_untitled_1_from_unknown_poem_1.txt,2.0
1161,jh_user_6,save,astrid_haerens_5_from_flemish_trans_egan_garr_poem_5.txt,
1161,jh_user_62,save,edith_bruck_maybe_from_italian_trans_jeanne_bonner_poem_3.txt,2.0
1161,jh_user_47,save,atmanam_raised_sound_from_tamil_trans_shriram_sivaramakrishnan_poem_3.txt,
1161,jh_user_17,save,dag_t_straumsvåg_appraisal_in_autumn_from_norwegian_trans_robert_hedin_and_dag_t_straumsvåg_poem_3.txt,
1162,jh_user_24,save,bai_juyi_the_bloom_is_not_a_bloom_from_chinese_trans_joey_schwartzman_poem_2.txt,2.0
1162,jh_user_80,save,grzegorz_wróblewski_letter_from_poznań_from_polish_trans_piotr_gwiazda_poem_4.txt,2.0
1162,jh_user_100,save,astrid_haerens_4_from_flemish_trans_egan_garr_poem_4.txt,
1163,jh_user_23,save,celia_dropkin_i_sing_you_from_yiddish_trans_faith_jones_jennifer_kronovet_and_samuel_solomon_poem_1.txt,
1164,jh_user_90,save,dagmara_kraus_variation_from_german_trans_joshua_daniel_edwin_poem_2.txt,
1166,jh_user_53,save,ayaka_satō_haiku_from_japanese_trans_corey_wakeling_and_hiromitsu_koiso_poem_2.txt,
1166,jh_user_101,save,césar_vallejo_ix_from_spanish_trans_césar_jumpa_sánchez_poem_1.txt,
1167,jh_user_46,save,ayaka_satō_haiku_from_japanese_trans_corey_wakeling_and_hiromitsu_koiso_poem_2.txt,
1167,jh_user_100,save,dhsi_developing_a_project_omeka_wust_&_norberg.txt,
1170,jh_user_83,save,dhsi_surveillance_&_critical_dh_boyles_&_peterson.txt,
1171,jh_user_78,save,celia_dropkin_the_border_from_yiddish_trans_faith_jones_jennifer_kronovet_and_samuel_solomon_poem_4.txt,
1171,jh_user_84,save,celia_dropkin_the_border_from_yiddish_trans_faith_jones_jennifer_kronovet_and_samuel_solomon_poem_4.txt,
1173,jh_user_55,save,bibi_slippers_15_instagram_poems_from_afrikaans_trans_alice_inggs_poem_6.txt,
1833,jh_user_30,save,hermann_burger_study_room_from_german_trans_daniele_pantano_poem_1.txt,
1834,jh_user_13,save,heavy.txt,
1837,jh_user_41,save,hermann_karl_hesse_childhood_from_german_trans_wally_swist_poem_2.txt,
1838,jh_user_50,save,hermann_karl_hesse_childhood_from_german_trans_wally_swist_poem_2.txt,
1840,jh_user_16,save,hermann_burger_study_room_from_german_trans_daniele_pantano_poem_1.txt,
1842,jh_user_6,save,hendri_yulius_wijaya_first_touch_from_indonesian_trans_edward_gunawan_poem_1.txt,
1848,jh_user_43,save,hirato_renkichi_contact_from_japanese_trans_sho_sugita_poem_5.txt,
1849,jh_user_85,save,hester_knibbe_delphi_from_dutch_trans_jacquelyn_pope_poem_2.txt,
1850,jh_user_72,save,hendri_yulius_wijaya_horny_from_indonesian_trans_edward_gunawan_poem_2.txt,
1853,jh_user_2,save,hermann_karl_hesse_childhood_from_german_trans_wally_swist_poem_2.txt,
1856,jh_user_54,save,hendri_yulius_wijaya_first_touch_from_indonesian_trans_edward_gunawan_poem_1.txt,
1863,jh_user_90,save,hijab_imtiaz_ali_love_from_urdu_trans_aamer_hussein_poem_2.txt,
1865,jh_user_42,save,hermann_karl_hesse_all_deaths_from_german_trans_wally_swist_poem_1.txt,
1868,jh_user_22,save,hendri_yulius_wijaya_first_touch_from_indonesian_trans_edward_gunawan_poem_1.txt,
1869,jh_user_93,save,hsia_yü_21_from_chinese_trans_steve_bradbury_poem_2.txt,
1871,jh_user_40,save,hirato_renkichi_minimum_maximum_from_japanese_trans_sho_sugita_poem_1.txt,
1875,jh_user_36,save,hsia_yü_22_from_chinese_trans_steve_bradbury_poem_3.txt,
1876,jh_user_31,save,hsia_yü_21_from_chinese_trans_steve_bradbury_poem_2.txt,
1877,jh_user_81,save,hendri_yulius_wijaya_horny_from_indonesian_trans_edward_gunawan_poem_2.txt,
1878,jh_user_48,save,homer_untitled_1_from_ancient_trans_james_wilcox_poem_1.txt,
1879,jh_user_77,save,hester_knibbe_oder_from_dutch_trans_jacquelyn_pope_poem_3.txt,
1879,jh_user_81,save,hijab_imtiaz_ali_love_from_urdu_trans_aamer_hussein_poem_2.txt,
1880,jh_user_80,save,hester_knibbe_law_from_dutch_trans_jacquelyn_pope_poem_1.txt,
1884,jh_user_20,save,hsia_yü_20_from_chinese_trans_steve_bradbury_poem_1.txt,
1885,jh_user_30,save,hsia_yü_26_from_chinese_trans_steve_bradbury_poem_5.txt,
1886,jh_user_5,save,hsia_yü_21_from_chinese_trans_steve_bradbury_poem_2.txt,
1887,jh_user_79,save,ian-de-toffoli_evelyne-jacquard-50th-birthday.txt,
1889,jh_user_91,save,hirato_renkichi_migration_from_japanese_trans_sho_sugita_poem_2.txt,
1889,jh_user_58,save,i_sang_poem_14_from_korean_trans_dan_kwon_poem_6.txt,
1889,jh_user_48,save,hester_knibbe_law_from_dutch_trans_jacquelyn_pope_poem_1.txt,
1889,jh_user_73,save,hijab_imtiaz_ali_autumn_morning_from_urdu_trans_aamer_hussein_poem_3.txt,
1890,jh_user_23,save,hermann_karl_hesse_all_deaths_from_german_trans_wally_swist_poem_1.txt,
1891,jh_user_70,save,hermann_burger_sickness_from_german_trans_daniele_pantano_poem_2.txt,
1892,jh_user_49,save,hirato_renkichi_creation_from_japanese_trans_sho_sugita_poem_3.txt,
1892,jh_user_32,save,hirato_renkichi_selfportrait_from_japanese_trans_sho_sugita_poem_4.txt,
1894,jh_user_97,save,hirato_renkichi_selfportrait_from_japanese_trans_sho_sugita_poem_4.txt,
1894,jh_user_27,save,husam_alsaray_the_books_biers_from_arabic_trans_alex_v_gubbins_poem_2.txt,
1895,jh_user_26,save,hsia_yü_20_from_chinese_trans_steve_bradbury_poem_1.txt,
1898,jh_user_23,save,hijab_imtiaz_ali_summer_afternoon_from_urdu_trans_aamer_hussein_poem_1.txt,
1899,jh_user_69,save,hijab_imtiaz_ali_autumn_morning_from_urdu_trans_aamer_hussein_poem_3.txt,
1902,jh_user_6,save,hester_knibbe_law_from_dutch_trans_jacquelyn_pope_poem_1.txt,
1902,jh_user_76,save,hirato_renkichi_migration_from_japanese_trans_sho_sugita_poem_2.txt,
1903,jh_user_24,save,husam_alsaray_an_opening_with_no_balcony_from_arabic_trans_alex_v_gubbins_poem_1.txt,
1903,jh_user_69,save,ida_börjel_f_from_swedish_trans_jennifer_hayashida_poem_2.txt,
1904,jh_user_99,save,hester_knibbe_oder_from_dutch_trans_jacquelyn_pope_poem_3.txt,
1905,jh_user_9,save,husam_alsaray_moment_from_arabic_trans_alex_v_gubbins_poem_3.txt,
1905,jh_user_65,save,ian-de-toffoli_evelyne-jacquard-50th-birthday.txt,
1907,jh_user_57,save,husam_alsaray_an_opening_with_no_balcony_from_arabic_trans_alex_v_gubbins_poem_1.txt,
1908,jh_user_23,save,i_sang_poem_13_from_korean_trans_dan_kwon_poem_5.txt,
1908,jh_user_82,save,hijab_imtiaz_ali_summer_afternoon_from_urdu_trans_aamer_hussein_poem_1.txt,
1908,jh_user_20,save,ida_börjel_f_from_swedish_trans_jennifer_hayashida_poem_2.txt,
1910,jh_user_75,save,hirato_renkichi_creation_from_japanese_trans_sho_sugita_poem_3.txt,
1911,jh_user_27,save,hsia_yü_27_from_chinese_trans_steve_bradbury_poem_6.txt,
1912,jh_user_78,save,i_sang_poem_13_from_korean_trans_dan_kwon_poem_5.txt,
1912,jh_user_32,save,hsia_yü_28_from_chinese_trans_steve_bradbury_poem_7.txt,
1914,jh_user_22,save,i_sang_poem_12_from_korean_trans_dan_kwon_poem_4.txt,
1914,jh_user_6,save,hsia_yü_23_from_chinese_trans_steve_bradbury_poem_4.txt,
1916,jh_user_71,save,ida_börjel_f_from_swedish_trans_jennifer_hayashida_poem_2.txt,
1917,jh_user_74,save,i_sang_poem_14_from_korean_trans_dan_kwon_poem_6.txt,
1917,jh_user_63,save,indrė_valantinaitė_archeologist_from_lithuanian_trans_rimas_uzgiris_poem_2.txt,
1917,jh_user_93,save,i_sang_poem_12_from_korean_trans_dan_kwon_poem_4.txt,
1918,jh_user_58,save,hirato_renkichi_creation_from_japanese_trans_sho_sugita_poem_3.txt,
1920,jh_user_3,save,ian-de-toffoli_evelyne-jacquard-50th-birthday_part2.txt,
1920,jh_user_62,save,identification_of_a_woman.txt,
1921,jh_user_22,save,hijab_imtiaz_ali_autumn_morning_from_urdu_trans_aamer_hussein_poem_3.txt,
1921,jh_user_27,save,i_sang_poem_11_from_korean_trans_dan_kwon_poem_3.txt,
1922,jh_user_98,save,hsia_yü_23_from_chinese_trans_steve_bradbury_poem_4.txt,
1922,jh_user_90,save,hsia_yü_28_from_chinese_trans_steve_bradbury_poem_7.txt,
1923,jh_user_98,save,ian-de-toffoli_evelyne-jacquard-50th-birthday_part2.txt,
1927,jh_user_87,save,isabel_pérez_montalbán_farewell_from_spanish_trans_elena_barcia_poem_1.txt,
1927,jh_user_2,save,hirato_renkichi_migration_from_japanese_trans_sho_sugita_poem_2.txt,
1928,jh_user_55,save,hirato_renkichi_selfportrait_from_japanese_trans_sho_sugita_poem_4.txt,
1929,jh_user_101,save,i_sang_poem_15_from_korean_trans_dan_kwon_poem_7.txt,
1929,jh_user_101,save,hsia_yü_23_from_chinese_trans_steve_bradbury_poem_4.txt,
1929,jh_user_22,save,i_sang_poem_9_muzzle_from_korean_trans_dan_kwon_poem_1.txt,
1931,jh_user_49,save,i_sang_poem_9_muzzle_from_korean_trans_dan_kwon_poem_1.txt,
1931,jh_user_75,save,ishihara_yoshiro_poetry_from_japanese_trans_john_newton_webb_poem_1.txt,
1932,jh_user_48,save,indrė_valantinaitė_archeologist_from_lithuanian_trans_rimas_uzgiris_poem_2.txt,
1932,jh_user_55,save,iulia_militaru_1_the_ballad_of_the_woman_behind_the_counter_replay_from_romanian_trans_claudia_serea_poem_14.txt,
1933,jh_user_78,save,identification_of_a_woman.txt,
1934,jh_user_4,save,isabel_pérez_montalbán_farewell_from_spanish_trans_elena_barcia_poem_1.txt,
1934,jh_user_40,save,ida_börjel_m_from_swedish_trans_jennifer_hayashida_poem_3.txt,
1935,jh_user_98,save,ida_börjel_a_from_swedish_trans_jennifer_hayashida_poem_1.txt,
1936,jh_user_21,save,ishihara_yoshiro_poetry_from_japanese_trans_john_newton_webb_poem_1.txt,
1936,jh_user_88,save,hsia_yü_28_from_chinese_trans_steve_bradbury_poem_7.txt,
1938,jh_user_85,save,ishihara_yoshiro_poetry_from_japanese_trans_john_newton_webb_poem_1.txt,
1940,jh_user_59,save,ida_börjel_m_from_swedish_trans_jennifer_hayashida_poem_3.txt,
1942,jh_user_25,save,husam_alsaray_moment_from_arabic_trans_alex_v_gubbins_poem_3.txt,
1942,jh_user_10,save,identification_of_a_woman.txt,
1942,jh_user_32,save,hsia_yü_27_from_chinese_trans_steve_bradbury_poem_6.txt,
1943,jh_user_31,save,i_sang_poem_11_from_korean_trans_dan_kwon_poem_3.txt,
1943,jh_user_42,save,husam_alsaray_an_opening_with_no_balcony_from_arabic_trans_alex_v_gubbins_poem_1.txt,
1945,jh_user_65,save,i_sang_poem_11_from_korean_trans_dan_kwon_poem_3.txt,
1946,jh_user_20,save,il_grido.txt,
1947,jh_user_62,save,i_sang_poem_15_from_korean_trans_dan_kwon_poem_7.txt,
1949,jh_user_82,save,ion_monoran_untitled_3_from_romanian_trans_marius_surleac_and_marc_vincenz_poem_3.txt,
1949,jh_user_28,save,iulia_militaru_4th_antistrophe_from_romanian_trans_claudia_serea_poem_8.txt,
1950,jh_user_50,save,indrė_valantinaitė_archeologist_from_lithuanian_trans_rimas_uzgiris_poem_2.txt,
1952,jh_user_1,save,iulia_militaru_2nd_strophe_from_romanian_trans_claudia_serea_poem_3.txt,
1953,jh_user_25,save,ion_monoran_locus_periucundus_i_from_romanian_trans_marius_surleac_and_marc_vincenz_poem_1.txt,
1954,jh_user_23,save,i_sang_poem_10_butterfly_from_korean_trans_dan_kwon_poem_2.txt,
1954,jh_user_50,save,ishihara_yoshiro_potato_talknbsp_from_japanese_trans_john_newton_webb_poem_3.txt,
1956,jh_user_90,save,isabel_pérez_montalbán_farewell_from_spanish_trans_elena_barcia_poem_1.txt,
1957,jh_user_24,save,iulia_militaru_4th_antistrophe_from_romanian_trans_claudia_serea_poem_8.txt,
1958,jh_user_22,save,iulia_militaru_2nd_strophe_from_romanian_trans_claudia_serea_poem_3.txt,
1958,jh_user_26,save,iulia_militaru_4th_antistrophe_from_romanian_trans_claudia_serea_poem_8.txt,
1960,jh_user_5,save,indrė_valantinaitė_shell_from_lithuanian_trans_rimas_uzgiris_poem_1.txt,
1960,jh_user_24,save,iulia_militaru_3rd_strophe_from_romanian_trans_claudia_serea_poem_5.txt,
1963,jh_user_63,save,ilse-kilic_self-reading-book.txt,
1963,jh_user_93,save,ilse-kilic_self-reading-book.txt,
1964,jh_user_48,save,ilse-kilic_self-reading-book.txt,
1964,jh_user_91,save,iulia_militaru_3rd_strophe_from_romanian_trans_claudia_serea_poem_5.txt,
1969,jh_user_63,save,ion_monoran_untitled_3_from_romanian_trans_marius_surleac_and_marc_vincenz_poem_3.txt,
1970,jh_user_89,save,ion_monoran_untitled_3_from_romanian_trans_marius_surleac_and_marc_vincenz_poem_3.txt,
1972,jh_user_16,save,indrė_valantinaitė_shell_from_lithuanian_trans_rimas_uzgiris_poem_1.txt,
1972,jh_user_2,save,ilse-kilic_self-reading-book-continued.txt,
1972,jh_user_19,save,ishihara_yoshiro_horses_and_riots_from_japanese_trans_john_newton_webb_poem_2.txt,
1973,jh_user_47,save,isabel_pérez_montalbán_animal_ma_non_troppo_from_spanish_trans_elena_barcia_poem_2.txt,
1973,jh_user_88,save,ishihara_yoshiro_horses_and_riots_from_japanese_trans_john_newton_webb_poem_2.txt,
1974,jh_user_87,save,iulia_militaru_6th_strophe_from_romanian_trans_claudia_serea_poem_11.txt,
1977,jh_user_19,save,iulia_militaru_2nd_antistrophe_from_romanian_trans_claudia_serea_poem_4.txt,
1978,jh_user_99,save,ion_monoran_tears_from_romanian_trans_marius_surleac_and_marc_vincenz_poem_2.txt,
1980,jh_user_63,save,iulia_militaru_6th_strophe_from_romanian_trans_claudia_serea_poem_11.txt,
1981,jh_user_33,save,iulia_militaru_1st_antistrophe_from_romanian_trans_claudia_serea_poem_2.txt,
1982,jh_user_51,save,ishihara_yoshiro_potato_talknbsp_from_japanese_trans_john_newton_webb_poem_3.txt,
1983,jh_user_38,save,iulia_militaru_5th_antistrophe_from_romanian_trans_claudia_serea_poem_10.txt,
1983,jh_user_95,save,ion_monoran_untitled_4_from_romanian_trans_marius_surleac_and_marc_vincenz_poem_4.txt,
1983,jh_user_40,save,iulia_militaru_2nd_strophe_from_romanian_trans_claudia_serea_poem_3.txt,
1985,jh_user_84,save,iulia_militaru_3rd_antistrophe_from_romanian_trans_claudia_serea_poem_6.txt,
1985,jh_user_78,save,iulia_militaru_voice_10_from_romanian_trans_claudia_serea_poem_27.txt,
1985,jh_user_13,save,iulia_militaru_epode_from_romanian_trans_claudia_serea_poem_29.txt,
1986,jh_user_92,save,ishihara_yoshiro_potato_talknbsp_from_japanese_trans_john_newton_webb_poem_3.txt,
1986,jh_user_76,save,iulia_militaru_1st_strophe_from_romanian_trans_claudia_serea_poem_1.txt,
1986,jh_user_37,save,iulia_militaru_3rd_antistrophe_from_romanian_trans_claudia_serea_poem_6.txt,
1988,jh_user_88,save,iulia_militaru_voice_2_from_romanian_trans_claudia_serea_poem_19.txt,
1988,jh_user_24,save,iulia_militaru_4_everyone_died_in_eight_episodes_and_an_ending_from_romanian_trans_claudia_serea_poem_17.txt,
1988,jh_user_97,save,ion_monoran_tears_from_romanian_trans_marius_surleac_and_marc_vincenz_poem_2.txt,
1989,jh_user_48,save,iulia_militaru_voice_2_from_romanian_trans_claudia_serea_poem_19.txt,
1989,jh_user_35,save,iulia_militaru_2nd_antistrophe_from_romanian_trans_claudia_serea_poem_4.txt,
1993,jh_user_8,save,iulia_militaru_voice_4_from_romanian_trans_claudia_serea_poem_21.txt,
1994,jh_user_79,save,iulia_militaru_voice_4_from_romanian_trans_claudia_serea_poem_21.txt,
1994,jh_user_89,save,iulia_militaru_1st_antistrophe_from_romanian_trans_claudia_serea_poem_2.txt,
1996,jh_user_61,save,iulia_militaru_voice_8_from_romanian_trans_claudia_serea_poem_25.txt,
1998,jh_user_35,save,iulia_militaru_epode_from_romanian_trans_claudia_serea_poem_13.txt,
1998,jh_user_32,save,ion_monoran_untitled_4_from_romanian_trans_marius_surleac_and_marc_vincenz_poem_4.txt,
1998,jh_user_75,save,iulia_militaru_epode_from_romanian_trans_claudia_serea_poem_29.txt,
1998,jh_user_36,save,iulia_militaru_voice_7_from_romanian_trans_claudia_serea_poem_24.txt,
1999,jh_user_44,save,iulia_militaru_voice_1_from_romanian_trans_claudia_serea_poem_18.txt,
1999,jh_user_67,save,iulia_militaru_voice_10_from_romanian_trans_claudia_serea_poem_27.txt,
2000,jh_user_85,save,iulia_militaru_1st_strophe_from_romanian_trans_claudia_serea_poem_1.txt,
2002,jh_user_54,save,iulia_militaru_3rd_antistrophe_from_romanian_trans_claudia_serea_poem_6.txt,
2006,jh_user_90,save,iulia_militaru_voice_7_from_romanian_trans_claudia_serea_poem_24.txt,
2006,jh_user_52,save,iulia_militaru_voice_6_from_romanian_trans_claudia_serea_poem_23.txt,
2007,jh_user_49,save,iulia_militaru_1st_strophe_from_romanian_trans_claudia_serea_poem_1.txt,
2008,jh_user_82,save,iulia_militaru_5_ars_poetica_from_romanian_trans_claudia_serea_poem_28.txt,
2009,jh_user_65,save,iulia_militaru_4_everyone_died_in_eight_episodes_and_an_ending_from_romanian_trans_claudia_serea_poem_17.txt,
2010,jh_user_97,save,iulia_militaru_voice_1_from_romanian_trans_claudia_serea_poem_18.txt,
2010,jh_user_85,save,iulia_militaru_voice_8_from_romanian_trans_claudia_serea_poem_25.txt,
2011,jh_user_97,save,iulia_militaru_voice_7_from_romanian_trans_claudia_serea_poem_24.txt,
2012,jh_user_75,save,iulia_militaru_6th_antistrophe_from_romanian_trans_claudia_serea_poem_12.txt,
2012,jh_user_18,save,iulia_militaru_voice_6_from_romanian_trans_claudia_serea_poem_23.txt,
2013,jh_user_16,save,iulia_militaru_5th_strophe_from_romanian_trans_claudia_serea_poem_9.txt,
2016,jh_user_82,save,iulia_militaru_voice_9_from_romanian_trans_claudia_serea_poem_26.txt,
2016,jh_user_88,save,iulia_militaru_voice_8_from_romanian_trans_claudia_serea_poem_25.txt,
2018,jh_user_100,save,iulia_militaru_3_meat_from_romanian_trans_claudia_serea_poem_16.txt,
2018,jh_user_6,save,iulia_militaru_epode_from_romanian_trans_claudia_serea_poem_29.txt,
2020,jh_user_1,save,iulia_militaru_voice_5_from_romanian_trans_claudia_serea_poem_22.txt,
2020,jh_user_30,save,iván_palacios_ocaña_embarrassing_poem_from_spanish_trans_noah_mazer_poem_3.txt,
2023,jh_user_57,save,iulia_militaru_4th_strophe_from_romanian_trans_claudia_serea_poem_7.txt,
2023,jh_user_82,save,iulia_militaru_2_the_free_market_march_27_1947_from_romanian_trans_claudia_serea_poem_15.txt,
2024,jh_user_53,save,iulia_militaru_4th_strophe_from_romanian_trans_claudia_serea_poem_7.txt,
2025,jh_user_78,save,iván_palacios_ocaña_one_day_around_5_from_spanish_trans_noah_mazer_poem_8.txt,
2026,jh_user_57,save,iván_palacios_ocaña_embarrassing_poem_from_spanish_trans_noah_mazer_poem_3.txt,
2026,jh_user_85,save,iván_palacios_ocaña_on_my_way_here_from_spanish_trans_noah_mazer_poem_1.txt,
2030,jh_user_36,save,iulia_militaru_5th_strophe_from_romanian_trans_claudia_serea_poem_9.txt,
2034,jh_user_78,save,iván_palacios_ocaña_embarrassing_poem_from_spanish_trans_noah_mazer_poem_3.txt,
2038,jh_user_76,save,jan_dammu_schubert_the_greek_from_arabic_trans_suneela_mubayi_poem_1.txt,
2039,jh_user_95,save,iván_palacios_ocaña_contribution_to_nothing_from_spanish_trans_noah_mazer_poem_9.txt,
2040,jh_user_101,save,iván_palacios_ocaña_poem_from_spanish_trans_noah_mazer_poem_2.txt,
2040,jh_user_45,save,iván_palacios_ocaña_i_would_prefer_not_to_from_spanish_trans_noah_mazer_poem_4.txt,
2043,jh_user_93,save,iulia_militaru_voice_6_from_romanian_trans_claudia_serea_poem_23.txt,
2044,jh_user_90,save,iván_palacios_ocaña_on_my_way_here_from_spanish_trans_noah_mazer_poem_1.txt,
2046,jh_user_92,save,iván_palacios_ocaña_poem_from_spanish_trans_noah_mazer_poem_2.txt,
2047,jh_user_83,save,jacobo_glantz_so_much_gold_from_yiddish_trans_mordecai_martin_poem_5.txt,
2049,jh_user_25,save,iván_palacios_ocaña_one_day_around_5_from_spanish_trans_noah_mazer_poem_8.txt,
2050,jh_user_29,save,jaap-blonk_sound.txt,
2051,jh_user_32,save,iya_kiva_little_green_lights_from_russian_trans_katherine_e_young_poem_1.txt,
2052,jh_user_41,save,jazra_khaleed_a_jobless_man_sits_on_a_stone_from_greek_trans_viktoras_iliopoulos_poem_1.txt,
2053,jh_user_47,save,iulia_militaru_voice_3_from_romanian_trans_claudia_serea_poem_20.txt,
2054,jh_user_22,save,iván_palacios_ocaña_two_ways_to_see_an_abokado_from_spanish_trans_noah_mazer_poem_7.txt,
2054,jh_user_96,save,jan_dammu_schubert_the_greek_from_arabic_trans_suneela_mubayi_poem_1.txt,
2054,jh_user_29,save,jaime_barrios_carrillo_godless_angels_from_spanish_trans_david_unger_poem_2.txt,
2056,jh_user_31,save,iya_kiva_little_green_lights_from_russian_trans_katherine_e_young_poem_1.txt,
2059,jh_user_70,save,iya_kiva_little_green_lights_from_russian_trans_katherine_e_young_poem_1.txt,
2059,jh_user_77,save,jazra-khaleed_black-lips.txt,
2062,jh_user_40,save,jazra_khaleed_a_jobless_man_sits_on_a_stone_from_greek_trans_viktoras_iliopoulos_poem_1.txt,
2062,jh_user_82,save,iván_palacios_ocaña_bougainvilleas_from_spanish_trans_noah_mazer_poem_6.txt,
2063,jh_user_30,save,jaime_barrios_carrillo_godless_angels_from_spanish_trans_david_unger_poem_2.txt,
2064,jh_user_95,save,jan_dammu_the_wilds_of_the_metropolis_from_arabic_trans_suneela_mubayi_poem_3.txt,
2064,jh_user_42,save,jaap-blonk_lets-go-out.txt,
2064,jh_user_93,save,jaap-blonk_sound.txt,
2065,jh_user_56,save,iya_kiva_untitled_2_from_russian_trans_katherine_e_young_poem_2.txt,
2066,jh_user_19,save,jazra-khaleed_black-lips.txt,
2067,jh_user_25,save,jan_dammu_schubert_the_greek_from_arabic_trans_suneela_mubayi_poem_1.txt,
2068,jh_user_99,save,jang_okgwan_a_songs_eyebrows_from_korean_trans_susan_k_poem_1.txt,
2069,jh_user_65,save,iván_palacios_ocaña_poem_from_spanish_trans_noah_mazer_poem_2.txt,
2069,jh_user_12,save,jaime_barrios_carrillo_hotels_from_spanish_trans_david_unger_poem_1.txt,
2073,jh_user_95,save,jeanne_karen_i_thought_i_was_missing_parts_from_spanish_trans_janet_mcadams_poem_3.txt,
2075,jh_user_59,save,jazra-khaleed_black-lips.txt,
2077,jh_user_58,save,iván_palacios_ocaña_two_ways_to_see_an_abokado_from_spanish_trans_noah_mazer_poem_7.txt,
2079,jh_user_18,save,jacobo_glantz_1_from_yiddish_trans_mordecai_martin_poem_2.txt,
2079,jh_user_49,save,jeanne_karen_here_are_the_words_that_give_me_body_from_spanish_trans_janet_mcadams_poem_1.txt,
2080,jh_user_85,save,jeanne_karen_lands_fertile_for_snow_from_spanish_trans_janet_mcadams_poem_4.txt,
2081,jh_user_65,save,jazra_khaleed_a_jobless_man_sits_on_a_stone_from_greek_trans_viktoras_iliopoulos_poem_1.txt,
2081,jh_user_89,save,jacobo_glantz_2_from_yiddish_trans_mordecai_martin_poem_3.txt,
2082,jh_user_16,save,jacobo_glantz_1_from_yiddish_trans_mordecai_martin_poem_2.txt,
2083,jh_user_8,save,jeanne_karen_here_are_the_words_that_give_me_body_from_spanish_trans_janet_mcadams_poem_1.txt,
2084,jh_user_43,save,jeanne_karen_here_are_the_words_that_give_me_body_from_spanish_trans_janet_mcadams_poem_1.txt,
2085,jh_user_15,save,jaime_barrios_carrillo_hotels_from_spanish_trans_david_unger_poem_1.txt,
2087,jh_user_100,save,jeanne_karen_i_thought_i_was_missing_parts_from_spanish_trans_janet_mcadams_poem_3.txt,
2088,jh_user_86,save,jacobo_glantz_1_from_yiddish_trans_mordecai_martin_poem_2.txt,
2089,jh_user_52,save,joan_brossa_bacchic_from_catalan_trans_cameron_griffiths_poem_5.txt,
2093,jh_user_39,save,iván_palacios_ocaña_song_frank_ohara_cover_from_spanish_trans_noah_mazer_poem_5.txt,
2093,jh_user_47,save,jang_okgwan_a_songs_eyebrows_from_korean_trans_susan_k_poem_1.txt,
2093,jh_user_7,save,jeanne_karen_i_thought_i_was_missing_parts_from_spanish_trans_janet_mcadams_poem_3.txt,
2095,jh_user_91,save,jens_august_schade_the_goddess_yearns_from_danish_trans_thomas_e_kennedy_poem_3.txt,
2095,jh_user_40,save,jan_dammu_the_wilds_of_the_metropolis_from_arabic_trans_suneela_mubayi_poem_3.txt,
2096,jh_user_29,save,jang_okgwan_a_white_light_from_korean_trans_susan_k_poem_3.txt,
2097,jh_user_2,save,jing_xianghai_loch_ness_from_chinese_trans_lee_yew_leong_poem_3.txt,
2097,jh_user_25,save,jenan-selcuk_fox-in-the-cradle.txt,
2097,jh_user_32,save,joan_brossa_bacchic_from_catalan_trans_cameron_griffiths_poem_5.txt,
2098,jh_user_1,save,jan_dammu_the_wilds_of_the_metropolis_from_arabic_trans_suneela_mubayi_poem_3.txt,
2098,jh_user_50,save,jan_dammu_two_poems_from_arabic_trans_suneela_mubayi_poem_4.txt,
2099,jh_user_74,save,jacobo_glantz_in_a_mexican_park_from_yiddish_trans_mordecai_martin_poem_4.txt,
2099,jh_user_92,save,jacobo_glantz_they_dont_have_autumns_here_from_yiddish_trans_mordecai_martin_poem_1.txt,
2100,jh_user_57,save,jens_august_schade_woman_from_danish_trans_thomas_e_kennedy_poem_2.txt,
2100,jh_user_47,save,jing_xianghai_loch_ness_from_chinese_trans_lee_yew_leong_poem_3.txt,
2101,jh_user_16,save,joan_brossa_tobacconist_from_catalan_trans_cameron_griffiths_poem_1.txt,
2102,jh_user_78,save,jang_okgwan_a_white_light_from_korean_trans_susan_k_poem_3.txt,
2103,jh_user_55,save,jeanne_karen_we_talk_about_darkness_from_spanish_trans_janet_mcadams_poem_5.txt,
2105,jh_user_96,save,joan_brossa_geometry_and_butterflies_from_catalan_trans_cameron_griffiths_poem_3.txt,
2105,jh_user_41,save,jan_dammu_the_shade_from_arabic_trans_suneela_mubayi_poem_2.txt,
2107,jh_user_5,save,joan_brossa_bacchic_from_catalan_trans_cameron_griffiths_poem_5.txt,
2107,jh_user_17,save,johannes-schrettle_and-yet-she's-moving_part2.txt,
2107,jh_user_28,save,jeanne_karen_from_the_earth_of_our_hands_from_spanish_trans_janet_mcadams_poem_6.txt,
2107,jh_user_90,save,jenan-selcuk_fox-in-the-cradle.txt,
2107,jh_user_87,save,jing_xianghai_these_chance_encounters_from_chinese_trans_lee_yew_leong_poem_4.txt,
2108,jh_user_44,save,jk-ihalainen_not-that-red.txt,
2110,jh_user_96,save,jacobo_glantz_they_dont_have_autumns_here_from_yiddish_trans_mordecai_martin_poem_1.txt,
2111,jh_user_44,save,jeanne_karen_we_talk_about_darkness_from_spanish_trans_janet_mcadams_poem_5.txt,
2112,jh_user_41,save,jang_okgwan_around_the_lake_from_korean_trans_susan_k_poem_2.txt,
2114,jh_user_55,save,jing_xianghai_these_chance_encounters_from_chinese_trans_lee_yew_leong_poem_4.txt,
2114,jh_user_7,save,jens_august_schade_the_goddess_yearns_from_danish_trans_thomas_e_kennedy_poem_3.txt,
2114,jh_user_42,save,johannes-schrettle_and-yet-she's-moving_part2.txt,
2114,jh_user_21,save,jeanne_karen_lands_fertile_for_snow_from_spanish_trans_janet_mcadams_poem_4.txt,
2116,jh_user_59,save,jang_okgwan_around_the_lake_from_korean_trans_susan_k_poem_2.txt,
2117,jh_user_89,save,joan_brossa_elegy_from_catalan_trans_cameron_griffiths_poem_4.txt,
2117,jh_user_27,save,josé_antonio_mazzotti_nbspnbspnbspnbsp_23_from_spanish_trans_clayton_eshleman_poem_3.txt,
2119,jh_user_101,save,john_smelcer_song_for_the_return_of_the_sun_from_ahtna_trans_john_smelcer_poem_3.txt,
2120,jh_user_81,save,jeanne_karen_from_the_earth_of_our_hands_from_spanish_trans_janet_mcadams_poem_6.txt,
2120,jh_user_84,save,joan_brossa_song_from_catalan_trans_cameron_griffiths_poem_6.txt,
2121,jh_user_39,save,jens_august_schade_the_goddess_yearns_from_danish_trans_thomas_e_kennedy_poem_3.txt,
2121,jh_user_76,save,jang_okgwan_a_white_light_from_korean_trans_susan_k_poem_3.txt,
2121,jh_user_27,save,jing_xianghai_gentleness_from_chinese_trans_lee_yew_leong_poem_2.txt,
2122,jh_user_19,save,jing_xianghai_gentleness_from_chinese_trans_lee_yew_leong_poem_2.txt,
2123,jh_user_11,save,josé_antonio_mazzotti_nbspnbspnbspnbsp_2_from_spanish_trans_clayton_eshleman_poem_2.txt,
2123,jh_user_7,save,jk-ihalainen_memory-collapse.txt,
2124,jh_user_100,save,joan_brossa_geometry_and_butterflies_from_catalan_trans_cameron_griffiths_poem_3.txt,
2125,jh_user_81,save,joan_brossa_song_from_catalan_trans_cameron_griffiths_poem_6.txt,
2126,jh_user_84,save,jk-ihalainen_not-that-red.txt,
2127,jh_user_84,save,jing_xianghai_loch_ness_from_chinese_trans_lee_yew_leong_poem_3.txt,
2128,jh_user_21,save,josé_antonio_mazzotti_nbspnbspnbspnbsp_23_from_spanish_trans_clayton_eshleman_poem_3.txt,
2129,jh_user_19,save,jang_okgwan_around_the_lake_from_korean_trans_susan_k_poem_2.txt,
2129,jh_user_49,save,joan_brossa_geometry_and_butterflies_from_catalan_trans_cameron_griffiths_poem_3.txt,
2133,jh_user_10,save,jeanne_karen_when_im_deadnbsp_from_spanish_trans_janet_mcadams_poem_2.txt,
2134,jh_user_17,save,jens_august_schade_my_young_beloved_from_danish_trans_thomas_e_kennedy_poem_1.txt,
2137,jh_user_13,save,johannes-schrettle_and-yet-she's-moving_part2.txt,
2139,jh_user_76,save,jk-ihalainen_not-that-red.txt,
2140,jh_user_39,save,josé_eugenio_sánchez_czeslaw_milosz_gets_off_the_train_at_fuengirola_from_spanish_trans_anna_rosenwong_poem_1.txt,
2142,jh_user_85,save,josé_eugenio_sánchez_ray_toms_daring_heroes_vidal_sassoon_gloria_vanderbil_sergio_valente_foretell_the_name_jordache_op_cit_levi_strauss_amp_co_from_spanish_trans_anna_rosenwong_poem_2.txt,
2144,jh_user_39,save,joan_brossa_elegy_from_catalan_trans_cameron_griffiths_poem_4.txt,
2144,jh_user_83,save,johannes-schrettle_and-yet-she's-moving_part1.txt,
2147,jh_user_84,save,josé_antonio_mazzotti_nbspnbspnbspnbsp_23_from_spanish_trans_clayton_eshleman_poem_3.txt,
2147,jh_user_86,save,joerg-piringer_10-seconds.txt,
2148,jh_user_68,save,john_smelcer_song_for_the_return_of_the_sun_from_ahtna_trans_john_smelcer_poem_3.txt,
2148,jh_user_51,save,jeanne_karen_when_im_deadnbsp_from_spanish_trans_janet_mcadams_poem_2.txt,
2152,jh_user_84,save,john_smelcer_the_dandelion_blossom_from_ahtna_trans_john_smelcer_poem_1.txt,
2152,jh_user_63,save,john_smelcer_song_for_the_return_of_the_sun_from_ahtna_trans_john_smelcer_poem_3.txt,
2152,jh_user_89,save,josé_mármol_neverending_poem_from_spanish_trans_erica_mena_poem_2.txt,
2152,jh_user_62,save,johannes-schrettle_and-yet-she's-moving_part1.txt,
2152,jh_user_62,save,joerg-piringer_present.txt,
2155,jh_user_6,save,josé_antonio_mazzotti_25_from_spanish_trans_clayton_eshleman_poem_5.txt,
2156,jh_user_16,save,john_smelcer_the_dandelion_blossom_from_ahtna_trans_john_smelcer_poem_1.txt,
2156,jh_user_76,save,joão_luís_barreto_guimarães_between_ethereal_and_earthly_from_portuguese_trans_calvin_olsen_poem_4.txt,
2157,jh_user_89,save,joerg-piringer_present.txt,
2158,jh_user_92,save,john_smelcer_the_dandelion_blossom_from_ahtna_trans_john_smelcer_poem_1.txt,
2159,jh_user_46,save,jing_xianghai_training_from_chinese_trans_lee_yew_leong_poem_1.txt,
2161,jh_user_33,save,joão_luís_barreto_guimarães_the_possibility_of_love_from_portuguese_trans_calvin_olsen_poem_2.txt,
2162,jh_user_38,save,josé_eugenio_sánchez_ray_toms_daring_heroes_vidal_sassoon_gloria_vanderbil_sergio_valente_foretell_the_name_jordache_op_cit_levi_strauss_amp_co_from_spanish_trans_anna_rosenwong_poem_2.txt,
2163,jh_user_63,save,josé_mármol_neverending_poem_from_spanish_trans_erica_mena_poem_2.txt,
2165,jh_user_70,save,josé_antonio_mazzotti_nbspnbspnbspnbspnbsp_1_from_spanish_trans_clayton_eshleman_poem_1.txt,
2166,jh_user_85,save,juan_arabia_almah_from_spanish_trans_patricio_ferrari_poem_1.txt,
2167,jh_user_1,save,josé_antonio_mazzotti_24_from_spanish_trans_clayton_eshleman_poem_4.txt,
2167,jh_user_78,save,juan_carlos_mestre_dragonfly_hook_from_spanish_trans_jeremy_paden_poem_2.txt,
2167,jh_user_90,save,john_smelcer_on_the_nature_of_being_from_ahtna_trans_john_smelcer_poem_2.txt,
2168,jh_user_41,save,josé_mármol_neverending_poem_from_spanish_trans_erica_mena_poem_2.txt,
2168,jh_user_101,save,josé_eugenio_sánchez_ray_toms_daring_heroes_vidal_sassoon_gloria_vanderbil_sergio_valente_foretell_the_name_jordache_op_cit_levi_strauss_amp_co_from_spanish_trans_anna_rosenwong_poem_2.txt,
2170,jh_user_35,save,juan_arabia_the_south_american_poet_from_spanish_trans_patricio_ferrari_poem_4.txt,
2171,jh_user_25,save,josé_mármol_sketch_of_flight_from_spanish_trans_erica_mena_poem_3.txt,
2174,jh_user_13,save,juan_carlos_mestre_dragonfly_hook_from_spanish_trans_jeremy_paden_poem_2.txt,
2175,jh_user_24,save,josé_antonio_mazzotti_24_from_spanish_trans_clayton_eshleman_poem_4.txt,
2175,jh_user_39,save,josé_antonio_mazzotti_nbspnbspnbspnbspnbsp_1_from_spanish_trans_clayton_eshleman_poem_1.txt,
2176,jh_user_88,save,juan_calzadilla_hitting_the_abyssnbsp_from_spanish_trans_katherine_m_hedeen_and_olivia_lott_poem_3.txt,
2176,jh_user_27,save,josé_mármol_portrait_of_a_woman_from_spanish_trans_erica_mena_poem_4.txt,
2176,jh_user_18,save,josé_mármol_the_last_sophism_of_protagoras_the_mage_from_spanish_trans_erica_mena_poem_1.txt,
2177,jh_user_3,save,john_smelcer_on_the_nature_of_being_from_ahtna_trans_john_smelcer_poem_2.txt,
2179,jh_user_28,save,josé_mármol_the_last_sophism_of_protagoras_the_mage_from_spanish_trans_erica_mena_poem_1.txt,
2179,jh_user_11,save,joão_luís_barreto_guimarães_the_possibility_of_love_from_portuguese_trans_calvin_olsen_poem_2.txt,
2179,jh_user_13,save,juan_calzadilla_i_see_me_from_spanish_trans_katherine_m_hedeen_and_olivia_lott_poem_2.txt,
2180,jh_user_66,save,josé_mármol_portrait_of_a_woman_from_spanish_trans_erica_mena_poem_4.txt,
2180,jh_user_17,save,juan_carlos_quinteroherencia_earthly_seascape_from_spanish_trans_erica_mena_poem_1.txt,
2181,jh_user_49,save,joão_luís_barreto_guimarães_sicily_from_portuguese_trans_calvin_olsen_poem_1.txt,
2181,jh_user_16,save,joan_brossa_wall_of_delight_from_catalan_trans_cameron_griffiths_poem_2.txt,
2182,jh_user_89,save,josé_antonio_mazzotti_24_from_spanish_trans_clayton_eshleman_poem_4.txt,
2182,jh_user_29,save,joerg-piringer_10-seconds.txt,
2183,jh_user_36,save,joerg-piringer_present.txt,
2183,jh_user_66,save,joerg-piringer_10-seconds.txt,
2188,jh_user_48,save,juan_arabia_almah_from_spanish_trans_patricio_ferrari_poem_1.txt,
2189,jh_user_89,save,josé_mármol_portrait_of_a_woman_from_spanish_trans_erica_mena_poem_4.txt,
2189,jh_user_66,save,juan_carlos_quinteroherencia_trojan_horse_from_spanish_trans_erica_mena_poem_2.txt,
2189,jh_user_2,save,juan_calzadilla_i_see_me_from_spanish_trans_katherine_m_hedeen_and_olivia_lott_poem_2.txt,
2190,jh_user_81,save,joão_luís_barreto_guimarães_the_slow_song_of_allah_from_portuguese_trans_calvin_olsen_poem_5.txt,
2190,jh_user_92,save,juan_carlos_quinteroherencia_trojan_horse_from_spanish_trans_erica_mena_poem_2.txt,
2192,jh_user_47,save,josé_antonio_mazzotti_nbspnbspnbspnbspnbsp_1_from_spanish_trans_clayton_eshleman_poem_1.txt,
2193,jh_user_71,save,juan_calzadilla_hitting_the_abyssnbsp_from_spanish_trans_katherine_m_hedeen_and_olivia_lott_poem_3.txt,
2194,jh_user_73,save,juan_arabia_almah_from_spanish_trans_patricio_ferrari_poem_1.txt,
2194,jh_user_97,save,juan_carlos_mestre_psalm_of_the_blessed_from_spanish_trans_jeremy_paden_poem_3.txt,
2195,jh_user_27,save,joão_luís_barreto_guimarães_the_slow_song_of_allah_from_portuguese_trans_calvin_olsen_poem_5.txt,
2195,jh_user_40,save,juan_ramón_jiménez_dawn_outside_the_city_from_spanish_trans_wally_swist_poem_3.txt,
2196,jh_user_84,save,joão_luís_barreto_guimarães_sicily_from_portuguese_trans_calvin_olsen_poem_1.txt,
2196,jh_user_76,save,juan_carlos_quinteroherencia_earthly_seascape_from_spanish_trans_erica_mena_poem_1.txt,
2198,jh_user_71,save,joão_luís_barreto_guimarães_pentecostés_en_la_taberna_del_obispo_from_portuguese_trans_calvin_olsen_poem_3.txt,
2198,jh_user_15,save,juan_calzadilla_hitting_the_abyssnbsp_from_spanish_trans_katherine_m_hedeen_and_olivia_lott_poem_3.txt,
2201,jh_user_88,save,juana_peñate_montejo_fire_from_ch_trans_carol_rose_little_and_charlotte_friedman_poem_5.txt,
2204,jh_user_54,save,juan_gelman_heroes_from_spanish_trans_lisa_rose_bradford_poem_3.txt,
2205,jh_user_50,save,juan_carlos_mestre_psalm_of_the_blessed_from_spanish_trans_jeremy_paden_poem_3.txt,
2205,jh_user_20,save,juan_carlos_quinteroherencia_trojan_horse_from_spanish_trans_erica_mena_poem_2.txt,
2206,jh_user_67,save,juan_gelman_seeing_the_particulars_from_spanish_trans_lisa_rose_bradford_poem_1.txt,
2208,jh_user_2,save,juana_peñate_montejo_escapenbsp_from_ch_trans_carol_rose_little_and_charlotte_friedman_poem_2.txt,
2209,jh_user_11,save,juana_peñate_montejo_disappearance_from_ch_trans_carol_rose_little_and_charlotte_friedman_poem_4.txt,
2210,jh_user_12,save,juan_ramón_jiménez_dawn_outside_the_city_from_spanish_trans_wally_swist_poem_3.txt,
2211,jh_user_92,save,juan_gelman_seeing_the_particulars_from_spanish_trans_lisa_rose_bradford_poem_1.txt,
2212,jh_user_47,save,juan_calzadilla_i_live_day_by_day_from_spanish_trans_katherine_m_hedeen_and_olivia_lott_poem_1.txt,
2212,jh_user_94,save,joão_luís_barreto_guimarães_meanwhile_on_a_roman_denarius_from_portuguese_trans_calvin_olsen_poem_6.txt,
2215,jh_user_14,save,juan_calzadilla_the_magma_must_return_from_spanish_trans_katherine_m_hedeen_and_olivia_lott_poem_5.txt,
2217,jh_user_43,save,juan_calzadilla_i_live_day_by_day_from_spanish_trans_katherine_m_hedeen_and_olivia_lott_poem_1.txt,
2217,jh_user_22,save,judita_vaičiūnaitė_store_from_lithuanian_trans_rimas_uzgiris_poem_2.txt,
2217,jh_user_78,save,juan_arabia_pulling_some_crap_from_spanish_trans_patricio_ferrari_poem_3.txt,
2218,jh_user_10,save,joão_luís_barreto_guimarães_the_slow_song_of_allah_from_portuguese_trans_calvin_olsen_poem_5.txt,
2218,jh_user_79,save,juana_peñate_montejo_guardian_from_ch_trans_carol_rose_little_and_charlotte_friedman_poem_1.txt,
2218,jh_user_90,save,juan_carlos_mestre_cavalo_morto_from_spanish_trans_jeremy_paden_poem_1.txt,
2219,jh_user_101,save,juan_calzadilla_the_magma_must_return_from_spanish_trans_katherine_m_hedeen_and_olivia_lott_poem_5.txt,
2220,jh_user_12,save,juan_calzadilla_i_live_day_by_day_from_spanish_trans_katherine_m_hedeen_and_olivia_lott_poem_1.txt,
2221,jh_user_41,save,juan_arabia_new_poetry_from_spanish_trans_patricio_ferrari_poem_2.txt,
2221,jh_user_91,save,juan_gelman_heroes_from_spanish_trans_lisa_rose_bradford_poem_3.txt,
2222,jh_user_78,save,juan_gelman_heroes_from_spanish_trans_lisa_rose_bradford_poem_3.txt,
2223,jh_user_40,save,juan_calzadilla_with_bad_manners_from_spanish_trans_katherine_m_hedeen_and_olivia_lott_poem_4.txt,
2224,jh_user_20,save,juan_arabia_new_poetry_from_spanish_trans_patricio_ferrari_poem_2.txt,
2224,jh_user_17,save,joão_luís_barreto_guimarães_meanwhile_on_a_roman_denarius_from_portuguese_trans_calvin_olsen_poem_6.txt,
2224,jh_user_7,save,juan_gelman_for_now_from_spanish_trans_lisa_rose_bradford_poem_2.txt,
2228,jh_user_66,save,juana_peñate_montejo_fire_from_ch_trans_carol_rose_little_and_charlotte_friedman_poem_5.txt,
2229,jh_user_32,save,judith-keller_future.txt,
2229,jh_user_34,save,judith-keller_war.txt,
2230,jh_user_2,save,juana_peñate_montejo_guardian_from_ch_trans_carol_rose_little_and_charlotte_friedman_poem_1.txt,
2230,jh_user_53,save,juan_ramón_jiménez_dawn_outside_the_city_from_spanish_trans_wally_swist_poem_3.txt,
2230,jh_user_55,save,juana_peñate_montejo_escapenbsp_from_ch_trans_carol_rose_little_and_charlotte_friedman_poem_2.txt,
2231,jh_user_48,save,judita_vaičiūnaitė_store_from_lithuanian_trans_rimas_uzgiris_poem_2.txt,
2231,jh_user_81,save,julia_gjika_autumn_afternoon_from_albanian_trans_ani_gjika_poem_1.txt,
2232,jh_user_35,save,juan_gelman_for_now_from_spanish_trans_lisa_rose_bradford_poem_2.txt,
2232,jh_user_64,save,juana_peñate_montejo_escapenbsp_from_ch_trans_carol_rose_little_and_charlotte_friedman_poem_2.txt,
2235,jh_user_74,save,juan_carlos_mestre_cavalo_morto_from_spanish_trans_jeremy_paden_poem_1.txt,
2237,jh_user_73,save,julia_gjika_autumn_afternoon_from_albanian_trans_ani_gjika_poem_1.txt,
2239,jh_user_46,save,julien_gracq_a_hibernator_from_french_trans_alice_h_yang_poem_3.txt,
2240,jh_user_70,save,judith-keller_future.txt,
2241,jh_user_53,save,julien_gracq_robespierre_from_french_trans_alice_h_yang_poem_4.txt,
2241,jh_user_10,save,juana_peñate_montejo_vultures_from_ch_trans_carol_rose_little_and_charlotte_friedman_poem_6.txt,
2241,jh_user_99,save,judith-keller_future.txt,
2242,jh_user_38,save,judith-keller_war.txt,
2243,jh_user_10,save,juan_ramón_jiménez_momentary_return_from_spanish_trans_wally_swist_poem_1.txt,
2247,jh_user_65,save,juan_gelman_other_questions_from_spanish_trans_lisa_rose_bradford_poem_4.txt,
2247,jh_user_69,save,juan_carlos_mestre_some_dead_from_spanish_trans_jeremy_paden_poem_4.txt,
2248,jh_user_60,save,juan_gelman_other_questions_from_spanish_trans_lisa_rose_bradford_poem_4.txt,
2248,jh_user_94,save,juan_calzadilla_with_bad_manners_from_spanish_trans_katherine_m_hedeen_and_olivia_lott_poem_4.txt,
2249,jh_user_95,save,juan_gelman_for_now_from_spanish_trans_lisa_rose_bradford_poem_2.txt,
2250,jh_user_51,save,julia_gjika_autumn_afternoon_from_albanian_trans_ani_gjika_poem_1.txt,
2250,jh_user_76,save,juan_calzadilla_with_bad_manners_from_spanish_trans_katherine_m_hedeen_and_olivia_lott_poem_4.txt,
2253,jh_user_96,save,jón_thoroddsen_pan_from_icelandic_trans_christopher_crocker_poem_3.txt,
2254,jh_user_39,save,julia_gjika_the_boys_of_my_street_from_albanian_trans_ani_gjika_poem_2.txt,
2257,jh_user_87,save,juan_carlos_mestre_some_dead_from_spanish_trans_jeremy_paden_poem_4.txt,
2258,jh_user_55,save,judita_vaičiūnaitė_old_town_i_from_lithuanian_trans_rimas_uzgiris_poem_1.txt,
2260,jh_user_101,save,juan_carlos_mestre_some_dead_from_spanish_trans_jeremy_paden_poem_4.txt,
2260,jh_user_2,save,julien_gracq_a_hibernator_from_french_trans_alice_h_yang_poem_3.txt,
2261,jh_user_78,save,juana_peñate_montejo_this_path_from_ch_trans_carol_rose_little_and_charlotte_friedman_poem_3.txt,
2263,jh_user_90,save,juana_peñate_montejo_muted_from_ch_trans_carol_rose_little_and_charlotte_friedman_poem_7.txt,
2264,jh_user_66,save,judita_vaičiūnaitė_blue_earth_from_lithuanian_trans_rimas_uzgiris_poem_3.txt,
2265,jh_user_58,save,juana_peñate_montejo_this_path_from_ch_trans_carol_rose_little_and_charlotte_friedman_poem_3.txt,
2265,jh_user_60,save,julia_gjika_footprints_that_talk_from_albanian_trans_ani_gjika_poem_4.txt,
2267,jh_user_8,save,julia_gjika_hometown_ties_from_albanian_trans_ani_gjika_poem_3.txt,
2268,jh_user_45,save,julia_gjika_the_house_among_the_pines_from_albanian_trans_ani_gjika_poem_5.txt,
2270,jh_user_43,save,julia_gjika_the_boys_of_my_street_from_albanian_trans_ani_gjika_poem_2.txt,
2270,jh_user_55,save,juana_peñate_montejo_muted_from_ch_trans_carol_rose_little_and_charlotte_friedman_poem_7.txt,
2270,jh_user_57,save,julio_martínez_mesanza_pamplona_from_spanish_trans_don_bogen_poem_1.txt,
2272,jh_user_85,save,julio_martínez_mesanza_pamplona_from_spanish_trans_don_bogen_poem_1.txt,
2272,jh_user_54,save,jón_thoroddsen_pan_from_icelandic_trans_christopher_crocker_poem_3.txt,
2273,jh_user_96,save,julio_martínez_mesanza_so_nothing_would_be_lost_from_spanish_trans_don_bogen_poem_4.txt,
2274,jh_user_71,save,karin_fellner_in_clenched_claws_from_german_trans_zane_johnson_poem_6.txt,
2277,jh_user_20,save,julien_gracq_unattainable_from_french_trans_alice_h_yang_poem_2.txt,
2279,jh_user_22,save,juan_ramón_jiménez_the_ship_enters_opaque_and_dark_from_spanish_trans_wally_swist_poem_2.txt,
2279,jh_user_1,save,julien_gracq_unattainable_from_french_trans_alice_h_yang_poem_2.txt,
2281,jh_user_69,save,juana_peñate_montejo_muted_from_ch_trans_carol_rose_little_and_charlotte_friedman_poem_7.txt,
2282,jh_user_51,save,julio_martínez_mesanza_because_you_dont_appreciate_from_spanish_trans_don_bogen_poem_3.txt,
2282,jh_user_20,save,karin_fellner_spiritus_lines_of_volatilization_from_german_trans_zane_johnson_poem_1.txt,
2282,jh_user_15,save,jón_thoroddsen_curtains_from_icelandic_trans_christopher_crocker_poem_1.txt,
2284,jh_user_6,save,juana_peñate_montejo_this_path_from_ch_trans_carol_rose_little_and_charlotte_friedman_poem_3.txt,
2286,jh_user_55,save,kazuko_shiraishi_bird_from_japanese_trans_yumiko_tsumura_poem_2.txt,
2286,jh_user_64,save,karin_fellner_in_clenched_claws_from_german_trans_zane_johnson_poem_6.txt,
2286,jh_user_48,save,julio_martínez_mesanza_because_you_dont_appreciate_from_spanish_trans_don_bogen_poem_3.txt,
2287,jh_user_86,save,jón_thoroddsen_vita_nuova_from_icelandic_trans_christopher_crocker_poem_2.txt,
2288,jh_user_25,save,jón_thoroddsen_curtains_from_icelandic_trans_christopher_crocker_poem_1.txt,
2289,jh_user_86,save,karin_fellner_alone_from_german_trans_zane_johnson_poem_3.txt,
2292,jh_user_69,save,julio_martínez_mesanza_on_nature_iv_from_spanish_trans_don_bogen_poem_2.txt,
2293,jh_user_36,save,kazuko_shiraishi_a_person_dies_from_japanese_trans_yumiko_tsumura_poem_3.txt,
2295,jh_user_56,save,julio_martínez_mesanza_so_nothing_would_be_lost_from_spanish_trans_don_bogen_poem_4.txt,
2296,jh_user_14,save,karin_fellner_small_town_from_german_trans_zane_johnson_poem_2.txt,
2298,jh_user_55,save,katlin-kaldmaa_my-love-laughs-at-me.txt,
2298,jh_user_26,save,jón_thoroddsen_curtains_from_icelandic_trans_christopher_crocker_poem_1.txt,
2303,jh_user_41,save,kim_hyesoon_clouds_nostalgia_from_korean_trans_choi_don_mee_poem_2.txt,
2303,jh_user_24,save,julio_martínez_mesanza_on_nature_iv_from_spanish_trans_don_bogen_poem_2.txt,
2306,jh_user_46,save,julia_gjika_hometown_ties_from_albanian_trans_ani_gjika_poem_3.txt,
2307,jh_user_11,save,julien_gracq_grand_hotel_from_french_trans_alice_h_yang_poem_1.txt,
2308,jh_user_26,save,julien_gracq_grand_hotel_from_french_trans_alice_h_yang_poem_1.txt,
2308,jh_user_35,save,karin_fellner_alone_from_german_trans_zane_johnson_poem_3.txt,
2309,jh_user_99,save,karin_fellner_under_drab_skies_from_german_trans_zane_johnson_poem_4.txt,
2312,jh_user_77,save,karin_fellner_without_weight_from_german_trans_zane_johnson_poem_7.txt,
2316,jh_user_55,save,kenichi_sasō_new_forest_from_japanese_trans_noriko_hara_and_joe_delong_poem_2.txt,
2319,jh_user_34,save,katarzyna-fetlinska_survival_to-filip.txt,
2321,jh_user_2,save,karin_fellner_under_drab_skies_from_german_trans_zane_johnson_poem_4.txt,
2322,jh_user_93,save,karin_fellner_released_from_german_trans_zane_johnson_poem_5.txt,
2324,jh_user_7,save,kenichi_sasō_today_is_four_billion_years_of_personal_experience_from_japanese_trans_noriko_hara_and_joe_delong_poem_1.txt,
2324,jh_user_26,save,katlin-kaldmaa_my-love-laughs-at-me.txt,
2325,jh_user_82,save,katrina_haddad_collage_1_from_ukrainian_trans_roman_turovsky_poem_1.txt,
2326,jh_user_20,save,katrina_haddad_collage_1_from_ukrainian_trans_roman_turovsky_poem_1.txt,
2327,jh_user_88,save,karin_fellner_under_drab_skies_from_german_trans_zane_johnson_poem_4.txt,
2328,jh_user_6,save,kim_hyesoon_democracy_on_the_edges_of_donggu_from_korean_trans_cindy_juyoung_ok_poem_3.txt,
2328,jh_user_47,save,kim_hyesoon_procession_from_korean_trans_cindy_juyoung_ok_poem_1.txt,
2328,jh_user_32,save,katarzyna-fetlinska_kitchen-revolutions_to-ninia.txt,
2328,jh_user_37,save,katariina-vuorinen_on-predicting-catastrophes.txt,
2330,jh_user_63,save,kim_hyesoon_procession_from_korean_trans_cindy_juyoung_ok_poem_1.txt,
2331,jh_user_32,save,katariina-vuorinen_what-fills-up-our-heads-the-moon-and-everything.txt,
2331,jh_user_61,save,katlin-kaldmaa_my-love-laughs-at-me.txt,
2332,jh_user_91,save,kim_myongsun_on_evenings_as_calm_as_silk_from_korean_trans_eunice_lee_poem_1.txt,
2334,jh_user_25,save,kim_myongsun_on_evenings_as_calm_as_silk_from_korean_trans_eunice_lee_poem_1.txt,
2335,jh_user_71,save,kim_hyesoon_the_way_mommy_bear_eats_a_swarm_of_fire_ants_from_korean_trans_choi_don_mee_poem_1.txt,
2336,jh_user_83,save,kenichi_sasō_today_is_four_billion_years_of_personal_experience_from_japanese_trans_noriko_hara_and_joe_delong_poem_1.txt,
2337,jh_user_17,save,kim_hyesoon_the_way_mommy_bear_eats_a_swarm_of_fire_ants_from_korean_trans_choi_don_mee_poem_1.txt,
2337,jh_user_99,save,kim_hyesoon_the_way_mommy_bear_eats_a_swarm_of_fire_ants_from_korean_trans_choi_don_mee_poem_1.txt,
2338,jh_user_26,save,kazuko_shiraishi_by_the_hudson_river_from_japanese_trans_yumiko_tsumura_poem_1.txt,
2338,jh_user_65,save,karin_fellner_released_from_german_trans_zane_johnson_poem_5.txt,
2339,jh_user_95,save,karin_fellner_without_weight_from_german_trans_zane_johnson_poem_7.txt,
2340,jh_user_12,save,kazuko_shiraishi_by_the_hudson_river_from_japanese_trans_yumiko_tsumura_poem_1.txt,
2341,jh_user_25,save,katlin-kaldmaa_my-swiss-lover.txt,
2342,jh_user_13,save,kim_hyesoon_my_free_market_from_korean_trans_choi_don_mee_poem_3.txt,
2343,jh_user_30,save,katrina_haddad_collage_1_from_ukrainian_trans_roman_turovsky_poem_1.txt,
2345,jh_user_62,save,kenichi_sasō_new_forest_from_japanese_trans_noriko_hara_and_joe_delong_poem_2.txt,
2347,jh_user_68,save,kim_kyung_ju_the_ganges_in_my_walkman_from_korean_trans_jake_levine_and_jung_hiyeon_poem_1.txt,
2347,jh_user_7,save,kazuko_shiraishi_by_the_hudson_river_from_japanese_trans_yumiko_tsumura_poem_1.txt,
2351,jh_user_39,save,kim_myongsun_road_from_korean_trans_eunice_lee_poem_5.txt,
2354,jh_user_38,save,katariina-vuorinen_on-predicting-catastrophes.txt,
2354,jh_user_80,save,katariina-vuorinen_what-fills-up-our-heads-the-moon-and-everything.txt,
2354,jh_user_90,save,kenichi_sasō_blue_from_japanese_trans_noriko_hara_and_joe_delong_poem_3.txt,
2354,jh_user_82,save,kenichi_sasō_blue_from_japanese_trans_noriko_hara_and_joe_delong_poem_3.txt,
2355,jh_user_76,save,kim_kyung_ju_the_ganges_in_my_walkman_from_korean_trans_jake_levine_and_jung_hiyeon_poem_1.txt,
2357,jh_user_47,save,kim_hyesoon_after_all_the_birds_have_gone_from_korean_trans_cindy_juyoung_ok_poem_6.txt,
2357,jh_user_27,save,kim_kyung_ju_touch_of_from_korean_trans_jake_levine_and_jung_hiyeon_poem_2.txt,
2358,jh_user_75,save,kim_kyung_ju_touch_of_from_korean_trans_jake_levine_and_jung_hiyeon_poem_2.txt,
2358,jh_user_78,save,kim_hyesoon_my_free_market_from_korean_trans_choi_don_mee_poem_3.txt,
2359,jh_user_88,save,kinga-toth_party-continued.txt,
2359,jh_user_6,save,kim_myongsun_blue_dome_from_korean_trans_eunice_lee_poem_2.txt,
2361,jh_user_36,save,kim_hyesoon_after_all_the_birds_have_gone_from_korean_trans_cindy_juyoung_ok_poem_6.txt,
2362,jh_user_58,save,kim_myongsun_on_evenings_as_calm_as_silk_from_korean_trans_eunice_lee_poem_1.txt,
2362,jh_user_76,save,kitasono_katsue_semiotic_theory_from_japanese_trans_kevin_michael_smith_poem_2.txt,
2363,jh_user_81,save,kim_myongsun_a_modern_poem_from_korean_trans_eunice_lee_poem_4.txt,
2363,jh_user_35,save,klaus_merz_wiepersdorf_later_from_german_trans_marc_vincenz_poem_3.txt,
2364,jh_user_13,save,kim_hyesoon_the_hell_of_that_star_from_korean_trans_cindy_juyoung_ok_poem_5.txt,
2364,jh_user_85,save,kim_hyesoon_madame_sun_eating_van_gogh_eating_from_korean_trans_cindy_juyoung_ok_poem_2.txt,
2369,jh_user_44,save,kim_myongsun_road_from_korean_trans_eunice_lee_poem_5.txt,
2370,jh_user_100,save,kim_kyung_ju_the_ganges_in_my_walkman_from_korean_trans_jake_levine_and_jung_hiyeon_poem_1.txt,
2370,jh_user_92,save,kim_yideum_closing_credits_from_korean_trans_jiyoon_lee_poem_1.txt,
2371,jh_user_79,save,ko_un_confession_from_korean_trans_soyoung_park_poem_5.txt,
2373,jh_user_93,save,kim_myongsun_road_from_korean_trans_eunice_lee_poem_5.txt,
2374,jh_user_35,save,kitasono_katsue_doll_pistol_and_balloon_from_japanese_trans_kevin_michael_smith_poem_3.txt,
2374,jh_user_22,save,kim_yideum_the_guitarist_on_the_street_from_korean_trans_jiyoon_lee_poem_2.txt,
2375,jh_user_20,save,kim_myongsun_thinking_of_unni_from_korean_trans_eunice_lee_poem_3.txt,
2376,jh_user_36,save,kim_kyung_ju_touch_of_from_korean_trans_jake_levine_and_jung_hiyeon_poem_2.txt,
2381,jh_user_6,save,king_lear_pump_theatre.txt,
2383,jh_user_3,save,kim_yideum_the_guitarist_on_the_street_from_korean_trans_jiyoon_lee_poem_2.txt,
2384,jh_user_27,save,kitasono_katsue_doll_pistol_and_balloon_from_japanese_trans_kevin_michael_smith_poem_3.txt,
2386,jh_user_18,save,ko_un_confession_from_korean_trans_soyoung_park_poem_5.txt,
2387,jh_user_64,save,kinga-toth_party-continued.txt,
2388,jh_user_6,save,klaus_merz_the_brünner_girls_from_german_trans_marc_vincenz_poem_2.txt,
2388,jh_user_53,save,ko_un_confession_from_korean_trans_soyoung_park_poem_5.txt,
2388,jh_user_33,save,kim_yideum_a_sealed_woman_from_korean_trans_jiyoon_lee_poem_3.txt,
2389,jh_user_51,save,kinga-toth_party-continued.txt,
2389,jh_user_37,save,kim_hyesoon_moms_meal_preparation_from_korean_trans_cindy_juyoung_ok_poem_4.txt,
2389,jh_user_6,save,kim_myongsun_thinking_of_unni_from_korean_trans_eunice_lee_poem_3.txt,
2389,jh_user_98,save,kim_yideum_a_sealed_woman_from_korean_trans_jiyoon_lee_poem_3.txt,
2390,jh_user_16,save,klaus_merz_pinacoteca_from_german_trans_marc_vincenz_poem_1.txt,
2390,jh_user_73,save,king_lear_pump_theatre.txt,
2391,jh_user_65,save,kitasono_katsue_waltz_53_from_japanese_trans_kevin_michael_smith_poem_1.txt,
2392,jh_user_56,save,kim_yideum_closing_credits_from_korean_trans_jiyoon_lee_poem_1.txt,
2393,jh_user_57,save,kinga-toth_party.txt,
2394,jh_user_72,save,kim_yideum_a_sealed_woman_from_korean_trans_jiyoon_lee_poem_3.txt,
2394,jh_user_91,save,kitasono_katsue_waltz_53_from_japanese_trans_kevin_michael_smith_poem_1.txt,
2396,jh_user_82,save,klaus_merz_the_brünner_girls_from_german_trans_marc_vincenz_poem_2.txt,
2396,jh_user_16,save,kim_yideum_closing_credits_from_korean_trans_jiyoon_lee_poem_1.txt,
2397,jh_user_38,save,klaus_merz_ascension_from_german_trans_marc_vincenz_poem_4.txt,
2398,jh_user_17,save,kim_myongsun_thinking_of_unni_from_korean_trans_eunice_lee_poem_3.txt,
2401,jh_user_72,save,kings_of_the_road_scene.txt,
2402,jh_user_100,save,kings_of_the_road_scene.txt,
2403,jh_user_29,save,klaus_merz_pinacoteca_from_german_trans_marc_vincenz_poem_1.txt,
2404,jh_user_65,save,kim_yideum_the_guitarist_on_the_street_from_korean_trans_jiyoon_lee_poem_2.txt,
2406,jh_user_27,save,klute.txt,
2408,jh_user_78,save,ko_un_a_long_night_from_korean_trans_brother_anthony_of_taizé_and_lee_sangwha_poem_4.txt,
2408,jh_user_59,save,kitasono_katsue_waltz_53_from_japanese_trans_kevin_michael_smith_poem_1.txt,
2410,jh_user_24,save,kornélia_deres_aquatic_creatures_from_hungarian_trans_timea_balogh_poem_1.txt,
2410,jh_user_24,save,kitasono_katsue_doll_pistol_and_balloon_from_japanese_trans_kevin_michael_smith_poem_3.txt,
2413,jh_user_32,save,klute.txt,
2414,jh_user_94,save,kári_tulinius_life_circles_the_end_from_icelandic_trans_larissa_kyzer_poem_1.txt,
2417,jh_user_55,save,kornélia_deres_spectator_zero_shadow_from_hungarian_trans_timea_balogh_poem_3.txt,
2417,jh_user_81,save,ko_un_the_himalayas_from_korean_trans_brother_anthony_of_taizé_and_lee_sangwha_poem_2.txt,
2419,jh_user_37,save,kornélia_deres_aquatic_creatures_from_hungarian_trans_timea_balogh_poem_1.txt,
2419,jh_user_42,save,ko_un_a_long_night_from_korean_trans_brother_anthony_of_taizé_and_lee_sangwha_poem_4.txt,
2422,jh_user_22,save,klaus_merz_pinacoteca_from_german_trans_marc_vincenz_poem_1.txt,
2422,jh_user_51,save,ko_un_the_himalayas_from_korean_trans_brother_anthony_of_taizé_and_lee_sangwha_poem_2.txt,
2423,jh_user_83,save,kornélia_deres_the_wolf_from_fargo_from_hungarian_trans_timea_balogh_poem_5.txt,
2424,jh_user_73,save,kornelia_koepsell_elsbeth_from_german_trans_marielle_sutherland_and_kornelia_koepsell_poem_1.txt,
2427,jh_user_48,save,ko_un_your_pilgrimage_from_korean_trans_brother_anthony_of_taizé_and_lee_sangwha_poem_1.txt,
2428,jh_user_69,save,klute.txt,
2428,jh_user_83,save,kornélia_deres_aquatic_creatures_from_hungarian_trans_timea_balogh_poem_1.txt,
2428,jh_user_46,save,ko_un_grave_from_korean_trans_soyoung_park_poem_2.txt,
2429,jh_user_14,save,kári_tulinius_vanishings_of_snæfellsjökull_glacier_from_icelandic_trans_larissa_kyzer_poem_4.txt,
2429,jh_user_81,save,lalbihari_sharma_chautal_2_from_awadhi_trans_rajiv_mohabir_poem_2.txt,
2430,jh_user_70,save,lalbihari_sharma_chautal_2_from_awadhi_trans_rajiv_mohabir_poem_2.txt,
2431,jh_user_93,save,ko_un_your_pilgrimage_from_korean_trans_brother_anthony_of_taizé_and_lee_sangwha_poem_1.txt,
2431,jh_user_6,save,kári_tulinius_upon_seeing_snæfellsjökull_glacier_from_an_idling_bus_from_icelandic_trans_larissa_kyzer_poem_3.txt,
2432,jh_user_93,save,ko_un_night_of_the_moon_from_korean_trans_soyoung_park_poem_4.txt,
2433,jh_user_42,save,ko_un_stories_from_korean_trans_brother_anthony_of_taizé_and_lee_sangwha_poem_3.txt,
2433,jh_user_29,save,ko_un_grave_from_korean_trans_soyoung_park_poem_2.txt,
2434,jh_user_2,save,ko_un_grave_from_korean_trans_soyoung_park_poem_2.txt,
2435,jh_user_32,save,kári_tulinius_upon_seeing_snæfellsjökull_glacier_from_an_idling_bus_from_icelandic_trans_larissa_kyzer_poem_3.txt,
2435,jh_user_35,save,lalbihari_sharma_chautal_2_from_awadhi_trans_rajiv_mohabir_poem_2.txt,
2436,jh_user_50,save,laura_campmany_iii_from_spanish_trans_emily_toder_poem_5.txt,
2436,jh_user_97,save,ko_un_the_himalayas_from_korean_trans_brother_anthony_of_taizé_and_lee_sangwha_poem_2.txt,
2437,jh_user_29,save,ko_un_stories_from_korean_trans_brother_anthony_of_taizé_and_lee_sangwha_poem_3.txt,
2438,jh_user_82,save,ko_un_places_to_visit_from_korean_trans_soyoung_park_poem_3.txt,
2438,jh_user_48,save,ko_un_a_long_night_from_korean_trans_brother_anthony_of_taizé_and_lee_sangwha_poem_4.txt,
2439,jh_user_92,save,laura_campmany_iii_from_spanish_trans_emily_toder_poem_5.txt,
2442,jh_user_78,save,laura_campmany_x_from_spanish_trans_emily_toder_poem_7.txt,
2443,jh_user_17,save,kári_tulinius_upon_seeing_snæfellsjökull_glacier_from_an_idling_bus_from_icelandic_trans_larissa_kyzer_poem_3.txt,
2443,jh_user_69,save,ko_un_love_is_in_want_of_love_from_korean_trans_soyoung_park_poem_1.txt,
2444,jh_user_24,save,kornelia_koepsell_doris_from_german_trans_marielle_sutherland_and_kornelia_koepsell_poem_2.txt,
2444,jh_user_59,save,kornelia_koepsell_doris_from_german_trans_marielle_sutherland_and_kornelia_koepsell_poem_2.txt,
2445,jh_user_8,save,lalbihari_sharma_chautal_1_from_awadhi_trans_rajiv_mohabir_poem_1.txt,
2445,jh_user_2,save,kári_tulinius_vanishings_of_snæfellsjökull_glacier_from_icelandic_trans_larissa_kyzer_poem_4.txt,
2446,jh_user_80,save,laura_vazquez_i_bring_you_the_honey_from_french_trans_limited_connection_collective_poem_3.txt,
2447,jh_user_50,save,kári_tulinius_snowsound_from_icelandic_trans_larissa_kyzer_poem_2.txt,
2448,jh_user_13,save,kári_tulinius_snowsound_from_icelandic_trans_larissa_kyzer_poem_2.txt,
2450,jh_user_51,save,kornélia_deres_binding_orders_from_hungarian_trans_timea_balogh_poem_2.txt,
2450,jh_user_52,save,kornélia_deres_the_wolf_from_fargo_from_hungarian_trans_timea_balogh_poem_5.txt,
2451,jh_user_9,save,kornélia_deres_halogen_half_from_hungarian_trans_timea_balogh_poem_4.txt,
2452,jh_user_56,save,ko_un_your_pilgrimage_from_korean_trans_brother_anthony_of_taizé_and_lee_sangwha_poem_1.txt,
2454,jh_user_49,save,kári_tulinius_snowsound_from_icelandic_trans_larissa_kyzer_poem_2.txt,
2455,jh_user_70,save,lalbihari_sharma_chautal_3_from_awadhi_trans_rajiv_mohabir_poem_3.txt,
2455,jh_user_46,save,laura_campmany_i_from_spanish_trans_emily_toder_poem_4.txt,
2457,jh_user_18,save,l'avventura_revolution.txt,
2458,jh_user_77,save,kári_tulinius_vanishings_of_snæfellsjökull_glacier_from_icelandic_trans_larissa_kyzer_poem_4.txt,
2458,jh_user_66,save,lalbihari_sharma_chautal_4_from_awadhi_trans_rajiv_mohabir_poem_4.txt,
2458,jh_user_88,save,laura_vazquez_i_bring_you_the_honey_from_french_trans_limited_connection_collective_poem_3.txt,
2458,jh_user_40,save,la_notte.txt,
2459,jh_user_30,save,laura_campmany_i_from_spanish_trans_emily_toder_poem_2.txt,
2459,jh_user_85,save,laura_vazquez_nbsp_from_french_trans_limited_connection_collective_poem_2.txt,
2459,jh_user_19,save,laura_campmany_i_from_spanish_trans_emily_toder_poem_4.txt,
2460,jh_user_88,save,laura_campmany_iii_from_spanish_trans_emily_toder_poem_5.txt,
2460,jh_user_81,save,ko_un_places_to_visit_from_korean_trans_soyoung_park_poem_3.txt,
2462,jh_user_47,save,laura_campmany_who_says_joy_from_spanish_trans_emily_toder_poem_1.txt,
2462,jh_user_39,save,laura_vazquez_i_bring_you_the_honey_from_french_trans_limited_connection_collective_poem_3.txt,
2463,jh_user_33,save,ko_un_places_to_visit_from_korean_trans_soyoung_park_poem_3.txt,
2465,jh_user_30,save,laure_gauthier_my_mouth_full_of_your_wordsnbsp_nbsp_am_a_story_from_french_trans_christopher_alexander_kostritsky_gellert_poem_15.txt,
2466,jh_user_64,save,laura_vazquez_nbsp_from_french_trans_limited_connection_collective_poem_2.txt,
2469,jh_user_55,save,laura_vazquez_as_invisible_things_from_french_trans_limited_connection_collective_poem_5.txt,
2470,jh_user_57,save,la_notte.txt,
2470,jh_user_1,save,lalbihari_sharma_chautal_5_from_awadhi_trans_rajiv_mohabir_poem_5.txt,
2472,jh_user_29,save,laura_campmany_vii_from_spanish_trans_emily_toder_poem_6.txt,
2475,jh_user_18,save,laure_gauthier_house_3_from_french_trans_christopher_alexander_kostritsky_gellert_poem_13.txt,
2476,jh_user_10,save,laura_vazquez_the_shape_of_my_forest_from_french_trans_limited_connection_collective_poem_1.txt,
2476,jh_user_101,save,laura_vazquez_the_shape_of_my_forest_from_french_trans_limited_connection_collective_poem_1.txt,
2476,jh_user_50,save,laure_gauthier_and_the_punctured_child_is_lighter_than_the_dead_child_from_french_trans_christopher_alexander_kostritsky_gellert_poem_14.txt,
2479,jh_user_21,save,la_notte.txt,
2484,jh_user_84,save,laure_gauthier_house_3_from_french_trans_christopher_alexander_kostritsky_gellert_poem_13.txt,
2484,jh_user_69,save,laure_gauthier_my_mouth_full_of_your_wordsnbsp_nbsp_am_a_story_from_french_trans_christopher_alexander_kostritsky_gellert_poem_15.txt,
2487,jh_user_1,save,laura_vazquez_the_shape_of_my_forest_from_french_trans_limited_connection_collective_poem_1.txt,
2489,jh_user_61,save,laure_gauthier_walk_1_from_french_trans_christopher_alexander_kostritsky_gellert_poem_1.txt,
2495,jh_user_24,save,laura_vazquez_as_the_honey_the_wine_the_milk_from_french_trans_limited_connection_collective_poem_4.txt,
2496,jh_user_47,save,laure_gauthier_shavings_from_the_all_of_them_knocked_from_french_trans_christopher_alexander_kostritsky_gellert_poem_4.txt,
2498,jh_user_41,save,laure_gauthier_house_1_from_french_trans_christopher_alexander_kostritsky_gellert_poem_7.txt,
2498,jh_user_101,save,laure_gauthier_clamourless_the_house_of_silence_flies_off_from_french_trans_christopher_alexander_kostritsky_gellert_poem_6.txt,
2501,jh_user_19,save,laure_gauthier_coming_outnbsp_nbsp_nbsp_remembering_clouds_from_french_trans_christopher_alexander_kostritsky_gellert_poem_2.txt,
2501,jh_user_68,save,laure_gauthier_onbsp_nbsp_nbsp_listen_to_the_poetry_of_the_childcloset_from_french_trans_christopher_alexander_kostritsky_gellert_poem_12.txt,
2502,jh_user_46,save,laure_gauthier_house_1_from_french_trans_christopher_alexander_kostritsky_gellert_poem_7.txt,
2503,jh_user_71,save,laure_gauthier_you_have_tattooed_all_the_messagesnbsp_nbsp_nbsp_have_become_the_window_of_from_french_trans_christopher_alexander_kostritsky_gellert_poem_8.txt,
2504,jh_user_12,save,laure_gauthier_coming_outnbsp_nbsp_nbsp_remembering_clouds_from_french_trans_christopher_alexander_kostritsky_gellert_poem_2.txt,
2504,jh_user_96,save,leanne_ellul_on_blue_from_maltese_trans_albert_gatt_poem_1.txt,
2505,jh_user_10,save,laura_campmany_where_absence_from_spanish_trans_emily_toder_poem_3.txt,
2508,jh_user_18,save,laure_gauthier_walk_1_from_french_trans_christopher_alexander_kostritsky_gellert_poem_1.txt,
2509,jh_user_15,save,laure_gauthier_walk_1_from_french_trans_christopher_alexander_kostritsky_gellert_poem_1.txt,
2510,jh_user_54,save,laure_gauthier_onbsp_nbsp_nbsp_listen_to_the_poetry_of_the_childcloset_from_french_trans_christopher_alexander_kostritsky_gellert_poem_12.txt,
2512,jh_user_27,save,laure_gauthier_your_absences_from_french_trans_christopher_alexander_kostritsky_gellert_poem_9.txt,
2513,jh_user_36,save,laure_gauthier_coming_outnbsp_nbsp_nbsp_remembering_clouds_from_french_trans_christopher_alexander_kostritsky_gellert_poem_2.txt,
2513,jh_user_77,save,laura_vazquez_as_the_honey_the_wine_the_milk_from_french_trans_limited_connection_collective_poem_4.txt,
2515,jh_user_18,save,lee_jenny_everything_in_the_living_room_from_korean_trans_jaewon_che_poem_1.txt,
2518,jh_user_9,save,laure_gauthier_clamourless_the_house_of_silence_flies_off_from_french_trans_christopher_alexander_kostritsky_gellert_poem_6.txt,
2520,jh_user_47,save,lee_hyemi_receiving_the_runny_red_gem_from_korean_trans_so_j_lee_poem_4.txt,
2521,jh_user_3,save,laure_gauthier_she_fell_asleep_to_the_emptiness_of_their_sounds_from_french_trans_christopher_alexander_kostritsky_gellert_poem_11.txt,
2523,jh_user_46,save,laura_campmany_where_absence_from_spanish_trans_emily_toder_poem_3.txt,
2524,jh_user_71,save,laure_gauthier_like_the_blind_representing_the_circle_from_french_trans_christopher_alexander_kostritsky_gellert_poem_3.txt,
2524,jh_user_64,save,laure_gauthier_like_the_blind_representing_the_circle_from_french_trans_christopher_alexander_kostritsky_gellert_poem_3.txt,
2526,jh_user_59,save,lee_sungmi_shut_lips_from_korean_trans_gwee_li_sui_poem_1.txt,
2526,jh_user_28,save,lee_youngju_book_club_from_korean_trans_jae_kim_poem_3.txt,
2527,jh_user_62,save,laure_gauthier_clamourless_the_house_of_silence_flies_off_from_french_trans_christopher_alexander_kostritsky_gellert_poem_6.txt,
2528,jh_user_97,save,lee_jenny_there_is_a_black_sheep_from_korean_trans_jaewon_che_poem_5.txt,
2529,jh_user_5,save,lee_jenny_there_is_a_black_sheep_from_korean_trans_jaewon_che_poem_5.txt,
2529,jh_user_96,save,lee_jenny_everything_in_the_living_room_from_korean_trans_jaewon_che_poem_1.txt,
2531,jh_user_62,save,lee_hyemi_lalala_cherries_from_korean_trans_so_j_lee_poem_5.txt,
2532,jh_user_92,save,laure_gauthier_onbsp_nbsp_nbsp_listen_to_the_poetry_of_the_childcloset_from_french_trans_christopher_alexander_kostritsky_gellert_poem_12.txt,
2534,jh_user_53,save,lee_jenny_moon_and_stone_from_korean_trans_jaewon_che_poem_2.txt,
2537,jh_user_52,save,lee_youngju_book_club_from_korean_trans_jae_kim_poem_3.txt,
2538,jh_user_38,save,laure_gauthier_walled_up__without_experience__pure_heart__first_verb__poetry_from_french_trans_christopher_alexander_kostritsky_gellert_poem_5.txt,
2538,jh_user_37,save,lee_jenny_spiral_sensation_from_korean_trans_jaewon_che_poem_4.txt,
2539,jh_user_4,save,leeladhar_jagoori_the_waiting_place_from_hindi_trans_matt_reeck_poem_1.txt,
2539,jh_user_89,save,laure_gauthier_house_2_from_french_trans_christopher_alexander_kostritsky_gellert_poem_10.txt,
2539,jh_user_35,save,leeladhar_jagoori_affairs_of_the_heart_from_hindi_trans_matt_reeck_poem_3.txt,
2540,jh_user_10,save,lee_hyemi_lalala_cherries_from_korean_trans_so_j_lee_poem_5.txt,
2540,jh_user_90,save,leanne_ellul_on_there_from_maltese_trans_albert_gatt_poem_2.txt,
2541,jh_user_93,save,lee_jenny_moon_and_stone_from_korean_trans_jaewon_che_poem_2.txt,
2541,jh_user_53,save,laure_gauthier_house_2_from_french_trans_christopher_alexander_kostritsky_gellert_poem_10.txt,
2542,jh_user_92,save,lee_sungmi_shut_lips_from_korean_trans_gwee_li_sui_poem_1.txt,
2542,jh_user_89,save,lee_jenny_spiral_sensation_from_korean_trans_jaewon_che_poem_4.txt,
2543,jh_user_4,save,lee_hyemi_erasable_seeds_from_korean_trans_so_j_lee_poem_2.txt,
2544,jh_user_2,save,lee_jenny_spiral_sensation_from_korean_trans_jaewon_che_poem_4.txt,
2544,jh_user_100,save,leeladhar_jagoori_the_waiting_place_from_hindi_trans_matt_reeck_poem_1.txt,
2546,jh_user_32,save,lee_hyemi_unexpected_vanilla_from_korean_trans_so_j_lee_poem_3.txt,
2546,jh_user_71,save,lee_sungmi_shut_lips_from_korean_trans_gwee_li_sui_poem_1.txt,
2546,jh_user_90,save,lee_hyemi_half_the_blood_from_korean_trans_so_j_lee_poem_1.txt,
2547,jh_user_94,save,lee_hyemi_erasable_seeds_from_korean_trans_so_j_lee_poem_2.txt,
2547,jh_user_43,save,leeladhar_jagoori_the_waiting_place_from_hindi_trans_matt_reeck_poem_1.txt,
2547,jh_user_9,save,legend.txt,
2548,jh_user_80,save,lee_youngju_book_club_from_korean_trans_jae_kim_poem_3.txt,
2548,jh_user_67,save,lee_sungmi_the_secret_from_korean_trans_gwee_li_sui_poem_2.txt,
2548,jh_user_98,save,lee_jenny_clouds_and_dog_from_korean_trans_jaewon_che_poem_3.txt,
2550,jh_user_78,save,lee_jenny_there_is_a_black_sheep_from_korean_trans_jaewon_che_poem_5.txt,
2551,jh_user_51,save,lee_sungmi_i_write_down_from_korean_trans_gwee_li_sui_poem_4.txt,
2552,jh_user_30,save,lee_sungmi_the_moon_and_the_stone_from_korean_trans_gwee_li_sui_poem_3.txt,
2556,jh_user_96,save,lee_youngju_in_the_summer_from_korean_trans_jae_kim_poem_4.txt,
2561,jh_user_7,save,leonardo_sanhueza_louis_viande_from_spanish_trans_tim_benjamin_poem_3.txt,
2562,jh_user_46,save,lieke_marsman_poetry_from_dutch_trans_sophie_collins_poem_1.txt,
2564,jh_user_12,save,lee_sungmi_the_secret_from_korean_trans_gwee_li_sui_poem_2.txt,
2566,jh_user_28,save,legend.txt,
2568,jh_user_75,save,lee_hyemi_lalala_cherries_from_korean_trans_so_j_lee_poem_5.txt,
2569,jh_user_22,save,lee_youngju_the_ritual_to_come_of_age_from_korean_trans_jae_kim_poem_2.txt,
2569,jh_user_5,save,leonard_tuchilatu_war_from_romanian_trans_irina_hrinoschi_poem_1.txt,
2569,jh_user_91,save,lee_sungmi_the_moon_and_the_stone_from_korean_trans_gwee_li_sui_poem_3.txt,
2573,jh_user_73,save,lee_jenny_as_we_walked_we_became_light_from_korean_trans_jaewon_che_poem_6.txt,
2573,jh_user_7,save,lee_youngju_the_ritual_to_come_of_age_from_korean_trans_jae_kim_poem_2.txt,
2575,jh_user_101,save,limam_boicha_existence_from_spanish_trans_joseph_mulligan_poem_3.txt,
2575,jh_user_62,save,liliana_ponce_day_12_from_spanish_trans_michael_martin_shea_poem_7.txt,
2576,jh_user_89,save,lee_youngju_mamas_marmalade_from_korean_trans_jae_kim_poem_1.txt,
2577,jh_user_17,save,lieke_marsman_poetry_from_dutch_trans_sophie_collins_poem_1.txt,
2580,jh_user_97,save,lieke_marsman_because_i_was_the_hero_from_dutch_trans_sophie_collins_poem_3.txt,
2581,jh_user_60,save,lee_youngju_mamas_marmalade_from_korean_trans_jae_kim_poem_1.txt,
2582,jh_user_90,save,lieke_marsman_poetry_from_dutch_trans_sophie_collins_poem_1.txt,
2584,jh_user_40,save,leonardo_sanhueza_rudolph_philippi_from_spanish_trans_tim_benjamin_poem_2.txt,
2584,jh_user_73,save,leonardo_sanhueza_buy_and_sell_from_spanish_trans_tim_benjamin_poem_1.txt,
2585,jh_user_14,save,legend.txt,
2586,jh_user_10,save,lee_youngju_mamas_marmalade_from_korean_trans_jae_kim_poem_1.txt,
2587,jh_user_37,save,lieke_marsman_because_i_was_the_hero_from_dutch_trans_sophie_collins_poem_3.txt,
2589,jh_user_64,save,limam_boicha_existence_from_spanish_trans_joseph_mulligan_poem_3.txt,
2591,jh_user_76,save,liliana_ponce_day_12_from_spanish_trans_michael_martin_shea_poem_7.txt,
2591,jh_user_81,save,liliana_ponce_day_2_from_spanish_trans_michael_martin_shea_poem_1.txt,
2593,jh_user_71,save,leonard_tuchilatu_maybe_someday_youd_like_from_romanian_trans_irina_hrinoschi_poem_2.txt,
2596,jh_user_13,save,liliana_ponce_day_11_from_spanish_trans_michael_martin_shea_poem_6.txt,
2598,jh_user_10,save,leeladhar_jagoori_for_tomorrow_from_hindi_trans_matt_reeck_poem_2.txt,
2598,jh_user_12,save,limam_boicha_existence_from_spanish_trans_joseph_mulligan_poem_3.txt,
2600,jh_user_80,save,liliana_ponce_day_8_from_spanish_trans_michael_martin_shea_poem_5.txt,
2600,jh_user_31,save,leonard_tuchilatu_war_from_romanian_trans_irina_hrinoschi_poem_1.txt,
2600,jh_user_35,save,leonard_tuchilatu_war_from_romanian_trans_irina_hrinoschi_poem_1.txt,
2601,jh_user_41,save,lieke_marsman_man_with_hat_3_from_dutch_trans_sophie_collins_poem_2.txt,
2604,jh_user_65,save,liliana_ponce_day_11_from_spanish_trans_michael_martin_shea_poem_6.txt,
2604,jh_user_66,save,ljubomir_micić_nbsp_nbsp_nbsp_nbsp_nbsp_nbsp_nbsp_nbsp_nbsp_nbsp_nbsp_nbsp_nbsp_nbsp_nbsp_nbsp_nbsp_nbsp_nbsp_nbsp_nbsp_nbsp_nbsp_room_left_from_serbo_trans_suzana_vuljevic_poem_2.txt,
2606,jh_user_34,save,ljubomir_micić_nbsp_nbsp_nbsp_nbsp_nbsp_nbsp_nbsp_nbsp_nbsp_nbsp_nbsp_nbsp_nbsp_nbsp_nbsp_nbsp_nbsp_nbsp_nbsp_nbsp_nbspthe_balkan_man_from_serbo_trans_suzana_vuljevic_poem_4.txt,
2606,jh_user_53,save,ljubomir_micić_nbsp_nbsp_nbsp_nbsp_nbsp_nbsp_nbsp_nbsp_nbsp_nbsp_nbsp_nbsp_nbsp_nbsp_nbsp_nbsp_nbsp_nbsp_nbsp_nbsp_nbsp_nbsp_nbsp_nbsp_nbsp_nbspfor_from_serbo_trans_suzana_vuljevic_poem_3.txt,
2608,jh_user_24,save,lothar_quinkenstein_august_from_german_trans_yanara_friedland_poem_1.txt,
2610,jh_user_73,save,lily-michaelides_mediterranean.txt,
2611,jh_user_30,save,liliana_ponce_day_4_from_spanish_trans_michael_martin_shea_poem_2.txt,
2612,jh_user_28,save,liliana_ponce_day_4_from_spanish_trans_michael_martin_shea_poem_2.txt,
2614,jh_user_44,save,liliana_ponce_day_6_from_spanish_trans_michael_martin_shea_poem_4.txt,
2618,jh_user_38,save,limam_boicha_the_roads_of_the_south_from_spanish_trans_joseph_mulligan_poem_1.txt,
2620,jh_user_19,save,limam_boicha_boughs_of_thirst_from_spanish_trans_joseph_mulligan_poem_2.txt,
2620,jh_user_46,save,ljubomir_micić_anew_from_serbo_trans_suzana_vuljevic_poem_11.txt,
2622,jh_user_11,save,ljubomir_micić_nbsp_nbsp_nbsp_nbsp_nbsp_nbsp_nbsp_nbsp_nbsp_nbsp_nbsp_nbsp_nbsp_nbsp_nbsp_nbsp_nbsp_nbsp_nbsp_nbsp_nbsp_nbsp_nbspis_there_any_from_serbo_trans_suzana_vuljevic_poem_1.txt,
2622,jh_user_56,save,liliana_ponce_day_8_from_spanish_trans_michael_martin_shea_poem_5.txt,
2623,jh_user_47,save,ljubomir_micić_nbsp_nbsp_nbsp_nbsp_nbsp_nbsp_nbsp_nbsp_nbsp_nbsp_nbsp_nbsp_nbsp_nbsp_nbsp_nbsp_nbsp_nbsp_nbsp_nbsp_nbsp_nbsp_nbsp_room_left_from_serbo_trans_suzana_vuljevic_poem_2.txt,
2624,jh_user_16,save,ljubomir_micić_bitter_is_the_fruit_of_civilization_from_serbo_trans_suzana_vuljevic_poem_12.txt,
2624,jh_user_90,save,lothar_quinkenstein_march_from_german_trans_yanara_friedland_poem_3.txt,
2624,jh_user_61,save,luciany_aparecida_anas_dance_from_portuguese_trans_elisa_wouk_almino_poem_4.txt,
2627,jh_user_12,save,ljubomir_micić_anew_from_serbo_trans_suzana_vuljevic_poem_11.txt,
2627,jh_user_99,save,lothar_quinkenstein_beyond_the_river_from_german_trans_yanara_friedland_poem_2.txt,
2628,jh_user_88,save,ljubomir_micić_nbsp_nbsp_nbsp_nbsp_nbsp_nbsp_nbsp_nbsp_nbsp_nbsp_nbsp_nbsp_nbsp_nbsp_nbsp_nbsp_nbsp_nbsp_nbsp_nbsp_nbsp_nbsp_nbspis_there_any_from_serbo_trans_suzana_vuljevic_poem_1.txt,
2628,jh_user_69,save,lolita_agamalova_dilige_et_quod_vis_fac_from_russian_trans_eugene_ostashevsky_and_ainsley_morse_poem_1.txt,
2628,jh_user_78,save,liliana_ponce_day_5_from_spanish_trans_michael_martin_shea_poem_3.txt,
2632,jh_user_20,save,liliana_ponce_day_14_from_spanish_trans_michael_martin_shea_poem_8.txt,
2632,jh_user_100,save,liliana_ponce_day_11_from_spanish_trans_michael_martin_shea_poem_6.txt,
2633,jh_user_95,save,ljubomir_micić_of_sundrenched_milk_from_serbo_trans_suzana_vuljevic_poem_5.txt,
2634,jh_user_88,save,liliana_ponce_day_4_from_spanish_trans_michael_martin_shea_poem_2.txt,
2634,jh_user_28,save,luciany_aparecida_anas_dance_from_portuguese_trans_elisa_wouk_almino_poem_4.txt,
2635,jh_user_20,save,lily-michaelides_mediterranean.txt,
2635,jh_user_84,save,liliana_ponce_day_5_from_spanish_trans_michael_martin_shea_poem_3.txt,
2636,jh_user_86,save,ludovico_ariosto_canto_34_from_italian_trans_steven_monte_poem_2.txt,
2637,jh_user_52,save,ljubomir_micić_nbsp_nbsp_nbsp_nbsp_nbsp_nbsp_nbsp_nbsp_nbsp_nbsp_nbsp_nbsp_nbsp_nbsp_nbsp_nbsp_nbsp_nbsp_nbsp_nbsp_nbsp_nbsp_nbsp_nbsp_nbsp_nbspfor_from_serbo_trans_suzana_vuljevic_poem_3.txt,
2637,jh_user_73,save,ljubomir_micić_on_the_balkan_continent_from_serbo_trans_suzana_vuljevic_poem_13.txt,
2638,jh_user_34,save,ludovico_ariosto_canto_34_from_italian_trans_steven_monte_poem_2.txt,
2640,jh_user_94,save,liliana_ponce_day_5_from_spanish_trans_michael_martin_shea_poem_3.txt,
2640,jh_user_56,save,lothar_quinkenstein_beyond_the_river_from_german_trans_yanara_friedland_poem_2.txt,
2641,jh_user_86,save,ljubomir_micić_zenithism_is_the_propeller_of_the_balkan_continent_from_serbo_trans_suzana_vuljevic_poem_6.txt,
2642,jh_user_32,save,ljubomir_micić_of_sundrenched_milk_from_serbo_trans_suzana_vuljevic_poem_5.txt,
2643,jh_user_88,save,ljubomir_micić_nbsp_nbsp_nbsp_nbsp_nbsp_nbsp_nbsp_nbsp_nbsp_nbsp_nbsp_nbsp_nbsp_nbsp_nbsp_nbsp_nbsp_nbsp_nbsp_nbsp_nbspthe_balkan_man_from_serbo_trans_suzana_vuljevic_poem_4.txt,
2643,jh_user_77,save,lucas-cejpek_i-am-there_part2.txt,
2643,jh_user_27,save,lily-michaelides_landscape.txt,
2644,jh_user_28,save,ludovico_ariosto_canto_34_from_italian_trans_steven_monte_poem_2.txt,
2644,jh_user_10,save,lily-michaelides_mediterranean.txt,
2645,jh_user_59,save,ljubomir_micić_anew_from_serbo_trans_suzana_vuljevic_poem_9.txt,
2645,jh_user_73,save,ljubomir_micić_bitter_is_the_fruit_of_civilization_from_serbo_trans_suzana_vuljevic_poem_12.txt,
2647,jh_user_28,save,lothar_quinkenstein_march_from_german_trans_yanara_friedland_poem_3.txt,
2648,jh_user_12,save,ljubomir_micić_zenithism_is_the_propeller_of_the_balkan_continent_from_serbo_trans_suzana_vuljevic_poem_6.txt,
2651,jh_user_83,save,lolita_agamalova_dilige_et_quod_vis_fac_from_russian_trans_eugene_ostashevsky_and_ainsley_morse_poem_1.txt,
2652,jh_user_39,save,ludovico_ariosto_astolfos_voyage_to_the_moon_from_italian_trans_steven_monte_poem_1.txt,
2653,jh_user_18,save,ljubomir_micić_bitter_is_the_fruit_of_civilization_from_serbo_trans_suzana_vuljevic_poem_12.txt,
2654,jh_user_11,save,ludovico_ariosto_astolfos_voyage_to_the_moon_from_italian_trans_steven_monte_poem_1.txt,
2655,jh_user_98,save,luciany_aparecida_market_day_from_portuguese_trans_elisa_wouk_almino_poem_3.txt,
2655,jh_user_5,save,lothar_quinkenstein_the_bridge_of_paper_from_german_trans_yanara_friedland_poem_5.txt,
2657,jh_user_34,save,ljubomir_micić_anew_from_serbo_trans_suzana_vuljevic_poem_9.txt,
2657,jh_user_61,save,luis_garcía_montero_i_ix_from_spanish_trans_alice_mcadams_poem_1.txt,
2659,jh_user_99,save,ljubomir_micić_anew_from_serbo_trans_suzana_vuljevic_poem_9.txt,
2660,jh_user_74,save,luis_garcía_montero_i_xiii_from_spanish_trans_alice_mcadams_poem_2.txt,
2663,jh_user_38,save,ljubomir_micić_old_from_serbo_trans_suzana_vuljevic_poem_8.txt,
2663,jh_user_100,save,lucas-cejpek_i-am-there_part2.txt,
2664,jh_user_5,save,lucas-cejpek_i-am-there_part2.txt,
2667,jh_user_36,save,ljubomir_micić_anew_from_serbo_trans_suzana_vuljevic_poem_10.txt,
2668,jh_user_19,save,lucas-cejpek_i-am-there_part1.txt,
2668,jh_user_101,save,luis_garcía_montero_i_xx_from_spanish_trans_alice_mcadams_poem_3.txt,
2668,jh_user_8,save,ljubomir_micić_of_sundrenched_milk_from_serbo_trans_suzana_vuljevic_poem_5.txt,
2668,jh_user_67,save,luljeta_lleshanaku_in_the_town_of_apples_from_albanian_trans_ani_gjika_poem_1.txt,
2673,jh_user_82,save,luciany_aparecida_nalvinhas_belt_from_portuguese_trans_elisa_wouk_almino_poem_2.txt,
2674,jh_user_69,save,luis_garcía_montero_i_ix_from_spanish_trans_alice_mcadams_poem_1.txt,
2675,jh_user_64,save,luis_rosales_the_transfiguration_from_spanish_trans_gonzalo_melchor_poem_3.txt,
2675,jh_user_82,save,lucas-cejpek_i-am-there_part1.txt,
2677,jh_user_29,save,ljubomir_micić_via_the_zenith_from_serbo_trans_suzana_vuljevic_poem_7.txt,
2679,jh_user_33,save,luciany_aparecida_nalvinhas_belt_from_portuguese_trans_elisa_wouk_almino_poem_2.txt,
2680,jh_user_59,save,lothar_quinkenstein_the_bridge_of_paper_from_german_trans_yanara_friedland_poem_5.txt,
2680,jh_user_9,save,luciany_aparecida_slay_sea_from_portuguese_trans_elisa_wouk_almino_poem_1.txt,
2681,jh_user_71,save,lutz_seiler_untitled_5_from_german_trans_alexander_booth_poem_5.txt,
2682,jh_user_9,save,lothar_quinkenstein_letters_from_german_trans_yanara_friedland_poem_4.txt,
2683,jh_user_12,save,lutz_seiler_untitled_9_from_german_trans_alexander_booth_poem_9.txt,
2684,jh_user_89,save,luis_garcía_montero_i_xiii_from_spanish_trans_alice_mcadams_poem_2.txt,
2685,jh_user_13,save,lupe_gómez_secret_energy_from_galician_trans_erín_moure_poem_1.txt,
2686,jh_user_75,save,lupe_gómez_secret_energy_from_galician_trans_erín_moure_poem_1.txt,
2687,jh_user_13,save,lutz_seiler_untitled_9_from_german_trans_alexander_booth_poem_9.txt,
2687,jh_user_97,save,ludovico_ariosto_canto_35_from_italian_trans_steven_monte_poem_3.txt,
2688,jh_user_83,save,lý_đợi_just_who_do_you_think_i_am_from_vietnamese_trans_kelly_morse_and_nga_hiền_nguyễn_poem_2.txt,
2688,jh_user_80,save,lutz_seiler_untitled_9_from_german_trans_alexander_booth_poem_9.txt,
2689,jh_user_42,save,luis_rosales_growing_towards_the_earth_from_spanish_trans_gonzalo_melchor_poem_1.txt,
2691,jh_user_45,save,luis_de_góngora_untitled_1_from_spanish_trans_hamish_ballantyne_poem_1.txt,
2692,jh_user_20,save,luis_rosales_the_secret_from_spanish_trans_gonzalo_melchor_poem_2.txt,
2696,jh_user_93,save,luljeta_lleshanaku_in_the_town_of_apples_from_albanian_trans_ani_gjika_poem_1.txt,
2696,jh_user_87,save,luljeta_lleshanaku_anatomical_cut_from_albanian_trans_ani_gjika_poem_3.txt,
2696,jh_user_44,save,ludovico_ariosto_canto_35_from_italian_trans_steven_monte_poem_3.txt,
2696,jh_user_46,save,lutz_seiler_untitled_1_from_german_trans_alexander_booth_poem_1.txt,
2697,jh_user_37,save,lutz_seiler_untitled_7_from_german_trans_alexander_booth_poem_7.txt,
2699,jh_user_41,save,lothar_quinkenstein_letters_from_german_trans_yanara_friedland_poem_4.txt,
2699,jh_user_5,save,lupe_gómez_secret_energy_from_galician_trans_erín_moure_poem_1.txt,
2701,jh_user_77,save,luis_garcía_montero_i_xx_from_spanish_trans_alice_mcadams_poem_3.txt,
2702,jh_user_70,save,lutz_seiler_untitled_1_from_german_trans_alexander_booth_poem_1.txt,
2703,jh_user_26,save,luis_garcía_montero_i_xx_from_spanish_trans_alice_mcadams_poem_3.txt,
2706,jh_user_56,save,lutz_seiler_untitled_7_from_german_trans_alexander_booth_poem_7.txt,
2709,jh_user_23,save,lutz_seiler_untitled_5_from_german_trans_alexander_booth_poem_5.txt,
2711,jh_user_29,save,lêdo_ivo_identities_from_portuguese_trans_andrew_gebhardt_poem_3.txt,
2713,jh_user_53,save,lý_đợi_just_who_do_you_think_i_am_from_vietnamese_trans_kelly_morse_and_nga_hiền_nguyễn_poem_2.txt,
2715,jh_user_47,save,lutz_seiler_the_new_empire_from_german_trans_alexander_booth_poem_2.txt,
2715,jh_user_3,save,lutz_seiler_the_new_empire_from_german_trans_alexander_booth_poem_2.txt,
2717,jh_user_22,save,lutz_seiler_in_the_evening_from_german_trans_alexander_booth_poem_10.txt,
2717,jh_user_25,save,lutz_seiler_sentry_duty_from_german_trans_alexander_booth_poem_8.txt,
2718,jh_user_57,save,lêdo_ivo_fruit_in_1940_from_portuguese_trans_andrew_gebhardt_poem_2.txt,
2719,jh_user_49,save,lutz_seiler_untitled_7_from_german_trans_alexander_booth_poem_7.txt,
2719,jh_user_27,save,malú_urriola_not_to_fear_a_peace_the_color_of_a_lizard_in_the_sun_from_spanish_trans_elena_barcia_poem_5.txt,
2720,jh_user_29,save,lý_đợi_read_instructions_carefully_first_before_becoming_a_poet_from_vietnamese_trans_kelly_morse_and_nga_hiền_nguyễn_poem_1.txt,
2723,jh_user_21,save,malú_urriola_not_to_fear_a_peace_the_color_of_a_lizard_in_the_sun_from_spanish_trans_elena_barcia_poem_5.txt,
2723,jh_user_42,save,malú_urriola_not_to_fear_a_peace_the_color_of_a_lizard_in_the_sun_from_spanish_trans_elena_barcia_poem_5.txt,
2725,jh_user_82,save,luljeta_lleshanaku_the_stairs_from_albanian_trans_ani_gjika_poem_2.txt,
2726,jh_user_90,save,lutz_seiler_there_were_parts_of_places_places_from_german_trans_alexander_booth_poem_4.txt,
2726,jh_user_64,save,lutz_seiler_there_were_parts_of_places_places_from_german_trans_alexander_booth_poem_4.txt,
2727,jh_user_52,save,malú_urriola_i_am_writing_a_book_that_seems_to_be_from_spanish_trans_elena_barcia_poem_1.txt,
2728,jh_user_100,save,lutz_seiler_in_the_evening_from_german_trans_alexander_booth_poem_10.txt,
2728,jh_user_64,save,lutz_seiler_when_you_have_the_benefit_of_hindsight_from_german_trans_alexander_booth_poem_6.txt,
2729,jh_user_16,save,lutz_seiler_there_were_parts_of_places_places_from_german_trans_alexander_booth_poem_4.txt,
2731,jh_user_1,save,magnús_sigurðsson_honey_from_icelandic_trans_meg_matich_poem_2.txt,
2731,jh_user_15,save,lêdo_ivo_the_earth_is_round_from_portuguese_trans_andrew_gebhardt_poem_1.txt,
2732,jh_user_54,save,magnús_sigurðsson_honey_from_icelandic_trans_meg_matich_poem_2.txt,
2733,jh_user_31,save,magnús_sigurðsson_honey_from_icelandic_trans_meg_matich_poem_2.txt,
2734,jh_user_101,save,lý_đợi_read_instructions_carefully_first_before_becoming_a_poet_from_vietnamese_trans_kelly_morse_and_nga_hiền_nguyễn_poem_1.txt,
2734,jh_user_85,save,magnús_sigurðsson_forestry_from_icelandic_trans_meg_matich_poem_3.txt,
2734,jh_user_65,save,lêdo_ivo_fruit_in_1940_from_portuguese_trans_andrew_gebhardt_poem_2.txt,
2735,jh_user_77,save,maiko_sugimoto_handclap_from_japanese_trans_sim_yee_chiang_and_sayuri_okamoto_poem_1.txt,
2741,jh_user_34,save,magnús_sigurðsson_forestry_from_icelandic_trans_meg_matich_poem_3.txt,
2742,jh_user_70,save,lutz_seiler_in_the_evening_from_german_trans_alexander_booth_poem_10.txt,
2742,jh_user_75,save,lêdo_ivo_fruit_in_1940_from_portuguese_trans_andrew_gebhardt_poem_2.txt,
2742,jh_user_24,save,margarita_losada_vargas_ambush_from_spanish_trans_madeline_kwasnick_poem_2.txt,
2743,jh_user_82,save,malú_urriola_do_you_know_what_sorrow_is_from_spanish_trans_elena_barcia_poem_6.txt,
2744,jh_user_41,save,malú_urriola_i_am_writing_a_book_that_seems_to_be_from_spanish_trans_elena_barcia_poem_1.txt,
2744,jh_user_81,save,malú_urriola_what_to_do_with_the_stars_that_still_shine_from_spanish_trans_elena_barcia_poem_2.txt,
2745,jh_user_96,save,mang_ke_sunlight_from_chinese_trans_lucas_klein_poem_2.txt,
2746,jh_user_26,save,lêdo_ivo_the_earth_is_round_from_portuguese_trans_andrew_gebhardt_poem_1.txt,
2747,jh_user_39,save,margento_computational_translation_of_rushton.txt,
2748,jh_user_74,save,mang_ke_lamp_from_chinese_trans_lucas_klein_poem_3.txt,
2749,jh_user_23,save,lutz_seiler_untitled_3_from_german_trans_alexander_booth_poem_3.txt,
2750,jh_user_23,save,malú_urriola_i_am_writing_a_book_that_seems_to_be_from_spanish_trans_elena_barcia_poem_1.txt,
2751,jh_user_79,save,maiko_sugimoto_sleeping_women_from_japanese_trans_sim_yee_chiang_and_sayuri_okamoto_poem_3.txt,
2751,jh_user_15,save,lutz_seiler_untitled_3_from_german_trans_alexander_booth_poem_3.txt,
2752,jh_user_48,save,magnús_sigurðsson_imaginary_land_from_icelandic_trans_meg_matich_poem_1.txt,
2752,jh_user_43,save,maiko_sugimoto_handclap_from_japanese_trans_sim_yee_chiang_and_sayuri_okamoto_poem_1.txt,
2753,jh_user_74,save,malú_urriola_as_when_the_rivers_run_dry_and_sadness_seeps_and_cracks_from_spanish_trans_elena_barcia_poem_7.txt,
2753,jh_user_27,save,lutz_seiler_sentry_duty_from_german_trans_alexander_booth_poem_8.txt,
2754,jh_user_49,save,lêdo_ivo_the_earth_is_round_from_portuguese_trans_andrew_gebhardt_poem_1.txt,
2756,jh_user_14,save,lutz_seiler_when_you_have_the_benefit_of_hindsight_from_german_trans_alexander_booth_poem_6.txt,
2757,jh_user_74,save,malú_urriola_i_do_not_lose_things_things_lose_me_from_spanish_trans_elena_barcia_poem_4.txt,
2759,jh_user_27,save,margarita_losada_vargas_orphanhood_from_spanish_trans_madeline_kwasnick_poem_4.txt,
2759,jh_user_72,save,maiko_sugimoto_hysteric_chestnuts_from_japanese_trans_sim_yee_chiang_and_sayuri_okamoto_poem_2.txt,
2761,jh_user_53,save,lutz_seiler_when_you_have_the_benefit_of_hindsight_from_german_trans_alexander_booth_poem_6.txt,
2761,jh_user_41,save,maiko_sugimoto_handclap_from_japanese_trans_sim_yee_chiang_and_sayuri_okamoto_poem_1.txt,
2763,jh_user_13,save,malú_urriola_i_ask_you_sea_how_not_to_get_carried_away_or_excited_from_spanish_trans_elena_barcia_poem_3.txt,
2764,jh_user_81,save,manuel_iris_apparition_from_spanish_trans_matt_mcbride_poem_1.txt,
2764,jh_user_7,save,mangesh_narayanrao_kale_water_from_marathi_trans_sarabjeet_garcha_poem_4.txt,
2766,jh_user_16,save,malú_urriola_i_do_not_lose_things_things_lose_me_from_spanish_trans_elena_barcia_poem_4.txt,
2769,jh_user_12,save,margarita_losada_vargas_ambush_from_spanish_trans_madeline_kwasnick_poem_2.txt,
2770,jh_user_53,save,margarita_losada_vargas_subtle_from_spanish_trans_madeline_kwasnick_poem_3.txt,
2771,jh_user_19,save,marcus_terentius_varro_fromnbspfuries_from_latin_trans_joseph_mcalhany_poem_1.txt,
2772,jh_user_2,save,malú_urriola_what_to_do_with_the_stars_that_still_shine_from_spanish_trans_elena_barcia_poem_2.txt,
2775,jh_user_81,save,mangesh_narayanrao_kale_a_writing_exercise_from_marathi_trans_sarabjeet_garcha_poem_3.txt,
2775,jh_user_20,save,maria-cecilia-barbetta_bloody-mary_part3.txt,
2776,jh_user_80,save,mang_ke_dedications_19721973_from_chinese_trans_lucas_klein_poem_1.txt,
2776,jh_user_85,save,mangesh_narayanrao_kale_water_from_marathi_trans_sarabjeet_garcha_poem_4.txt,
2778,jh_user_25,save,mangesh_narayanrao_kale_suicide_from_marathi_trans_sarabjeet_garcha_poem_2.txt,
2781,jh_user_66,save,maria-cecilia-barbetta_bloody-mary_part3.txt,
2781,jh_user_15,save,manuel_iris_watching_her_sleep_from_spanish_trans_matt_mcbride_poem_2.txt,
2781,jh_user_81,save,malú_urriola_i_do_not_lose_things_things_lose_me_from_spanish_trans_elena_barcia_poem_4.txt,
2781,jh_user_84,save,mangesh_narayanrao_kale_printers_devil_from_marathi_trans_sarabjeet_garcha_poem_1.txt,
2784,jh_user_51,save,margarita_losada_vargas_orphanhood_from_spanish_trans_madeline_kwasnick_poem_4.txt,
2784,jh_user_25,save,maria_borio_iii_from_italian_trans_danielle_pieratti_poem_5.txt,
2785,jh_user_29,save,maria-siakalli_savoir-vivre-homo-sapiens.txt,
2785,jh_user_33,save,maria_borio_iii_from_italian_trans_danielle_pieratti_poem_5.txt,
2786,jh_user_82,save,mangesh_narayanrao_kale_a_writing_exercise_from_marathi_trans_sarabjeet_garcha_poem_3.txt,
2787,jh_user_69,save,mangesh_narayanrao_kale_suicide_from_marathi_trans_sarabjeet_garcha_poem_2.txt,
2791,jh_user_98,save,maria-cecilia-barbetta_bloody-mary_part3.txt,
2791,jh_user_78,save,margento_ii_bucharestbudapest_more_at_home_than_anywhere_else_from_romanian_trans_martin_woodside_poem_1.txt,
2792,jh_user_5,save,margento_ii_bucharestbudapest_more_at_home_than_anywhere_else_from_romanian_trans_martin_woodside_poem_1.txt,
2794,jh_user_81,save,margarita_losada_vargas_threat_from_spanish_trans_madeline_kwasnick_poem_1.txt,
2795,jh_user_48,save,marianne_van_hirtum_1_from_french_trans_hilary_clark_poem_1.txt,
2796,jh_user_35,save,maria_borio_dorsoduro_from_italian_trans_danielle_pieratti_poem_2.txt,
2798,jh_user_85,save,margento_holland.txt,
2800,jh_user_16,save,margento_ii_bucharestbudapest_more_at_home_than_anywhere_else_from_romanian_trans_martin_woodside_poem_1.txt,
2801,jh_user_89,save,maria_borio_dorsoduro_from_italian_trans_danielle_pieratti_poem_2.txt,
2803,jh_user_75,save,manuel_iris_watching_her_sleep_from_spanish_trans_matt_mcbride_poem_2.txt,
2804,jh_user_78,save,maria_cabrera_callís_song_of_the_workaday_day_from_catalan_trans_mary_ann_newman_poem_3.txt,
2805,jh_user_60,save,maria_borio_ii_from_italian_trans_danielle_pieratti_poem_4.txt,
2807,jh_user_25,save,margento_steganography-of-the-dérive.txt,
2807,jh_user_10,save,margarita_losada_vargas_threat_from_spanish_trans_madeline_kwasnick_poem_1.txt,
2808,jh_user_69,save,maria-cecilia-barbetta_bloody-mary_part2.txt,
2809,jh_user_38,save,maria_borio_ii_from_italian_trans_danielle_pieratti_poem_4.txt,
2810,jh_user_96,save,maria_borio_ii_from_italian_trans_danielle_pieratti_poem_4.txt,
2812,jh_user_92,save,maria_borio_isola_from_italian_trans_danielle_pieratti_poem_1.txt,
2812,jh_user_14,save,manuel_iris_watching_her_sleep_from_spanish_trans_matt_mcbride_poem_2.txt,
2814,jh_user_17,save,maria_borio_dorsoduro_from_italian_trans_danielle_pieratti_poem_2.txt,
2815,jh_user_92,save,marieclaire_bancquart_exhilaration_from_french_trans_wendeline_a_hardenberg_poem_2.txt,
2819,jh_user_81,save,marianne_van_hirtum_1_from_french_trans_hilary_clark_poem_1.txt,
2819,jh_user_14,save,maria_cabrera_callís_song_of_the_workaday_day_from_catalan_trans_mary_ann_newman_poem_3.txt,
2821,jh_user_24,save,marianne_van_hirtum_hymn_to_the_great_umbrellanbspnbspnbsp_from_french_trans_hilary_clark_poem_5.txt,
2822,jh_user_74,save,mariella_nigro_ii_from_spanish_trans_jesse_lee_kercheval_and_jeannine_marie_pitas_poem_4.txt,
2822,jh_user_50,save,mariella_nigro_ii_from_spanish_trans_jesse_lee_kercheval_and_jeannine_marie_pitas_poem_4.txt,
2823,jh_user_45,save,maria_borio_i_from_italian_trans_danielle_pieratti_poem_3.txt,
2823,jh_user_55,save,maria_cabrera_callís_bad_timing_from_catalan_trans_mary_ann_newman_poem_1.txt,
2823,jh_user_77,save,margento_new_holland.txt,
2826,jh_user_77,save,maria_cabrera_callís_bad_timing_from_catalan_trans_mary_ann_newman_poem_1.txt,
2828,jh_user_55,save,marianne_van_hirtum_hymn_to_the_great_umbrellanbspnbspnbsp_from_french_trans_hilary_clark_poem_5.txt,
2828,jh_user_50,save,maria_cabrera_callís_song_of_the_workaday_day_from_catalan_trans_mary_ann_newman_poem_3.txt,
2829,jh_user_1,save,margento_new_holland.txt,
2830,jh_user_4,save,maria-siakalli_i-stood-in-line.txt,
2834,jh_user_83,save,mariella_nigro_unfinished_acts_from_spanish_trans_jesse_lee_kercheval_and_jeannine_marie_pitas_poem_6.txt,
2836,jh_user_68,save,marianne_van_hirtum_4_from_french_trans_hilary_clark_poem_4.txt,
2838,jh_user_100,save,marie_de_quatrebarbes_2_from_french_trans_aiden_farrell_poem_3.txt,
2839,jh_user_31,save,mariella_nigro_ii_from_spanish_trans_jesse_lee_kercheval_and_jeannine_marie_pitas_poem_4.txt,
2840,jh_user_76,save,marianne_van_hirtum_3_from_french_trans_hilary_clark_poem_3.txt,
2841,jh_user_5,save,marianne_van_hirtum_2_from_french_trans_hilary_clark_poem_2.txt,
2842,jh_user_46,save,marianne_van_hirtum_4_from_french_trans_hilary_clark_poem_4.txt,
2843,jh_user_36,save,maria_borio_isola_from_italian_trans_danielle_pieratti_poem_1.txt,
2843,jh_user_51,save,maria_borio_isola_from_italian_trans_danielle_pieratti_poem_1.txt,
2845,jh_user_16,save,mariella_nigro_i_from_spanish_trans_jesse_lee_kercheval_and_jeannine_marie_pitas_poem_8.txt,
2846,jh_user_51,save,marianne_van_hirtum_4_from_french_trans_hilary_clark_poem_4.txt,
2846,jh_user_70,save,margento_new_holland.txt,
2847,jh_user_78,save,marieclaire_bancquart_exhilaration_from_french_trans_wendeline_a_hardenberg_poem_2.txt,
2849,jh_user_28,save,marie_de_quatrebarbes_1st_from_french_trans_aiden_farrell_poem_2.txt,
2851,jh_user_19,save,marie_de_quatrebarbes_2_from_french_trans_aiden_farrell_poem_3.txt,
2851,jh_user_27,save,maria_cabrera_callís_acid_orange_from_catalan_trans_mary_ann_newman_poem_2.txt,
2851,jh_user_41,save,marie_de_quatrebarbes_3_from_french_trans_aiden_farrell_poem_4.txt,
2854,jh_user_88,save,marieclaire_bancquart_furtive_from_french_trans_wendeline_a_hardenberg_poem_1.txt,
2854,jh_user_97,save,marieclaire_bancquart_furtive_from_french_trans_wendeline_a_hardenberg_poem_1.txt,
2855,jh_user_22,save,maria_cabrera_callís_acid_orange_from_catalan_trans_mary_ann_newman_poem_2.txt,
2856,jh_user_60,save,marie_de_quatrebarbes_4_from_french_trans_aiden_farrell_poem_5.txt,
2859,jh_user_1,save,mariella_nigro_iii_from_spanish_trans_jesse_lee_kercheval_and_jeannine_marie_pitas_poem_5.txt,
2859,jh_user_89,save,mario_santiago_papasquiaro_status_amp_revolutions__came_amp_went_from_spanish_trans_cole_heinowitz_poem_5.txt,
2860,jh_user_53,save,marianne_van_hirtum_3_from_french_trans_hilary_clark_poem_3.txt,
2860,jh_user_3,save,mariella_nigro_unfinished_acts_from_spanish_trans_jesse_lee_kercheval_and_jeannine_marie_pitas_poem_6.txt,
2861,jh_user_54,save,marieclaire_bancquart_furtive_from_french_trans_wendeline_a_hardenberg_poem_1.txt,
2862,jh_user_14,save,marieclaire_bancquart_earth_from_french_trans_wendeline_a_hardenberg_poem_3.txt,
2862,jh_user_28,save,marie_de_quatrebarbes_4_from_french_trans_aiden_farrell_poem_5.txt,
2864,jh_user_7,save,mario_santiago_papasquiaro_status_amp_revolutions__came_amp_went_from_spanish_trans_cole_heinowitz_poem_5.txt,
2865,jh_user_77,save,mariella_nigro_ii_from_spanish_trans_jesse_lee_kercheval_and_jeannine_marie_pitas_poem_10.txt,
2867,jh_user_50,save,marie_de_quatrebarbes_july_from_french_trans_aiden_farrell_poem_1.txt,
2869,jh_user_74,save,mariella_nigro_iii_from_spanish_trans_jesse_lee_kercheval_and_jeannine_marie_pitas_poem_5.txt,
2869,jh_user_26,save,mariella_nigro_departures_from_spanish_trans_jesse_lee_kercheval_and_jeannine_marie_pitas_poem_7.txt,
2872,jh_user_41,save,mariella_nigro_untitled_3_from_spanish_trans_jesse_lee_kercheval_and_jeannine_marie_pitas_poem_3.txt,
2873,jh_user_1,save,mario_santiago_papasquiaro_status_amp_revolutions__came_amp_went_from_spanish_trans_cole_heinowitz_poem_5.txt,
2875,jh_user_97,save,mariella_nigro_untitled_3_from_spanish_trans_jesse_lee_kercheval_and_jeannine_marie_pitas_poem_3.txt,
2876,jh_user_22,save,mario_santiago_papasquiaro_im_bleeding_from_all_5_sensesnbsp_from_spanish_trans_cole_heinowitz_poem_2.txt,
2877,jh_user_17,save,marius_burokas_untitled_3_from_lithuanian_trans_rimas_uzgiris_poem_3.txt,
2877,jh_user_64,save,mariella_nigro_i_from_spanish_trans_jesse_lee_kercheval_and_jeannine_marie_pitas_poem_2.txt,
2878,jh_user_43,save,marie_de_quatrebarbes_4_from_french_trans_aiden_farrell_poem_5.txt,
2878,jh_user_4,save,marina_tsvetaeva_untitled_2_from_russian_trans_margaree_little_poem_2.txt,
2879,jh_user_89,save,marius_burokas_untitled_1_from_lithuanian_trans_rimas_uzgiris_poem_1.txt,
2880,jh_user_101,save,mariella_nigro_iii_from_spanish_trans_jesse_lee_kercheval_and_jeannine_marie_pitas_poem_5.txt,
2880,jh_user_59,save,marina_tsvetaeva_to_moscow_from_russian_trans_margaree_little_poem_4.txt,
2881,jh_user_39,save,mario_santiago_papasquiaro_while_listening_in_each_others_arms_to_the_doors_love_her_madly_from_spanish_trans_cole_heinowitz_poem_3.txt,
2881,jh_user_7,save,marina_tsvetaeva_praise_to_the_rich_from_russian_trans_margaree_little_poem_1.txt,
2884,jh_user_90,save,marius_burokas_untitled_2_from_lithuanian_trans_rimas_uzgiris_poem_2.txt,
2884,jh_user_69,save,mariella_nigro_meditations_from_spanish_trans_jesse_lee_kercheval_and_jeannine_marie_pitas_poem_1.txt,
2886,jh_user_6,save,mariella_nigro_i_from_spanish_trans_jesse_lee_kercheval_and_jeannine_marie_pitas_poem_2.txt,
2887,jh_user_37,save,marie_de_quatrebarbes_july_from_french_trans_aiden_farrell_poem_1.txt,
2887,jh_user_79,save,marina_tsvetaeva_praise_to_the_rich_from_russian_trans_margaree_little_poem_1.txt,
2888,jh_user_16,save,marius_burokas_untitled_3_from_lithuanian_trans_rimas_uzgiris_poem_3.txt,
2888,jh_user_72,save,mariella_nigro_untitled_9_from_spanish_trans_jesse_lee_kercheval_and_jeannine_marie_pitas_poem_9.txt,
2888,jh_user_93,save,mario_santiago_papasquiaro_last_elegy_to_jesús_luis_benítez_from_spanish_trans_cole_heinowitz_poem_4.txt,
2891,jh_user_40,save,martin_glaz_serup_15_from_danish_trans_christopher_sandiversen_poem_1.txt,
2892,jh_user_9,save,marie_de_quatrebarbes_july_from_french_trans_aiden_farrell_poem_1.txt,
2894,jh_user_43,save,marius_burokas_untitled_1_from_lithuanian_trans_rimas_uzgiris_poem_1.txt,
2894,jh_user_2,save,marina_tsvetaeva_untitled_3_from_russian_trans_margaree_little_poem_3.txt,
2896,jh_user_64,save,marina_tsvetaeva_to_moscow_from_russian_trans_margaree_little_poem_4.txt,
2901,jh_user_99,save,markus-koehle_interview.txt,
2902,jh_user_54,save,mariella_nigro_untitled_11_from_spanish_trans_jesse_lee_kercheval_and_jeannine_marie_pitas_poem_11.txt,
2905,jh_user_56,save,maría_do_cebreiro_venus_from_galician_trans_neil_anderson_poem_4.txt,
2907,jh_user_14,save,marwin_vos_binding_pieces_from_dutch_trans_frances_welling_and_nguyễn_thị_mai_poem_3.txt,
2908,jh_user_19,save,marwin_vos_binding_pieces_from_dutch_trans_frances_welling_and_nguyễn_thị_mai_poem_3.txt,
2908,jh_user_42,save,markus-koehle.txt,
2909,jh_user_55,save,marwin_vos_binding_pieces_from_dutch_trans_frances_welling_and_nguyễn_thị_mai_poem_2.txt,
2910,jh_user_42,save,mario_santiago_papasquiaro_abyssinias_shock_from_spanish_trans_cole_heinowitz_poem_1.txt,
2911,jh_user_98,save,martin_glaz_serup_15_from_danish_trans_christopher_sandiversen_poem_1.txt,
2912,jh_user_83,save,marina_tsvetaeva_to_moscow_from_russian_trans_margaree_little_poem_4.txt,
2913,jh_user_22,save,marius_burokas_untitled_2_from_lithuanian_trans_rimas_uzgiris_poem_2.txt,
2915,jh_user_8,save,marriage_of_maria_braun.txt,
2915,jh_user_5,save,mariella_nigro_meditations_from_spanish_trans_jesse_lee_kercheval_and_jeannine_marie_pitas_poem_1.txt,
2916,jh_user_60,save,marwin_vos_binding_pieces_from_dutch_trans_frances_welling_and_nguyễn_thị_mai_poem_3.txt,
2917,jh_user_36,save,markus-koehle.txt,
2918,jh_user_38,save,markus-koehle_interview.txt,
2918,jh_user_53,save,marko-tomas_about-a-certain-faraway-war.txt,
2919,jh_user_43,save,maría_do_cebreiro_venus_from_galician_trans_neil_anderson_poem_4.txt,
2922,jh_user_16,save,maría_do_cebreiro_mercury_from_galician_trans_neil_anderson_poem_2.txt,
2926,jh_user_85,save,marosa_di_giorgio_from_the_native_garden_is_in_flames_from_spanish_trans_jeannine_marie_pitas_poem_1.txt,
2926,jh_user_22,save,marwin_vos_binding_pieces_from_dutch_trans_frances_welling_and_nguyễn_thị_mai_poem_2.txt,
2926,jh_user_83,save,marosa_di_giorgio_from_the_native_garden_is_in_flames_from_spanish_trans_jeannine_marie_pitas_poem_1.txt,
2926,jh_user_59,save,marwin_vos_lament_pieces_from_dutch_trans_frances_welling_and_nguyễn_thị_mai_poem_1.txt,
2928,jh_user_28,save,marriage_of_maria_braun.txt,
2929,jh_user_14,save,martin_glaz_serup_16_from_danish_trans_christopher_sandiversen_poem_2.txt,
2930,jh_user_17,save,martin_glaz_serup_16_from_danish_trans_christopher_sandiversen_poem_2.txt,
2930,jh_user_66,save,maría_do_cebreiro_venus_from_galician_trans_neil_anderson_poem_4.txt,
2930,jh_user_76,save,martin-jankowski_new-songs.txt,
2931,jh_user_27,save,martin-jankowski_new-songs.txt,
2933,jh_user_63,save,markus-koehle.txt,
2934,jh_user_29,save,martin_glaz_serup_16_from_danish_trans_christopher_sandiversen_poem_2.txt,
2935,jh_user_31,save,max_czollek_brackish_water_two_from_german_trans_cornelius_partsch_poem_3.txt,
2935,jh_user_22,save,maung_day_to_issa_from_burmese_trans_maung_day_poem_2.txt,
2935,jh_user_29,save,mateo_díaz_choza_this_drop_from_spanish_trans_lowry_pressly_poem_1.txt,
2935,jh_user_32,save,marosa_di_giorgio_from_the_native_garden_is_in_flames_from_spanish_trans_jeannine_marie_pitas_poem_1.txt,
2936,jh_user_56,save,maría_do_cebreiro_neptune_from_galician_trans_neil_anderson_poem_1.txt,
2937,jh_user_25,save,martin-jankowski_berlin-mauerpark_wall-park_open-air-poem.txt,
2938,jh_user_9,save,mathias-traxler_one-picture-and-im-lost.txt,
2939,jh_user_23,save,massimo_gezzi_bricks_from_italian_trans_damiano_abeni_and_moira_egan_poem_2.txt,
2940,jh_user_100,save,martinus_nijhoff_trans_james_s_holmes_awater_excerpt.txt,
2941,jh_user_40,save,max_czollek_brackish_water_two_from_german_trans_cornelius_partsch_poem_3.txt,
2943,jh_user_13,save,maung_day_things_they_carry_from_burmese_trans_maung_day_poem_1.txt,
2944,jh_user_58,save,marko-tomas_about-a-certain-faraway-war.txt,
2944,jh_user_82,save,marko-tomas_about-a-certain-faraway-war.txt,
2947,jh_user_23,save,max_czollek_tzimtzum_2015_from_german_trans_cornelius_partsch_poem_4.txt,
2948,jh_user_13,save,maría_negroni_chambre_intime_from_spanish_trans_allison_a_defreese_poem_2.txt,
2948,jh_user_26,save,martinus_nijhoff_trans_james_s_holmes_awater_excerpt.txt,
2951,jh_user_89,save,max_czollek_brackish_water_two_from_german_trans_cornelius_partsch_poem_3.txt,
2951,jh_user_7,save,maría_negroni_chambre_intime_from_spanish_trans_allison_a_defreese_poem_2.txt,
2952,jh_user_74,save,marko-tomas_little-men.txt,
2952,jh_user_28,save,maría_do_cebreiro_neptune_from_galician_trans_neil_anderson_poem_1.txt,
2952,jh_user_34,save,maría_do_cebreiro_mercury_from_galician_trans_neil_anderson_poem_2.txt,
2953,jh_user_6,save,martinus_nijhoff_trans_james_s_holmes_awater_excerpt.txt,
2955,jh_user_77,save,massimo_gezzi_bricks_from_italian_trans_damiano_abeni_and_moira_egan_poem_2.txt,
2955,jh_user_67,save,massimo_gezzi_mulberries_from_italian_trans_damiano_abeni_and_moira_egan_poem_1.txt,
2955,jh_user_61,save,maría_do_cebreiro_jupiter_from_galician_trans_neil_anderson_poem_3.txt,
2957,jh_user_29,save,maung_day_things_they_carry_from_burmese_trans_maung_day_poem_1.txt,
2958,jh_user_64,save,massimo_gezzi_mulberries_from_italian_trans_damiano_abeni_and_moira_egan_poem_1.txt,
2959,jh_user_5,save,mathias-traxler_brig-52.txt,
2959,jh_user_3,save,max_czollek_tzimtzum_2015_from_german_trans_cornelius_partsch_poem_4.txt,
2960,jh_user_4,save,maría_do_cebreiro_jupiter_from_galician_trans_neil_anderson_poem_3.txt,
2960,jh_user_15,save,max_lichtenstein_the_stairway_doesnt_gonbspto_heaven_from_spanish_trans_cordelia_brodsky_poem_3.txt,
2961,jh_user_66,save,martinus_nijhoff_trans_james_s_holmes_awater_excerpt.txt,
2962,jh_user_50,save,martin-jankowski_berlin-mauerpark_wall-park_open-air-poem.txt,
2964,jh_user_70,save,martinus_nijhoff_trans_james_s_holmes_awater_excerpt.txt,
2966,jh_user_31,save,mathias-traxler_one-picture-and-im-lost.txt,
2967,jh_user_56,save,massimo_gezzi_mulberries_from_italian_trans_damiano_abeni_and_moira_egan_poem_1.txt,
2968,jh_user_38,save,maría_negroni_cotillion_1940_from_spanish_trans_allison_a_defreese_poem_1.txt,
2969,jh_user_85,save,maya_abu_alhayyat_like_a_domestic_animal_from_arabic_trans_fady_joudah_poem_4.txt,
2970,jh_user_68,save,max_rojas_ii_from_spanish_trans_zane_koss_and_gerónimo_sarmiento_cruz_poem_1.txt,
2970,jh_user_37,save,max_czollek_berlin_on_may_1st_from_german_trans_cornelius_partsch_poem_5.txt,
2971,jh_user_30,save,max_rojas_ii_from_spanish_trans_zane_koss_and_gerónimo_sarmiento_cruz_poem_1.txt,
2979,jh_user_56,save,maya_abu_alhayyat_similarities_from_arabic_trans_fady_joudah_poem_2.txt,
2980,jh_user_64,save,maya_abu_alhayyat_my_house_from_arabic_trans_fady_joudah_poem_6.txt,
2980,jh_user_24,save,max_czollek_conspiracy_theories_item_72_from_german_trans_cornelius_partsch_poem_2.txt,
2984,jh_user_46,save,max_lichtenstein_protestingnbspas_i_cannbspon_monday_i_beginnbspthe_diet_from_spanish_trans_cordelia_brodsky_poem_1.txt,
2985,jh_user_70,save,mccabe_&_mrs_miller.txt,
2986,jh_user_47,save,maya_abu_alhayyat_similarities_from_arabic_trans_fady_joudah_poem_2.txt,
2987,jh_user_33,save,maxim_amelin_long_now_youve_lounged_in_earth_from_russian_trans_derek_mong_and_anne_o_fisher_poem_2.txt,
2987,jh_user_90,save,maya_abu_alhayyat_similarities_from_arabic_trans_fady_joudah_poem_2.txt,
2988,jh_user_29,save,maung_day_back_in_the_tall_grass_from_burmese_trans_maung_day_poem_3.txt,
2988,jh_user_80,save,maung_day_back_in_the_tall_grass_from_burmese_trans_maung_day_poem_3.txt,
2988,jh_user_2,save,max_czollek_its_all_completely_different_from_german_trans_cornelius_partsch_poem_6.txt,
2989,jh_user_38,save,michèle_métail_historic_allusions_from_french_trans_marcella_durand_poem_13.txt,
2990,jh_user_58,save,mccabe_&_mrs_miller.txt,
2990,jh_user_82,save,max_czollek_berlin_on_may_1st_from_german_trans_cornelius_partsch_poem_5.txt,
2990,jh_user_82,save,maya_abu_alhayyat_what_if_from_arabic_trans_fady_joudah_poem_3.txt,
2990,jh_user_87,save,max_lichtenstein_christmas_songnbspfor_sad_people_from_spanish_trans_cordelia_brodsky_poem_2.txt,
2991,jh_user_19,save,max_czollek_its_all_completely_different_from_german_trans_cornelius_partsch_poem_6.txt,
2992,jh_user_15,save,maya_abu_alhayyat_a_road_for_loss_from_arabic_trans_fady_joudah_poem_1.txt,
2992,jh_user_24,save,max_czollek_brackish_water_one_from_german_trans_cornelius_partsch_poem_1.txt,
2993,jh_user_19,save,maya_abu_alhayyat_after_from_arabic_trans_fady_joudah_poem_5.txt,
2993,jh_user_38,save,max_rojas_ii_from_spanish_trans_zane_koss_and_gerónimo_sarmiento_cruz_poem_1.txt,
2994,jh_user_1,save,max_czollek_brackish_water_one_from_german_trans_cornelius_partsch_poem_1.txt,
2995,jh_user_6,save,max_lichtenstein_the_stairway_doesnt_gonbspto_heaven_from_spanish_trans_cordelia_brodsky_poem_3.txt,
2996,jh_user_68,save,mccabe_&_mrs_miller.txt,
2998,jh_user_21,save,michèle_métail_earths_horizon_from_french_trans_marcella_durand_poem_1.txt,
2999,jh_user_35,save,maya_abu_alhayyat_a_road_for_loss_from_arabic_trans_fady_joudah_poem_1.txt,
2999,jh_user_75,save,max_lichtenstein_protestingnbspas_i_cannbspon_monday_i_beginnbspthe_diet_from_spanish_trans_cordelia_brodsky_poem_1.txt,
2999,jh_user_72,save,michèle_métail_earths_horizon_from_french_trans_marcella_durand_poem_1.txt,
3001,jh_user_4,save,maya_abu_alhayyat_my_house_from_arabic_trans_fady_joudah_poem_6.txt,
3001,jh_user_13,save,max_czollek_brackish_water_one_from_german_trans_cornelius_partsch_poem_1.txt,
3006,jh_user_13,save,max_rojas_iii_from_spanish_trans_zane_koss_and_gerónimo_sarmiento_cruz_poem_2.txt,
3009,jh_user_47,save,maxim_amelin_long_now_youve_lounged_in_earth_from_russian_trans_derek_mong_and_anne_o_fisher_poem_2.txt,
3009,jh_user_6,save,menke_katz_clouds_over_tsfat_from_yiddish_trans_jacob_romm_poem_3.txt,
3011,jh_user_63,save,maxim_amelin_im_thirty_but_feel_three_hundred_from_russian_trans_derek_mong_and_anne_o_fisher_poem_1.txt,
3011,jh_user_86,save,michèle_métail_earths_horizon_from_french_trans_marcella_durand_poem_1.txt,
3013,jh_user_25,save,menke_katz_clouds_over_tsfat_from_yiddish_trans_jacob_romm_poem_3.txt,
3013,jh_user_14,save,maya_abu_alhayyat_what_if_from_arabic_trans_fady_joudah_poem_3.txt,
3015,jh_user_61,save,max_lichtenstein_protestingnbspas_i_cannbspon_monday_i_beginnbspthe_diet_from_spanish_trans_cordelia_brodsky_poem_1.txt,
3016,jh_user_63,save,maxim_amelin_long_now_youve_lounged_in_earth_from_russian_trans_derek_mong_and_anne_o_fisher_poem_2.txt,
3017,jh_user_43,save,maxim_amelin_im_thirty_but_feel_three_hundred_from_russian_trans_derek_mong_and_anne_o_fisher_poem_1.txt,
3019,jh_user_37,save,menke_katz_on_my_street_in_new_york_from_yiddish_trans_jacob_romm_poem_2.txt,
3020,jh_user_76,save,menke_katz_children_of_tsfat_from_yiddish_trans_jacob_romm_poem_4.txt,
3023,jh_user_19,save,michèle_métail_caliber_of_texts_from_french_trans_marcella_durand_poem_2.txt,
3024,jh_user_56,save,michèle_métail_the_ciphers_service_from_french_trans_marcella_durand_poem_8.txt,
3025,jh_user_33,save,michèle_métail_the_hill_of_the_guard_from_french_trans_marcella_durand_poem_9.txt,
3029,jh_user_58,save,maxim_amelin_im_thirty_but_feel_three_hundred_from_russian_trans_derek_mong_and_anne_o_fisher_poem_1.txt,
3029,jh_user_51,save,menke_katz_children_of_tsfat_from_yiddish_trans_jacob_romm_poem_4.txt,
3032,jh_user_88,save,michèle_métail_caliber_of_texts_from_french_trans_marcella_durand_poem_2.txt,
3033,jh_user_91,save,maxim_amelin_rising_at_morning_from_my_graveside_from_russian_trans_derek_mong_and_anne_o_fisher_poem_3.txt,
3038,jh_user_43,save,maxim_amelin_rising_at_morning_from_my_graveside_from_russian_trans_derek_mong_and_anne_o_fisher_poem_3.txt,
3041,jh_user_94,save,michèle_métail_the_mareograph_from_french_trans_marcella_durand_poem_7.txt,
3042,jh_user_12,save,mihail_gălăţanu_6nbspnbspnbsp_every_woman_comes_to_me_from_romanian_trans_adam_j_sorkin_and_petru_iamandi_poem_9.txt,
3043,jh_user_72,save,mihail_gălăţanu_5nbspnbspnbsp_my_birth_is_endless_from_romanian_trans_adam_j_sorkin_and_petru_iamandi_poem_8.txt,
3044,jh_user_44,save,menke_katz_may_in_micaleshik_from_yiddish_trans_jacob_romm_poem_1.txt,
3046,jh_user_1,save,michèle_métail_the_ciphers_service_from_french_trans_marcella_durand_poem_8.txt,
3046,jh_user_79,save,menke_katz_may_in_micaleshik_from_yiddish_trans_jacob_romm_poem_1.txt,
3047,jh_user_60,save,michèle_métail_caliber_of_texts_from_french_trans_marcella_durand_poem_2.txt,
3049,jh_user_37,save,michèle_métail_the_littoral_city_from_french_trans_marcella_durand_poem_4.txt,
3050,jh_user_55,save,midnight_cowboy_intro.txt,
3050,jh_user_15,save,menke_katz_on_my_street_in_new_york_from_yiddish_trans_jacob_romm_poem_2.txt,
3052,jh_user_101,save,michèle_métail_the_littoral_city_from_french_trans_marcella_durand_poem_4.txt,
3052,jh_user_99,save,mieczysław_jastrun_why_from_polish_trans_dzvinia_orlowsky_and_jeff_friedman_poem_2.txt,
3053,jh_user_16,save,menke_katz_may_in_micaleshik_from_yiddish_trans_jacob_romm_poem_1.txt,
3055,jh_user_12,save,michèle_métail_the_magistral_from_french_trans_marcella_durand_poem_10.txt,
3056,jh_user_26,save,mohammed_bennis_a_blue_hand_from_arabic_trans_nashwa_gowanlock_poem_3.txt,
3056,jh_user_61,save,michèle_métail_the_names_of_places_from_french_trans_marcella_durand_poem_11.txt,
3057,jh_user_11,save,michèle_métail_the_material_of_collages_from_french_trans_marcella_durand_poem_3.txt,
3058,jh_user_6,save,michèle_métail_inscriptions_from_french_trans_marcella_durand_poem_12.txt,
3059,jh_user_24,save,mihail_gălăţanu_1_from_romanian_trans_adam_j_sorkin_and_petru_iamandi_poem_4.txt,
3060,jh_user_52,save,midnight_cowboy_intro.txt,
3061,jh_user_75,save,michèle_métail_the_material_of_collages_from_french_trans_marcella_durand_poem_3.txt,
3062,jh_user_14,save,mihail_gălăţanu_my_mother_from_romanian_trans_adam_j_sorkin_and_petru_iamandi_poem_3.txt,
3062,jh_user_75,save,mohammadali_sepanlou_fromnbsppavementsnbsp_from_persian_trans_siavash_saadlou_poem_3.txt,
3062,jh_user_7,save,michèle_métail_panorama_from_french_trans_marcella_durand_poem_5.txt,
3064,jh_user_68,save,mihail_gălăţanu_2_from_romanian_trans_adam_j_sorkin_and_petru_iamandi_poem_5.txt,
3065,jh_user_15,save,mohammed_bennis_a_blue_hand_from_arabic_trans_nashwa_gowanlock_poem_3.txt,
3067,jh_user_17,save,mihail_gălăţanu_8nbspnbspnbsp_from_my_mothers_womb_i_looked_at_the_world_from_romanian_trans_adam_j_sorkin_and_petru_iamandi_poem_11.txt,
3067,jh_user_87,save,michèle_métail_the_transgression_from_french_trans_marcella_durand_poem_6.txt,
3069,jh_user_97,save,mihail_gălăţanu_9nbspnbspnbsp_a_crust_of_rays_from_romanian_trans_adam_j_sorkin_and_petru_iamandi_poem_13.txt,
3069,jh_user_80,save,mihail_gălăţanu_8nbspnbspnbsp_from_my_mothers_womb_i_looked_at_the_world_from_romanian_trans_adam_j_sorkin_and_petru_iamandi_poem_11.txt,
3069,jh_user_42,save,mieczysław_jastrun_grains_from_polish_trans_dzvinia_orlowsky_and_jeff_friedman_poem_1.txt,
3070,jh_user_39,save,miguel_hernández_elegy_from_spanish_trans_pedro_poitevin_poem_1.txt,
3070,jh_user_26,save,mieczysław_jastrun_why_from_polish_trans_dzvinia_orlowsky_and_jeff_friedman_poem_2.txt,
3072,jh_user_87,save,mohammadali_sepanlou_fromnbsppavementsnbsp_from_persian_trans_siavash_saadlou_poem_3.txt,
3073,jh_user_97,save,mihail_gălăţanu_6nbspnbspnbsp_every_woman_comes_to_me_from_romanian_trans_adam_j_sorkin_and_petru_iamandi_poem_9.txt,
3073,jh_user_77,save,midnight_meat_train.txt,
3074,jh_user_43,save,mihail_gălăţanu_my_mother_from_romanian_trans_adam_j_sorkin_and_petru_iamandi_poem_3.txt,
3077,jh_user_28,save,michèle_métail_inscriptions_from_french_trans_marcella_durand_poem_12.txt,
3077,jh_user_60,save,mihail_gălăţanu_1_from_romanian_trans_adam_j_sorkin_and_petru_iamandi_poem_4.txt,
3078,jh_user_7,save,mihail_gălăţanu_i_never_dreamt_id_be_male_from_romanian_trans_adam_j_sorkin_and_petru_iamandi_poem_12.txt,
3079,jh_user_33,save,mieczysław_jastrun_why_from_polish_trans_dzvinia_orlowsky_and_jeff_friedman_poem_2.txt,
3080,jh_user_67,save,mohammed_bennis_disappearance_from_arabic_trans_nashwa_gowanlock_poem_2.txt,
3080,jh_user_70,save,mihail_gălăţanu_1_from_romanian_trans_adam_j_sorkin_and_petru_iamandi_poem_4.txt,
3081,jh_user_62,save,mohammed_khaïreddine_horoscope_from_french_trans_jake_syersak_poem_2.txt,
3082,jh_user_16,save,mohammed_khaïreddine_description_of_a_flag_from_french_trans_jake_syersak_poem_1.txt,
3086,jh_user_60,save,mihail_gălăţanu_4nbspnbspnbsp_the_world_will_be_no_more_for_my_thought_keeps_it_going_from_romanian_trans_adam_j_sorkin_and_petru_iamandi_poem_7.txt,
3086,jh_user_7,save,mihail_gălăţanu_9nbspnbspnbsp_a_crust_of_rays_from_romanian_trans_adam_j_sorkin_and_petru_iamandi_poem_13.txt,
3087,jh_user_32,save,mihail_gălăţanu_7nbspnbspnbsp_im_born_before_the_moon_sets_from_romanian_trans_adam_j_sorkin_and_petru_iamandi_poem_10.txt,
3088,jh_user_39,save,miguel_hernández_my_name_is_mud_from_spanish_trans_pedro_poitevin_poem_2.txt,
3089,jh_user_54,save,mihail_gălăţanu_4nbspnbspnbsp_the_world_will_be_no_more_for_my_thought_keeps_it_going_from_romanian_trans_adam_j_sorkin_and_petru_iamandi_poem_7.txt,
3089,jh_user_29,save,mohammadali_sepanlou_ii_from_persian_trans_siavash_saadlou_poem_5.txt,
3090,jh_user_86,save,mihail_gălăţanu_a_church_of_chalk_from_romanian_trans_adam_j_sorkin_and_petru_iamandi_poem_2.txt,
3092,jh_user_11,save,mihail_gălăţanu_i_never_dreamt_id_be_male_from_romanian_trans_adam_j_sorkin_and_petru_iamandi_poem_12.txt,
3092,jh_user_77,save,mihail_gălăţanu_my_mother_from_romanian_trans_adam_j_sorkin_and_petru_iamandi_poem_3.txt,
3092,jh_user_101,save,mihail_gălăţanu_7nbspnbspnbsp_im_born_before_the_moon_sets_from_romanian_trans_adam_j_sorkin_and_petru_iamandi_poem_10.txt,
3092,jh_user_27,save,mohammed_bennis_lantern_from_arabic_trans_nashwa_gowanlock_poem_1.txt,
3092,jh_user_66,save,mohammadali_sepanlou_fromnbsppavementsnbsp_from_persian_trans_siavash_saadlou_poem_3.txt,
3093,jh_user_89,save,mihail_gălăţanu_prologue_from_romanian_trans_adam_j_sorkin_and_petru_iamandi_poem_1.txt,
3094,jh_user_1,save,mihail_gălăţanu_a_church_of_chalk_from_romanian_trans_adam_j_sorkin_and_petru_iamandi_poem_2.txt,
3094,jh_user_9,save,mohammed_bennis_a_blue_hand_from_arabic_trans_nashwa_gowanlock_poem_3.txt,
3094,jh_user_26,save,mona_kareem_abracadabranbspnbsp_from_arabic_trans_sara_elkamel_poem_1.txt,
3095,jh_user_41,save,mihail_gălăţanu_3nbspnbspnbsp_deceiver_take_back_your_world_from_romanian_trans_adam_j_sorkin_and_petru_iamandi_poem_6.txt,
3095,jh_user_88,save,mihail_gălăţanu_3nbspnbspnbsp_deceiver_take_back_your_world_from_romanian_trans_adam_j_sorkin_and_petru_iamandi_poem_6.txt,
3097,jh_user_24,save,moikom_zeqo_third_letter_from_albanian_trans_loredana_mihani_poem_1.txt,
3097,jh_user_43,save,mihail_gălăţanu_prologue_from_romanian_trans_adam_j_sorkin_and_petru_iamandi_poem_1.txt,
3098,jh_user_87,save,mieczysław_jastrun_grains_from_polish_trans_dzvinia_orlowsky_and_jeff_friedman_poem_1.txt,
3098,jh_user_40,save,midnight_meat_train.txt,
3100,jh_user_24,save,mohammed_khaïreddine_horoscope_from_french_trans_jake_syersak_poem_2.txt,
3102,jh_user_65,save,mihail_gălăţanu_3nbspnbspnbsp_deceiver_take_back_your_world_from_romanian_trans_adam_j_sorkin_and_petru_iamandi_poem_6.txt,
3102,jh_user_3,save,moikom_zeqo_third_letter_from_albanian_trans_loredana_mihani_poem_1.txt,
3106,jh_user_90,save,mona_kareem_abracadabranbspnbsp_from_arabic_trans_sara_elkamel_poem_1.txt,
3106,jh_user_70,save,mona_kareem_abracadabranbspnbsp_from_arabic_trans_sara_elkamel_poem_1.txt,
3109,jh_user_16,save,monchoachi_from_water_from_french_trans_patricia_hartland_poem_1.txt,
3110,jh_user_39,save,mohammadali_sepanlou_morning_5_oclocknbsp_nbsp_nbsp_nbsp_nbsp_nbsp_nbsp_nbsp_nbsp_nbsp_nbsp_nbsp_nbspnbsp_from_persian_trans_siavash_saadlou_poem_2.txt,
3112,jh_user_72,save,mohammadali_sepanlou_i_from_persian_trans_siavash_saadlou_poem_4.txt,
3112,jh_user_65,save,mohammed_khaïreddine_barbarian_from_french_trans_jake_syersak_poem_3.txt,
3113,jh_user_93,save,mohammadali_sepanlou_windows_that_overlook_the_yard_from_persian_trans_siavash_saadlou_poem_1.txt,
3115,jh_user_4,save,mohammed_khaïreddine_barbarian_from_french_trans_jake_syersak_poem_3.txt,
3116,jh_user_79,save,moikom_zeqo_eighth_letter_from_albanian_trans_loredana_mihani_poem_3.txt,
3119,jh_user_19,save,moikom_zeqo_third_letter_from_albanian_trans_loredana_mihani_poem_1.txt,
3121,jh_user_59,save,monchoachi_from_water_from_french_trans_patricia_hartland_poem_1.txt,
3121,jh_user_1,save,mohammadali_sepanlou_windows_that_overlook_the_yard_from_persian_trans_siavash_saadlou_poem_1.txt,
3123,jh_user_59,save,monchoachi_the_hut_where_the_moon_stays_from_french_trans_eric_fishman_poem_2.txt,
3126,jh_user_90,save,morio_hayashida_autumn_in_a_foreign_country_from_japanese_trans_kenji_c_liu_poem_2.txt,
3127,jh_user_88,save,moikom_zeqo_eighth_letter_from_albanian_trans_loredana_mihani_poem_3.txt,
3127,jh_user_6,save,monchoachi_the_above_the_below_from_french_trans_eric_fishman_poem_4.txt,
3129,jh_user_56,save,moikom_zeqo_fifth_letter_from_albanian_trans_loredana_mihani_poem_2.txt,
3133,jh_user_54,save,monchoachi_alephnbsp_from_french_trans_eric_fishman_poem_1.txt,
3135,jh_user_36,save,monchoachi_the_hut_where_the_moon_stays_from_french_trans_eric_fishman_poem_2.txt,
3136,jh_user_80,save,morio_hayashida_bloody_from_japanese_trans_kenji_c_liu_poem_4.txt,
3138,jh_user_45,save,morio_hayashida_bloody_from_japanese_trans_kenji_c_liu_poem_4.txt,
3139,jh_user_23,save,monika_herceg_infectious_diseases_from_croatian_trans_marina_veverec_poem_2.txt,
3140,jh_user_75,save,monchoachi_from_water_return_from_french_trans_patricia_hartland_poem_2.txt,
3141,jh_user_60,save,monchoachi_alephnbsp_from_french_trans_eric_fishman_poem_1.txt,
3143,jh_user_5,save,murilo_mendes_both_sides_from_portuguese_trans_lucas_lazzaretti_and_brett_defries_poem_2.txt,
3144,jh_user_45,save,monika_herceg_fruit_from_croatian_trans_marina_veverec_poem_5.txt,
3144,jh_user_79,save,murilo_mendes_beginning_from_portuguese_trans_lucas_lazzaretti_and_brett_defries_poem_3.txt,
3145,jh_user_2,save,monchoachi_the_hut_where_the_moon_stays_from_french_trans_eric_fishman_poem_2.txt,
3146,jh_user_13,save,mona_kareem_lots_wife_from_arabic_trans_sara_elkamel_poem_3.txt,
3148,jh_user_46,save,monchoachi_the_above_the_below_from_french_trans_eric_fishman_poem_4.txt,
3148,jh_user_26,save,musan_cho_ohhyun_forest_from_korean_trans_heinz_insu_fenkl_poem_4.txt,
3149,jh_user_95,save,musan_cho_ohhyun_this_body_of_mine_from_korean_trans_heinz_insu_fenkl_poem_6.txt,
3151,jh_user_93,save,monika_herceg_lake_from_croatian_trans_marina_veverec_poem_1.txt,
3152,jh_user_91,save,monika_herceg_fruit_from_croatian_trans_marina_veverec_poem_5.txt,
3152,jh_user_86,save,mona_kareem_lots_wife_from_arabic_trans_sara_elkamel_poem_3.txt,
3153,jh_user_27,save,monika_herceg_fruit_from_croatian_trans_marina_veverec_poem_5.txt,
3155,jh_user_36,save,mona_kareem_words_dont_come_easy_from_arabic_trans_sara_elkamel_poem_2.txt,
3155,jh_user_92,save,monika_herceg_ouroboros_from_croatian_trans_marina_veverec_poem_3.txt,
3156,jh_user_86,save,mona_kareem_words_dont_come_easy_from_arabic_trans_sara_elkamel_poem_2.txt,
3159,jh_user_14,save,monchoachi_alephnbsp_from_french_trans_eric_fishman_poem_1.txt,
3159,jh_user_75,save,morio_hayashida_bloody_from_japanese_trans_kenji_c_liu_poem_4.txt,
3159,jh_user_23,save,morio_hayashida_where_to_go_from_japanese_trans_kenji_c_liu_poem_6.txt,
3161,jh_user_83,save,monchoachi_multiple_multitude_from_french_trans_eric_fishman_poem_3.txt,
3162,jh_user_61,save,morio_hayashida_sparkling_sea_from_japanese_trans_kenji_c_liu_poem_1.txt,
3164,jh_user_101,save,monika_herceg_ouroboros_from_croatian_trans_marina_veverec_poem_3.txt,
3166,jh_user_84,save,monika_herceg_lake_from_croatian_trans_marina_veverec_poem_1.txt,
3167,jh_user_13,save,morio_hayashida_illness_from_japanese_trans_kenji_c_liu_poem_5.txt,
3168,jh_user_87,save,morio_hayashida_sparkling_sea_from_japanese_trans_kenji_c_liu_poem_1.txt,
3169,jh_user_73,save,mário_de_andrade_xiii_from_portuguese_trans_ana_paula_poem_5.txt,
3170,jh_user_51,save,monika_herceg_respading_from_croatian_trans_marina_veverec_poem_4.txt,
3171,jh_user_82,save,musan_cho_ohhyun_2007nbsp_nbsp_seoul_at_noon_from_korean_trans_heinz_insu_fenkl_poem_1.txt,
3172,jh_user_18,save,musan_cho_ohhyun_2007nbsp_nbsp_seoul_at_noon_from_korean_trans_heinz_insu_fenkl_poem_1.txt,
3173,jh_user_87,save,musan_cho_ohhyun_the_sound_of_my_own_cry_from_korean_trans_heinz_insu_fenkl_poem_5.txt,
3173,jh_user_23,save,murilo_mendes_panorama_from_portuguese_trans_lucas_lazzaretti_and_brett_defries_poem_1.txt,
3174,jh_user_74,save,monta_kroma_untitled_1_from_latvian_trans_karlis_verdins_poem_1.txt,
3176,jh_user_94,save,morio_hayashida_broken_mirror_from_japanese_trans_kenji_c_liu_poem_3.txt,
3176,jh_user_39,save,monika_herceg_respading_from_croatian_trans_marina_veverec_poem_4.txt,
3176,jh_user_9,save,monika_herceg_respading_from_croatian_trans_marina_veverec_poem_4.txt,
3177,jh_user_57,save,musan_cho_ohhyun_the_sound_of_my_own_cry_from_korean_trans_heinz_insu_fenkl_poem_5.txt,
3179,jh_user_31,save,morio_hayashida_where_to_go_from_japanese_trans_kenji_c_liu_poem_6.txt,
3181,jh_user_14,save,morio_hayashida_where_to_go_from_japanese_trans_kenji_c_liu_poem_6.txt,
3185,jh_user_90,save,musan_cho_ohhyun_2007_nbsp_seoul_at_night_from_korean_trans_heinz_insu_fenkl_poem_2.txt,
3186,jh_user_16,save,nadia_anjuman_drink_drink_from_dari_trans_diana_arterian_and_marina_omar_poem_2.txt,
3187,jh_user_27,save,mário_de_andrade_ii_the_typewriter_from_portuguese_trans_ana_paula_poem_2.txt,
3189,jh_user_47,save,muḥammad_almāghūṭ_tattoo_from_arabic_trans_nina_youkhanna_and_elliott_colla_poem_2.txt,
3190,jh_user_85,save,monta_kroma_untitled_1_from_latvian_trans_karlis_verdins_poem_1.txt,
3190,jh_user_101,save,mário_de_andrade_xvii_from_portuguese_trans_ana_paula_poem_6.txt,
3191,jh_user_24,save,monta_kroma_untitled_1_from_latvian_trans_karlis_verdins_poem_1.txt,
3192,jh_user_68,save,musan_cho_ohhyun_waning_landscape_from_korean_trans_heinz_insu_fenkl_poem_3.txt,
3195,jh_user_91,save,nadia_anjuman_the_dark_mountain_from_dari_trans_diana_arterian_and_marina_omar_poem_3.txt,
3197,jh_user_98,save,murilo_mendes_most_strong_idea_from_portuguese_trans_lucas_lazzaretti_and_brett_defries_poem_4.txt,
3199,jh_user_48,save,murilo_mendes_most_strong_idea_from_portuguese_trans_lucas_lazzaretti_and_brett_defries_poem_4.txt,
3200,jh_user_26,save,najwan_darwish_to_hell_from_arabic_trans_kareem_james_abuzeid_poem_2.txt,
3200,jh_user_70,save,mário_de_andrade_i_from_portuguese_trans_ana_paula_poem_1.txt,
3201,jh_user_46,save,nadia_anjuman_the_dark_mountain_from_dari_trans_diana_arterian_and_marina_omar_poem_3.txt,
3201,jh_user_81,save,muḥammad_almāghūṭ_human_surplus_from_arabic_trans_nina_youkhanna_and_elliott_colla_poem_1.txt,
3201,jh_user_5,save,muḥammad_almāghūṭ_man_on_the_sidewalk_from_arabic_trans_nina_youkhanna_and_elliott_colla_poem_3.txt,
3202,jh_user_98,save,nansŏrhŏn_hŏ_in_a_dream_strolling_mulberry_mountain_prologue_to_a_poem_from_chinese_trans_ian_haight_and_taeyong_hŏ_poem_3.txt,
3202,jh_user_65,save,mário_de_andrade_v_from_portuguese_trans_ana_paula_poem_3.txt,
3203,jh_user_13,save,nadia_anjuman_drink_drink_from_dari_trans_diana_arterian_and_marina_omar_poem_2.txt,
3204,jh_user_40,save,najwan_darwish_in_shatila_from_arabic_trans_kareem_james_abuzeid_poem_4.txt,
3205,jh_user_43,save,najwan_darwish_to_hell_from_arabic_trans_kareem_james_abuzeid_poem_2.txt,
3205,jh_user_29,save,nadia_anjuman_poison_from_dari_trans_diana_arterian_and_marina_omar_poem_1.txt,
3206,jh_user_90,save,natalia_toledo_untitled_from_zapotec_trans_clare_sullivan_and_irma_pineda_poem_1.txt,
3207,jh_user_3,save,nadia_anjuman_poison_from_dari_trans_diana_arterian_and_marina_omar_poem_1.txt,
3208,jh_user_44,save,najwan_darwish_to_abdel_amir_jaras_from_arabic_trans_kareem_james_abuzeid_poem_5.txt,
3210,jh_user_75,save,najwan_darwish_the_land_from_arabic_trans_kareem_james_abuzeid_poem_3.txt,
3214,jh_user_69,save,najwan_darwish_because_of_a_woman_from_arabic_trans_kareem_james_abuzeid_poem_1.txt,
3215,jh_user_11,save,nashville_closing_scene.txt,
3216,jh_user_57,save,mário_de_andrade_xii_from_portuguese_trans_ana_paula_poem_4.txt,
3219,jh_user_46,save,mário_de_andrade_v_from_portuguese_trans_ana_paula_poem_3.txt,
3219,jh_user_18,save,mário_de_andrade_xii_from_portuguese_trans_ana_paula_poem_4.txt,
3220,jh_user_44,save,mário_de_andrade_i_from_portuguese_trans_ana_paula_poem_1.txt,
3220,jh_user_71,save,nansŏrhŏn_hŏ_an_alluring_encounter_from_chinese_trans_ian_haight_and_taeyong_hŏ_poem_1.txt,
3222,jh_user_4,save,natalia_toledo_house_of_my_dreams_from_isthmus_trans_natalia_toledo_and_clare_sullivan_poem_2.txt,
3222,jh_user_10,save,mário_de_andrade_i_from_portuguese_trans_ana_paula_poem_1.txt,
3224,jh_user_25,save,musan_cho_ohhyun_waning_landscape_from_korean_trans_heinz_insu_fenkl_poem_3.txt,
3224,jh_user_5,save,nansŏrhŏn_hŏ_in_a_dream_strolling_mulberry_mountain_prologue_to_a_poem_from_chinese_trans_ian_haight_and_taeyong_hŏ_poem_3.txt,
3224,jh_user_71,save,nashville_closing_scene.txt,
3225,jh_user_15,save,najwan_darwish_the_land_from_arabic_trans_kareem_james_abuzeid_poem_3.txt,
3225,jh_user_93,save,nathan_trantraal_delft_from_kaapse_trans_alice_inggs_poem_1.txt,
3225,jh_user_5,save,natalia_toledo_flower_that_drops_its_petals_from_isthmus_trans_natalia_toledo_and_clare_sullivan_poem_1.txt,
3225,jh_user_17,save,natalia_toledo_untitled_from_zapotec_trans_clare_sullivan_and_irma_pineda_poem_1.txt,
3226,jh_user_79,save,najwan_darwish_in_shatila_from_arabic_trans_kareem_james_abuzeid_poem_4.txt,
3227,jh_user_57,save,nathan_trantraal_hammie_from_kaapse_trans_alice_inggs_poem_3.txt,
3227,jh_user_53,save,nathalie_quintane_untitled_1_from_french_trans_cynthia_hogue_and_sylvain_gallais_poem_1.txt,
3232,jh_user_10,save,nathan_trantraal_esprit_from_kaapse_trans_alice_inggs_poem_4.txt,
3232,jh_user_9,save,mário_de_andrade_xii_from_portuguese_trans_ana_paula_poem_4.txt,
3233,jh_user_56,save,natalia_toledo_untitled_from_zapotec_trans_clare_sullivan_and_irma_pineda_poem_1.txt,
3235,jh_user_10,save,najwan_darwish_because_of_a_woman_from_arabic_trans_kareem_james_abuzeid_poem_1.txt,
3235,jh_user_78,save,natalia_toledo_olga_from_zapotec_trans_clare_sullivan_and_irma_pineda_poem_4.txt,
3236,jh_user_45,save,nansŏrhŏn_hŏ_in_a_dream_strolling_mulberry_mountain_prologue_to_a_poem_from_chinese_trans_ian_haight_and_taeyong_hŏ_poem_3.txt,
3237,jh_user_62,save,natalia_toledo_house_of_bees_from_zapotec_trans_clare_sullivan_and_irma_pineda_poem_5.txt,
3237,jh_user_79,save,nashville_closing_scene.txt,
3238,jh_user_77,save,nadia_anjuman_human_iron_amp_stone_from_dari_trans_diana_arterian_and_marina_omar_poem_4.txt,
3239,jh_user_90,save,najwan_darwish_the_land_from_arabic_trans_kareem_james_abuzeid_poem_3.txt,
3240,jh_user_65,save,najwan_darwish_in_shatila_from_arabic_trans_kareem_james_abuzeid_poem_4.txt,
3240,jh_user_8,save,nansŏrhŏn_hŏ_borrowing_an_elder_brothers_poem_for_seeing_star_temple_from_chinese_trans_ian_haight_and_taeyong_hŏ_poem_2.txt,
3242,jh_user_6,save,natalia_toledo_flower_that_drops_its_petals_from_isthmus_trans_natalia_toledo_and_clare_sullivan_poem_1.txt,
3243,jh_user_25,save,natalia_toledo_valle_de_bravo_convent_1_from_zapotec_trans_clare_sullivan_and_irma_pineda_poem_3.txt,
3243,jh_user_14,save,natalia_toledo_flower_that_drops_its_petals_from_isthmus_trans_natalia_toledo_and_clare_sullivan_poem_1.txt,
3245,jh_user_16,save,natsume_sōseki_from_the_sawdust_recordsnbsp91889_from_chinese_trans_ryan_choi_poem_5.txt,
3248,jh_user_30,save,nathalie_quintane_the_black_horsemanjoan_of_arc_from_french_trans_cynthia_hogue_and_sylvain_gallais_poem_2.txt,
3250,jh_user_56,save,natalia_toledo_house_of_bees_from_zapotec_trans_clare_sullivan_and_irma_pineda_poem_5.txt,
3255,jh_user_50,save,natalia_toledo_prayer_from_zapotec_trans_clare_sullivan_and_irma_pineda_poem_2.txt,
3255,jh_user_45,save,natalia_toledo_house_of_bees_from_zapotec_trans_clare_sullivan_and_irma_pineda_poem_5.txt,
3255,jh_user_57,save,natalia_toledo_untitled_from_zapotec_trans_clare_sullivan_and_irma_pineda_poem_6.txt,
3256,jh_user_57,save,natsume_sōseki_iii_from_chinese_trans_ryan_choi_poem_3.txt,
3257,jh_user_85,save,natsume_sōseki_from_the_sawdust_recordsnbsp91889_from_chinese_trans_ryan_choi_poem_5.txt,
3259,jh_user_2,save,nathalie_quintane_untitled_1_from_french_trans_cynthia_hogue_and_sylvain_gallais_poem_1.txt,
3259,jh_user_64,save,natsume_sōseki_ii_from_chinese_trans_ryan_choi_poem_2.txt,
3260,jh_user_98,save,nhã_thuyên_solution_from_vietnamese_trans_kaitlin_rees_poem_4.txt,
3261,jh_user_48,save,natalia_toledo_valle_de_bravo_convent_1_from_zapotec_trans_clare_sullivan_and_irma_pineda_poem_3.txt,
3261,jh_user_15,save,nhã_thuyên_solution_from_vietnamese_trans_kaitlin_rees_poem_4.txt,
3261,jh_user_30,save,nathalie_quintane_untitled_1_from_french_trans_cynthia_hogue_and_sylvain_gallais_poem_1.txt,
3264,jh_user_76,save,nhã_thuyên_start_from_vietnamese_trans_kaitlin_rees_poem_3.txt,
3264,jh_user_88,save,natalia_toledo_olga_from_zapotec_trans_clare_sullivan_and_irma_pineda_poem_4.txt,
3267,jh_user_46,save,natalia_toledo_valle_de_bravo_convent_1_from_zapotec_trans_clare_sullivan_and_irma_pineda_poem_3.txt,
3269,jh_user_49,save,natalia_toledo_olga_from_zapotec_trans_clare_sullivan_and_irma_pineda_poem_4.txt,
3269,jh_user_6,save,nathan_trantraal_wednesday_16_february_1988_from_kaapse_trans_alice_inggs_poem_2.txt,
3269,jh_user_36,save,nhã_thuyên_start_from_vietnamese_trans_kaitlin_rees_poem_3.txt,
3269,jh_user_29,save,nicole_brossard_disfigure_from_french_trans_robert_majzels_and_erín_moure_poem_3.txt,
3272,jh_user_31,save,nansŏrhŏn_hŏ_borrowing_an_elder_brothers_poem_for_seeing_star_temple_from_chinese_trans_ian_haight_and_taeyong_hŏ_poem_2.txt,
3273,jh_user_90,save,nhã_thuyên_drifting_in_the_land_of_sun_from_vietnamese_trans_kaitlin_rees_poem_1.txt,
3275,jh_user_10,save,natsume_sōseki_from_the_sawdust_recordsnbsp91889_from_chinese_trans_ryan_choi_poem_5.txt,
3275,jh_user_64,save,nansŏrhŏn_hŏ_borrowing_an_elder_brothers_poem_for_seeing_star_temple_from_chinese_trans_ian_haight_and_taeyong_hŏ_poem_2.txt,
3277,jh_user_95,save,nguyễn_quốc_chánh_elsewhere_i_dont_know_but_here_must_be_different_from_vietnamese_trans_haidang_phan_poem_1.txt,
3279,jh_user_74,save,nina_iskrenko_untitled_2_from_russian_trans_anne_gutt_poem_2.txt,
3282,jh_user_9,save,anonymous_libra_from_old_trans_gnaomi_siemens_poem_7.txt,
3283,jh_user_38,save,natsume_sōseki_from_eight_miscellaneous_views_of_mount_hakone_91890_from_chinese_trans_ryan_choi_poem_1.txt,
3283,jh_user_40,save,nguyễn_quốc_chánh_elsewhere_i_dont_know_but_here_must_be_different_from_vietnamese_trans_haidang_phan_poem_1.txt,
3284,jh_user_71,save,natsume_sōseki_iv_from_chinese_trans_ryan_choi_poem_4.txt,
3285,jh_user_41,save,nathan_trantraal_wednesday_16_february_1988_from_kaapse_trans_alice_inggs_poem_2.txt,
3285,jh_user_90,save,natsume_sōseki_v_from_chinese_trans_ryan_choi_poem_6.txt,
3287,jh_user_100,save,natsume_sōseki_iv_from_chinese_trans_ryan_choi_poem_4.txt,
3288,jh_user_17,save,natsume_sōseki_from_eight_miscellaneous_views_of_mount_hakone_91890_from_chinese_trans_ryan_choi_poem_1.txt,
3288,jh_user_74,save,nicole_brossard_une_figure_from_french_trans_robert_majzels_and_erín_moure_poem_8.txt,
3290,jh_user_59,save,nhã_thuyên_solution_from_vietnamese_trans_kaitlin_rees_poem_4.txt,
3291,jh_user_101,save,nhã_thuyên_consequence_from_vietnamese_trans_kaitlin_rees_poem_5.txt,
3292,jh_user_85,save,nicole_brossard_figure_from_french_trans_robert_majzels_and_erín_moure_poem_1.txt,
3293,jh_user_80,save,nguyễn_quốc_chánh_contemporary_people_from_vietnamese_trans_haidang_phan_poem_2.txt,
3293,jh_user_35,save,norman_erikson_pasaribu_curriculum_vitae_2015_from_indonesian_trans_tiffany_tsao_poem_6.txt,
3294,jh_user_70,save,anonymous_libra_from_old_trans_gnaomi_siemens_poem_7.txt,
3295,jh_user_45,save,natsume_sōseki_xivnbsp_on_selfloathing_to_conclude_the_sawdust_records_from_chinese_trans_ryan_choi_poem_7.txt,
3296,jh_user_36,save,nguyễn_quốc_chánh_contemporary_people_from_vietnamese_trans_haidang_phan_poem_2.txt,
3296,jh_user_32,save,natsume_sōseki_from_eight_miscellaneous_views_of_mount_hakone_91890_from_chinese_trans_ryan_choi_poem_1.txt,
3296,jh_user_8,save,nhã_thuyên_time_from_vietnamese_trans_kaitlin_rees_poem_2.txt,
3298,jh_user_101,save,anonymous_libra_from_old_trans_gnaomi_siemens_poem_7.txt,
3298,jh_user_93,save,nhã_thuyên_consequence_from_vietnamese_trans_kaitlin_rees_poem_5.txt,
3301,jh_user_63,save,nguyễn_quốc_chánh_contemporary_people_from_vietnamese_trans_haidang_phan_poem_2.txt,
3302,jh_user_44,save,nina_iskrenko_untitled_2_from_russian_trans_anne_gutt_poem_2.txt,
3302,jh_user_76,save,margento_after-ovid's-elegy.txt,
3304,jh_user_23,save,norman_erikson_pasaribu_inferno_from_indonesian_trans_tiffany_tsao_poem_3.txt,
3305,jh_user_30,save,nguyễn_quốc_chánh_elsewhere_i_dont_know_but_here_must_be_different_from_vietnamese_trans_haidang_phan_poem_1.txt,
3305,jh_user_55,save,nicole_brossard_une_figure_from_french_trans_robert_majzels_and_erín_moure_poem_8.txt,
3306,jh_user_65,save,anonymous_libra_from_old_trans_gnaomi_siemens_poem_7.txt,
3308,jh_user_60,save,nicole_brossard_une_figure_from_french_trans_robert_majzels_and_erín_moure_poem_8.txt,
3309,jh_user_36,save,norman_erikson_pasaribu_curriculum_vitae_2015_from_indonesian_trans_tiffany_tsao_poem_6.txt,
3311,jh_user_41,save,natsume_sōseki_v_from_chinese_trans_ryan_choi_poem_6.txt,
3311,jh_user_75,save,norman_erikson_pasaribu_sergius_seeks_bacchus_from_indonesian_trans_tiffany_tsao_poem_2.txt,
3311,jh_user_50,save,nicole_brossard_caught_in_the_figurative_from_french_trans_robert_majzels_and_erín_moure_poem_6.txt,
3311,jh_user_64,save,nicole_brossard_caught_in_the_figurative_from_french_trans_robert_majzels_and_erín_moure_poem_6.txt,
3311,jh_user_82,save,margento_after-ovid's-elegy.txt,
3313,jh_user_35,save,natsume_sōseki_v_from_chinese_trans_ryan_choi_poem_6.txt,
3313,jh_user_34,save,nurduran_duman_bişnev_ezney_çün_şikâyet_mî_koned__ezcüdâyîhâ_hikâyet_mî_koned_from_turkish_trans_andrew_wessels_poem_2.txt,
3314,jh_user_24,save,nurduran_duman_bişnev_ezney_çün_şikâyet_mî_koned__ezcüdâyîhâ_hikâyet_mî_koned_from_turkish_trans_andrew_wessels_poem_2.txt,
3314,jh_user_97,save,margento_after-ovid's-elegy.txt,
3315,jh_user_3,save,nicole_brossard_caught_in_the_figurative_from_french_trans_robert_majzels_and_erín_moure_poem_6.txt,
3317,jh_user_78,save,nicole_brossard_go_figure_from_french_trans_robert_majzels_and_erín_moure_poem_10.txt,
3318,jh_user_66,save,nóra_ružičková_1925_from_slovak_trans_ivana_hostová_poem_1.txt,
3318,jh_user_2,save,nina_iskrenko_from_spheres_from_russian_trans_anne_gutt_poem_1.txt,
3324,jh_user_2,save,norman_erikson_pasaribu_paradiso_from_indonesian_trans_tiffany_tsao_poem_5.txt,
3328,jh_user_93,save,nicole_brossard_prefigure_from_french_trans_robert_majzels_and_erín_moure_poem_9.txt,
3328,jh_user_80,save,nicole_brossard_prefigure_from_french_trans_robert_majzels_and_erín_moure_poem_9.txt,
3329,jh_user_41,save,margento_after-ovid's-elegy.txt,
3330,jh_user_17,save,nina_iskrenko_from_spheres_from_russian_trans_anne_gutt_poem_1.txt,
3330,jh_user_31,save,nina_iskrenko_from_spheres_from_russian_trans_anne_gutt_poem_1.txt,
3331,jh_user_47,save,norman_erikson_pasaribu_curriculum_vitae_2015_from_indonesian_trans_tiffany_tsao_poem_6.txt,
3331,jh_user_42,save,norman_erikson_pasaribu_inferno_from_indonesian_trans_tiffany_tsao_poem_3.txt,
3332,jh_user_34,save,norman_erikson_pasaribu_inferno_from_indonesian_trans_tiffany_tsao_poem_3.txt,
3333,jh_user_49,save,nicole_brossard_untitled_11_from_french_trans_robert_majzels_and_erín_moure_poem_11.txt,
3334,jh_user_24,save,nicole_brossard_figuration_from_french_trans_robert_majzels_and_erín_moure_poem_2.txt,
3341,jh_user_85,save,nicole_brossard_figuration_from_french_trans_robert_majzels_and_erín_moure_poem_2.txt,
3341,jh_user_80,save,nurduran_duman_sîne_hâhem_şerha_şerha_ezfirâk__tâ_begûyem_şerhi_derdi_iştiyâk_from_turkish_trans_andrew_wessels_poem_6.txt,
3343,jh_user_71,save,note_rushton_margento_en_&_ro.txt,
3344,jh_user_30,save,nurduran_duman_kez_neyistân_tâ_merâ_bobrîde_end__vez_nefîrem_merd_ü_zen_nâlîde_end_from_turkish_trans_andrew_wessels_poem_4.txt,
3344,jh_user_60,save,norman_erikson_pasaribu_paradiso_from_indonesian_trans_tiffany_tsao_poem_5.txt,
3346,jh_user_92,save,néstor_perlongher_once_upon_an_animal_from_spanish_trans_brent_armendinger_poem_1.txt,
3346,jh_user_82,save,norman_erikson_pasaribu_purgatorio_from_indonesian_trans_tiffany_tsao_poem_4.txt,
3348,jh_user_40,save,norman_erikson_pasaribu_he_and_the_tree_from_indonesian_trans_tiffany_tsao_poem_1.txt,
3349,jh_user_75,save,nurduran_duman_verse_3_from_turkish_trans_andrew_wessels_poem_5.txt,
3351,jh_user_15,save,nurduran_duman_verse_1_from_turkish_trans_andrew_wessels_poem_1.txt,
3352,jh_user_80,save,nóra_ružičková_1969_from_slovak_trans_ivana_hostová_poem_6.txt,
3359,jh_user_72,save,norman_erikson_pasaribu_purgatorio_from_indonesian_trans_tiffany_tsao_poem_4.txt,
3359,jh_user_48,save,nóra_ružičková_1953_from_slovak_trans_ivana_hostová_poem_3.txt,
3359,jh_user_79,save,note_rushton_margento_en_&_ro.txt,
3361,jh_user_30,save,néstor_perlongher_once_upon_an_animal_from_spanish_trans_brent_armendinger_poem_1.txt,
3361,jh_user_8,save,néstor_perlongher_once_upon_an_animal_from_spanish_trans_brent_armendinger_poem_1.txt,
3362,jh_user_4,save,nóra_ružičková_1961_from_slovak_trans_ivana_hostová_poem_4.txt,
3364,jh_user_46,save,néstor_perlongher_steam_from_spanish_trans_brent_armendinger_poem_2.txt,
3364,jh_user_99,save,nina_iskrenko_interrogation_from_russian_trans_anne_gutt_poem_3.txt,
3365,jh_user_4,save,nóra_ružičková_1969_from_slovak_trans_ivana_hostová_poem_6.txt,
3367,jh_user_10,save,néstor_perlongher_the_wickedness_of_self_from_spanish_trans_brent_armendinger_poem_3.txt,
3371,jh_user_14,save,néstor_perlongher_the_wickedness_of_self_from_spanish_trans_brent_armendinger_poem_3.txt,
3372,jh_user_27,save,nóra_ružičková_1948_from_slovak_trans_ivana_hostová_poem_2.txt,
3372,jh_user_47,save,nóra_ružičková_1968_from_slovak_trans_ivana_hostová_poem_5.txt,
3373,jh_user_17,save,nurduran_duman_kez_neyistân_tâ_merâ_bobrîde_end__vez_nefîrem_merd_ü_zen_nâlîde_end_from_turkish_trans_andrew_wessels_poem_4.txt,
3373,jh_user_54,save,nóra_ružičková_1953_from_slovak_trans_ivana_hostová_poem_3.txt,
3375,jh_user_101,save,nóra_ružičková_1968_from_slovak_trans_ivana_hostová_poem_5.txt,
3377,jh_user_92,save,néstor_perlongher_steam_from_spanish_trans_brent_armendinger_poem_2.txt,
3379,jh_user_43,save,nóra_ružičková_1968_from_slovak_trans_ivana_hostová_poem_5.txt,
3382,jh_user_41,save,nurduran_duman_verse_3_from_turkish_trans_andrew_wessels_poem_5.txt,
3382,jh_user_88,save,nóra_ružičková_1953_from_slovak_trans_ivana_hostová_poem_3.txt,
3390,jh_user_88,save,nurduran_duman_verse_2_from_turkish_trans_andrew_wessels_poem_3.txt,
3400,jh_user_70,save,néstor_perlongher_steam_from_spanish_trans_brent_armendinger_poem_2.txt,
4050,jh_user_43,save,qiu_jin_inscriptions_on_my_tiny_portrait_in_mens_clothes_from_chinese_trans_yilin_wang_poem_2.txt,
4051,jh_user_4,save,seo_jung_hak_the_cheapest_france_in_town_from_korean_trans_megan_sungyoon_poem_6.txt,
4051,jh_user_34,save,paulo_leminski_sets_versus_setbacks_from_portuguese_trans_elisa_wouk_almino_poem_2.txt,
4053,jh_user_26,save,shanzhai_bridle.txt,
4054,jh_user_78,save,ribka_sibhatu_now_no_one_sings_hosannas_an_open_letter_from_italian_trans_andré_naffissahely_and_ribka_sibhatu_poem_3.txt,
4055,jh_user_73,save,place_cora_kennedy_aitken_near_cannes.txt,
4056,jh_user_83,save,rosmon_tuazon_memento_from_filipino_trans_ben_aguilar_poem_2.txt,
4056,jh_user_51,save,publishing_sphere_reader_danny_snelson_epigraph_collection.txt,
4057,jh_user_13,save,rosmon_tuazon_memento_from_filipino_trans_ben_aguilar_poem_2.txt,
4057,jh_user_42,save,shanzhai_bridle.txt,
4058,jh_user_27,save,pascale_petit_that_walter_said_marcels_sentences_flowed_like_the_nile_from_french_trans_annetta_riley_poem_9.txt,
4058,jh_user_23,save,place_david-baker_weed_granville-ohio-&-ontario-&-illinois-&-eerie-&-carolina-&-asia.txt,
4060,jh_user_43,save,pascale_petit_that_walter_said_marcels_sentences_flowed_like_the_nile_from_french_trans_annetta_riley_poem_9.txt,
4061,jh_user_49,save,pamela_proietti_iii_from_italian_trans_stephen_eric_berry_and_maría_rodríguez_santiago_poem_3.txt,
4062,jh_user_13,save,ouyang_jianghe_picasso_paints_a_bull_from_chinese_trans_austin_woerner_poem_4.txt,
4062,jh_user_41,save,olga_bragina_13_july_2022_from_russian_trans_josephine_von_zitzewitz_poem_4.txt,
4062,jh_user_71,save,publishing_sphere_art_contemporain_group.txt,
4062,jh_user_92,save,publishing_sphere_keywords_camille.txt,
4063,jh_user_31,save,place_david-huerta_trans-juana-adcock_ayotzinapa_oaxaca-&-mexico.txt,
4064,jh_user_38,save,nóra_ružičková_1972_from_slovak_trans_ivana_hostová_poem_7.txt,
4064,jh_user_70,save,place_matthew_arnold_southern_night_mediterranean_france_gibraltar_europe_asia_africa.txt,
4064,jh_user_47,save,shanzhai_au_revoir.txt,
4064,jh_user_50,save,publishing_sphere_art_contemporain_group.txt,
4064,jh_user_24,save,publishing_sphere_keywords_marcello2.txt,
4065,jh_user_74,save,rosmon_tuazon_memento_from_filipino_trans_ben_aguilar_poem_2.txt,
4065,jh_user_90,save,shanzhai_best.txt,
4065,jh_user_95,save,publishing_sphere_keywords_marcello2.txt,
4065,jh_user_36,save,pambos-kouzalis_mud.txt,
4066,jh_user_43,save,odile-kennel_with-sappho-in-the-courtyard.txt,
4066,jh_user_41,save,rasool_yoonan_untitled_5_from_persian_trans_siavash_saadlou_poem_5.txt,
4066,jh_user_1,save,pamela_proietti_vi_from_italian_trans_stephen_eric_berry_and_maría_rodríguez_santiago_poem_6.txt,
4067,jh_user_68,save,phan_nhiên_hạo_vietnamese_horoscopes_from_vietnamese_trans_haidang_phan_poem_5.txt,
4067,jh_user_38,save,odile-kennel_with-sappho-in-the-courtyard.txt,
4068,jh_user_83,save,place_film_festival_poem_artis_cannes.txt,
4069,jh_user_5,save,paalhelge_haugen_76_from_norwegian_trans_julia_johanne_tolo_poem_9.txt,
4069,jh_user_38,save,ouyang_jianghe_picasso_paints_a_bull_from_chinese_trans_austin_woerner_poem_4.txt,
4070,jh_user_96,save,olga_bragina_13_july_2022_from_russian_trans_josephine_von_zitzewitz_poem_4.txt,
4070,jh_user_10,save,publishing_sphere_reader_lionel_ruffel_contemporary_moment.txt,
4071,jh_user_39,save,pambos-kouzalis_mud.txt,
4071,jh_user_57,save,odile-kennel_when-i-close-my-eyes-the-sky-is-an-excavator.txt,
4071,jh_user_74,save,riyad_alsalih_alhussein_syria_from_arabic_trans_suneela_mubayi_and_rana_issa_poem_4.txt,
4071,jh_user_90,save,rose_ausländer_without_a_visa_from_german_trans_carlie_hoffman_poem_2.txt,
4072,jh_user_44,save,pamela_proietti_v_from_italian_trans_stephen_eric_berry_and_maría_rodríguez_santiago_poem_5.txt,
4072,jh_user_61,save,publishing_sphere_keywords_camille.txt,
4072,jh_user_60,save,qiu_jin_reflections_from_chinese_trans_yilin_wang_poem_3.txt,
4072,jh_user_26,save,place_david-baker_weed_granville-ohio-&-ontario-&-illinois-&-eerie-&-carolina-&-asia.txt,
4072,jh_user_19,save,place_david-baker_weed_granville-ohio-&-ontario-&-illinois-&-eerie-&-carolina-&-asia.txt,
4072,jh_user_77,save,samudra_neelima_outdated_girl_withered_bra_wasted_panty_from_malayalam_trans_ra_sh_poem_2.txt,
4073,jh_user_37,save,shanzhai_bridle.txt,
4073,jh_user_57,save,publishing_sphere_keywords_servanne.txt,
4073,jh_user_74,save,shanzhai_best.txt,
4073,jh_user_92,save,oriette_dangelo_caracas_in_your_absence_i_know_ill_find_my_name_from_spanish_trans_lupita_eydetucker_poem_1.txt,
4074,jh_user_32,save,publishing_sphere_danielle_st-amour_on_poem_for_22_objects.txt,
4074,jh_user_7,save,riyad_alsalih_alhussein_our_beautiful_life_from_arabic_trans_suneela_mubayi_and_rana_issa_poem_1.txt,
4074,jh_user_94,save,pamela_proietti_iv_from_italian_trans_stephen_eric_berry_and_maría_rodríguez_santiago_poem_4.txt,
4074,jh_user_53,save,sappho_31_trans_julia_dubnoff_trans_chris_childers_trans_anne_carson_walt_whitman_woman_waits_for_me.txt,
4074,jh_user_52,save,satu-taskinen_interview.txt,
4074,jh_user_69,save,shanzhai_best.txt,
4075,jh_user_73,save,publishing_sphere_keywords_francois2.txt,
4075,jh_user_76,save,roselyne_sibille_latitudes_flee_from_french_trans_karthika_naïr_poem_2.txt,
4075,jh_user_98,save,place_mekhitur-garabedian_always-speaking-the-words-of-others_diaspora-&-translation-&-multilingual-&-foreign-&-postmemory.txt,
4075,jh_user_77,save,raúl_gómez_jattin_a_likely_constantine_cavafy_at_19_from_spanish_trans_james_rumseymerlan_and_camila_vélez_valencia_poem_2.txt,
4075,jh_user_32,save,odile-kennel_with-sappho-in-the-courtyard.txt,
4076,jh_user_22,save,peter_macsovszky_passus_3_from_slovak_trans_ivana_hostová_and_james_sutherlandsmith_poem_1.txt,
4076,jh_user_75,save,rasool_yoonan_untitled_3_from_persian_trans_siavash_saadlou_poem_3.txt,
4076,jh_user_67,save,odile-kennel_when-i-close-my-eyes-the-sky-is-an-excavator.txt,
4076,jh_user_17,save,place_margento_tower_mask_cannes_france.txt,
4076,jh_user_47,save,sabino_esteban_ixcán_jungle_from_q_trans_josé_garcía_escobar_poem_1.txt,
4076,jh_user_59,save,pascale_petit_the_stucco_is_gilded_like_in_a_wooden_folly_from_french_trans_annetta_riley_poem_1.txt,
4076,jh_user_57,save,sabino_esteban_ixcán_jungle_from_q_trans_josé_garcía_escobar_poem_1.txt,
4076,jh_user_49,save,phan_nhiên_hạo_this_country_from_vietnamese_trans_haidang_phan_poem_4.txt,
4076,jh_user_13,save,rufus-mufasa_bad-boy.txt,
4077,jh_user_4,save,nóra_ružičková_2012_from_slovak_trans_ivana_hostová_poem_8.txt,
4077,jh_user_49,save,oriette_dangelo_too_much_calcium_from_spanish_trans_lupita_eydetucker_poem_3.txt,
4077,jh_user_99,save,place_anonymous_trans-christopher-patton_unlikeness-is-us-excerpt-his-message_homeland-&-oceans-&-ships.txt,
4077,jh_user_70,save,paalhelge_haugen_65_from_norwegian_trans_julia_johanne_tolo_poem_6.txt,
4078,jh_user_21,save,publishing_sphere_danielle_st-amour_on_poem_for_22_objects.txt,
4078,jh_user_37,save,place_abraham-sutzkever_trans-seymour-mayne_poem-about-a-herring_thrid-reich-&-warsaw-&-poland.txt,
4078,jh_user_91,save,samira_negrouche_ii_from_french_trans_marilyn_hacker_poem_4.txt,
4079,jh_user_94,save,paulo_leminski_reportedly_from_portuguese_trans_elisa_wouk_almino_poem_4.txt,
4079,jh_user_47,save,phan_nhiên_hạo_vietnamese_horoscopes_from_vietnamese_trans_haidang_phan_poem_5.txt,
4079,jh_user_22,save,olivia_elias_iv_from_french_trans_sarah_riggs_and_jérémy_robert_poem_1.txt,
4079,jh_user_68,save,odile-kennel_when-i-close-my-eyes-the-sky-is-an-excavator.txt,
4079,jh_user_93,save,rasool_yoonan_untitled_3_from_persian_trans_siavash_saadlou_poem_3.txt,
4079,jh_user_51,save,rosa_chávez_the_eyes_of_the_disappeared_from_spanish_trans_gabriela_ramirezchavez_poem_2.txt,
4079,jh_user_2,save,place_gc-waldrep_imagined-plasticity-of-the-visible.txt,
4079,jh_user_7,save,place_joni-mitchell_coyote_baljennie-&-arctic-regions-&-canada-&-bay-of-fundy-&-usa.txt,
4080,jh_user_54,save,red_desert_final_cut.txt,
4080,jh_user_87,save,rosmon_tuazon_monk_from_filipino_trans_ben_aguilar_poem_1.txt,
4080,jh_user_18,save,rosa_chávez_in_our_palm_lines_our_tenderness_is_written_from_spanish_trans_gabriela_ramirezchavez_poem_6.txt,
4080,jh_user_42,save,publishing_sphere_reader_do_or_diy.txt,
4080,jh_user_34,save,place_anonymous_trans-christopher-patton_unlikeness-is-us-excerpt-his-message_homeland-&-oceans-&-ships.txt,
4080,jh_user_96,save,rasool_yoonan_untitled_5_from_persian_trans_siavash_saadlou_poem_5.txt,
4081,jh_user_79,save,osip_mandelstam_meganom_from_russian_trans_alistair_noon_poem_1.txt,
4081,jh_user_61,save,place_oliver_goldsmith_france.txt,
4081,jh_user_23,save,paulo_leminski_sets_versus_setbacks_from_portuguese_trans_elisa_wouk_almino_poem_2.txt,
4081,jh_user_21,save,raúl_zurita_josefina_pessolo_from_spanish_trans_daniel_borzutzky_poem_5.txt,
4081,jh_user_49,save,rosmon_tuazon_in_case_i_run_out_from_filipino_trans_ben_aguilar_poem_4.txt,
4081,jh_user_93,save,paalhelge_haugen_65_from_norwegian_trans_julia_johanne_tolo_poem_6.txt,
4081,jh_user_66,save,publishing_sphere_art_contemporain_group.txt,
4082,jh_user_64,save,sagawa_chika_dark_song_from_japanese_trans_sawako_nakayasu_poem_2.txt,
4082,jh_user_96,save,publishing_sphere_alison_james_on_francois_bon.txt,
4082,jh_user_26,save,satu-taskinen_interview.txt,
4082,jh_user_58,save,olga_bragina_25_june_2022_from_russian_trans_josephine_von_zitzewitz_poem_2.txt,
4082,jh_user_28,save,place_florin-caragiu_mediterranean-suite.txt,
4082,jh_user_67,save,rasool_yoonan_untitled_3_from_persian_trans_siavash_saadlou_poem_3.txt,
4082,jh_user_73,save,publishing_sphere_reader_danny_snelson_epigraph_collection.txt,
4083,jh_user_97,save,osip_mandelstam_1_from_russian_trans_margaree_little_poem_1.txt,
4083,jh_user_72,save,osip_mandelstam_meganom_from_russian_trans_alistair_noon_poem_1.txt,
4083,jh_user_80,save,seo_jung_hak_the_cheapest_france_in_town_from_korean_trans_megan_sungyoon_poem_6.txt,
4083,jh_user_8,save,phu_recalling_love_scenes_by_pleasant_river_from_thai_trans_noh_anothai_poem_2.txt,
4083,jh_user_26,save,piyush_daiya_18_from_hindi_trans_rahul_soni_poem_8.txt,
4083,jh_user_78,save,rosmon_tuazon_marasmus_from_filipino_trans_ben_aguilar_poem_5.txt,
4083,jh_user_4,save,publishing_sphere_reader_do_or_diy.txt,
4084,jh_user_60,save,piyush_daiya_23_from_hindi_trans_rahul_soni_poem_10.txt,
4084,jh_user_58,save,qiu_jin_reflections_from_chinese_trans_yilin_wang_poem_3.txt,
4084,jh_user_45,save,place_rachel_blau_duplessis_draft_65_that_japanese_language_tao.txt,
4084,jh_user_32,save,place_matthew_arnold_southern_night_mediterranean_france_gibraltar_europe_asia_africa.txt,
4084,jh_user_14,save,nóra_ružičková_2012_from_slovak_trans_ivana_hostová_poem_8.txt,
4084,jh_user_12,save,piyush_daiya_23_from_hindi_trans_rahul_soni_poem_10.txt,
4084,jh_user_84,save,pascale_petit_of_the_bavarian_margraves_the_stucconbspis_gilded_like_from_french_trans_annetta_riley_poem_2.txt,
4085,jh_user_4,save,publishing_sphere_designabilities_blog_post.txt,
4085,jh_user_73,save,pascale_petit_of_the_bavarian_margraves_the_stucconbspis_gilded_like_from_french_trans_annetta_riley_poem_2.txt,
4085,jh_user_101,save,pambos-kouzalis_marriage-contract.txt,
4085,jh_user_29,save,rosa_chávez_untitled_5_from_spanish_trans_gabriela_ramirezchavez_poem_5.txt,
4085,jh_user_13,save,salaiman_juhni_we_change_from_arabic_trans_ali_kadhim_and_chris_george_poem_1.txt,
4085,jh_user_51,save,pamela_proietti_iv_from_italian_trans_stephen_eric_berry_and_maría_rodríguez_santiago_poem_4.txt,
4085,jh_user_29,save,roselyne_sibille_latitudes_flee_from_french_trans_karthika_naïr_poem_2.txt,
4085,jh_user_28,save,place_mekhitur-garabedian_always-speaking-the-words-of-others_diaspora-&-translation-&-multilingual-&-foreign-&-postmemory.txt,
4085,jh_user_48,save,patron_henekou_farewell_from_lampedusa_from_french_trans_patron_henekou_poem_1.txt,
4085,jh_user_41,save,osip_mandelstam_1_from_russian_trans_margaree_little_poem_1.txt,
4085,jh_user_81,save,riyad_alsalih_alhussein_our_beautiful_life_from_arabic_trans_suneela_mubayi_and_rana_issa_poem_1.txt,
4086,jh_user_24,save,raúl_zurita_ana_canessa_from_spanish_trans_daniel_borzutzky_poem_1.txt,3.0
4086,jh_user_74,save,qiu_jin_inscriptions_on_my_tiny_portrait_in_mens_clothes_from_chinese_trans_yilin_wang_poem_2.txt,
4086,jh_user_40,save,paalhelge_haugen_57_from_norwegian_trans_julia_johanne_tolo_poem_4.txt,
4086,jh_user_43,save,phoebe_giannisi_prelude_to_the_tao_way_from_greek_trans_brian_sneeden_poem_2.txt,
4086,jh_user_76,save,rasool_yoonan_untitled_2_from_persian_trans_siavash_saadlou_poem_2.txt,
4086,jh_user_62,save,rosa_chávez_queerskinned_girl_from_spanish_trans_gabriela_ramirezchavez_poem_8.txt,
4086,jh_user_50,save,riyad_alsalih_alhussein_our_beautiful_life_from_arabic_trans_suneela_mubayi_and_rana_issa_poem_1.txt,
4086,jh_user_84,save,oriette_dangelo_too_much_calcium_from_spanish_trans_lupita_eydetucker_poem_3.txt,
4086,jh_user_73,save,piyush_daiya_23_from_hindi_trans_rahul_soni_poem_10.txt,
4087,jh_user_89,save,saksiri_meesomsueb_sleight_from_thai_trans_noh_anothai_poem_1.txt,
4087,jh_user_25,save,phan_nhiên_hạo_this_country_from_vietnamese_trans_haidang_phan_poem_4.txt,
4087,jh_user_93,save,osdany_morales_what_is_your_favorite_movienbsp_from_spanish_trans_harry_bauld_poem_1.txt,
4087,jh_user_60,save,place_wingston-gonzales_trans-jose-garcia-escobar_so-my-kimera_corinth-&-greece-&-india-&-asia.txt,3.0
4087,jh_user_59,save,place_inrasara_trad-alec-schachner_cham-night_forest-&-farms-&-shores-&-diaspora-&-vietnam.txt,3.0
4088,jh_user_47,save,publishing_sphere_diana_hamilton_expository_on_some_kisses.txt,
4088,jh_user_69,save,publishing_sphere_nick_thurston_index_2.txt,
4088,jh_user_48,save,raúl_zurita_iván_zurita_from_spanish_trans_daniel_borzutzky_poem_2.txt,3.0
4088,jh_user_20,save,pamela_proietti_v_from_italian_trans_stephen_eric_berry_and_maría_rodríguez_santiago_poem_5.txt,
4088,jh_user_35,save,pamela_proietti_vi_from_italian_trans_stephen_eric_berry_and_maría_rodríguez_santiago_poem_6.txt,
4088,jh_user_63,save,pierre_peuchmaurd_glimmers_from_french_trans_ec_belli_poem_1.txt,3.0
4088,jh_user_48,save,phan_nhiên_hạo_this_country_from_vietnamese_trans_haidang_phan_poem_4.txt,
4088,jh_user_68,save,quotes_tempest_dr_aidan.txt,3.0
4088,jh_user_3,save,pambos-kouzalis_mud.txt,
4088,jh_user_42,save,raúl_zurita_iván_zurita_from_spanish_trans_daniel_borzutzky_poem_2.txt,3.0
4089,jh_user_80,save,quyên_nguyễnhoàng_a_poetics_of_sleep_2_the_no_center_of_writing_from_vietnamese_trans_quyên_nguyễnhoàng_poem_2.txt,3.0
4089,jh_user_53,save,publishing_sphere_reader_darren_wershler_tapeworm_foundry.txt,3.0
4089,jh_user_15,save,place_aracelis-girmay_woodlice.txt,
4089,jh_user_9,save,robert_rybicki_in_one_moment_from_polish_trans_mark_tardi_poem_3.txt,3.0
4089,jh_user_20,save,place_florin-dan-prodan_trans-margento_macovei-the-dead_focsani-&-ramnicu-sarat-&-transylvania-&-jilava-&-baragan-&-romania-&-the-don-&-russia.txt,3.0
4089,jh_user_78,save,piyush_daiya_18_from_hindi_trans_rahul_soni_poem_8.txt,
4089,jh_user_18,save,place_arthur_joyce_elephant_mountain_ode_british_columbia.txt,3.0
4089,jh_user_33,save,phan_nhiên_hạo_llinois_april_25_2007_from_vietnamese_trans_haidang_phan_poem_2.txt,3.0
4089,jh_user_81,save,pierre_peuchmaurd_glimmers_from_french_trans_ec_belli_poem_1.txt,3.0
4089,jh_user_85,save,rosabetty_muñoz_source_from_spanish_trans_elena_barcia_poem_3.txt,
4090,jh_user_99,save,samira_negrouche_iv_from_french_trans_marilyn_hacker_poem_2.txt,
4090,jh_user_96,save,place_mathilde_blind_on_the_lighthouse_at_antibes.txt,3.0
4090,jh_user_36,save,place_abraham-sutzkever_trans-seymour-mayne_poem-about-a-herring_thrid-reich-&-warsaw-&-poland.txt,
4090,jh_user_4,save,publishing_sphere_craig_dworkin_fact.txt,
4090,jh_user_40,save,place_babylonians-trans-jared-pearce_womanumission.txt,3.0
4090,jh_user_42,save,pambos-kouzalis_marriage-contract.txt,
4090,jh_user_32,save,sagawa_chika_ocean_angel_from_japanese_trans_sawako_nakayasu_poem_3.txt,3.0
4090,jh_user_73,save,rosmon_tuazon_in_case_i_run_out_from_filipino_trans_ben_aguilar_poem_4.txt,
4090,jh_user_88,save,sappho_31_trans_julia_dubnoff_trans_chris_childers_trans_anne_carson_walt_whitman_woman_waits_for_me.txt,
4090,jh_user_5,save,osip_mandelstam_january_2122_1937_from_russian_trans_john_high_and_matvei_yankelevich_poem_4.txt,3.0
4090,jh_user_91,save,seo_jung_hak_surreal_machinery_and_green_trees_from_korean_trans_megan_sungyoon_poem_3.txt,
4090,jh_user_5,save,pamela_proietti_v_from_italian_trans_stephen_eric_berry_and_maría_rodríguez_santiago_poem_5.txt,
4090,jh_user_96,save,place_rainer-maria-rilke_trans-paul-weinfield_maybe-i-am-traveling_from-book-of-hours.txt,3.0
4090,jh_user_73,save,pamela_proietti_sicily_from_italian_trans_donna_mancusiungaro_hart_and_stephen_eric_berry_poem_3.txt,3.0
4090,jh_user_4,save,rachida_madani_xiii_from_french_trans_marilyn_hacker_poem_4.txt,3.0
4091,jh_user_24,save,piyush_daiya_6_from_hindi_trans_rahul_soni_poem_2.txt,3.0
4091,jh_user_46,save,satu-taskinen_bio.txt,3.0
4091,jh_user_30,save,pura_lópezcolomé_3_vocatives_from_spanish_trans_dan_bellm_poem_1.txt,3.0
4091,jh_user_69,save,robert_rybicki_untitled_from_polish_trans_mark_tardi_poem_5.txt,
4091,jh_user_99,save,pamela_proietti_sicily_from_italian_trans_donna_mancusiungaro_hart_and_stephen_eric_berry_poem_3.txt,3.0
4091,jh_user_52,save,place_gc-waldrep_imagined-plasticity-of-the-visible.txt,
4091,jh_user_40,save,petr_bezruč_the_miner_from_czech_trans_jacob_a_bennett_poem_3.txt,
4091,jh_user_44,save,robert_rybicki_illuminobjects_from_polish_trans_mark_tardi_poem_1.txt,3.0
4092,jh_user_62,save,shanzhai_beauty.txt,3.0
4092,jh_user_74,save,pamela_proietti_i_from_italian_trans_stephen_eric_berry_and_maría_rodríguez_santiago_poem_1.txt,3.0
4092,jh_user_75,save,rosmon_tuazon_monk_from_filipino_trans_ben_aguilar_poem_1.txt,
4092,jh_user_55,save,place_mathilde_blind_on_the_lighthouse_at_antibes.txt,3.0
4092,jh_user_82,save,sayaka_osaki_momo_in_particular_the_scenes_in_which_the_tortoise_cassiopeia_appears_authors_note_hrefaboo_from_japanese_trans_jeffrey_angles_poem_1.txt,3.0
4092,jh_user_95,save,publishing_sphere_keywords_gerard.txt,3.0
4092,jh_user_73,save,publishing_sphere_keywords_marcello.txt,
4092,jh_user_2,save,pascale_petit_the_coded_meaning_of_the_flower_from_french_trans_annetta_riley_poem_5.txt,3.0
4092,jh_user_32,save,piyush_daiya_9_from_hindi_trans_rahul_soni_poem_4.txt,3.0
4092,jh_user_16,save,pierre_peuchmaurd_the_foam_of_lions_from_french_trans_ec_belli_poem_2.txt,3.0
4092,jh_user_16,save,rasool_yoonan_untitled_2_from_persian_trans_siavash_saadlou_poem_2.txt,
4092,jh_user_67,save,publishing_sphere_keywords_marcello.txt,
4092,jh_user_95,save,raúl_zurita_ana_canessa_from_spanish_trans_daniel_borzutzky_poem_1.txt,3.0
4092,jh_user_36,save,publishing_sphere_helena_chadderton_on_litterature_mineure_of_francois_bon.txt,3.0
4092,jh_user_23,save,seo_jung_hak_surreal_machinery_and_green_trees_from_korean_trans_megan_sungyoon_poem_3.txt,
4092,jh_user_87,save,rosa_chávez_utz_baby_from_spanish_trans_gabriela_ramirezchavez_poem_10.txt,
4092,jh_user_27,save,publishing_sphere_exceptions_group.txt,3.0
4093,jh_user_96,save,shanzhai_comedy.txt,3.0
4093,jh_user_20,save,publishing_sphere_tara_mcpherson_leo_interview.txt,
4093,jh_user_65,save,place_nenten-tsubouchi_trans-rock-&-pan_bat-a-toe-boo_japan-&-asia.txt,3.0
4093,jh_user_48,save,publishing_sphere_servanne_monjour_&_marcello_vitali-rosati_space_and_transmediality_transcanadian_highway.txt,
4093,jh_user_40,save,phoebe_giannisi_prelude_to_the_tao_way_from_greek_trans_brian_sneeden_poem_2.txt,
4093,jh_user_46,save,ondrej-buddeus_chatroom-the-history-of-the-coca-cola-trademark-in-central-and-eastern-europe-from-1990-to-2011.txt,
4093,jh_user_78,save,pierre_peuchmaurd_glimmers_from_french_trans_ec_belli_poem_1.txt,3.0
4093,jh_user_46,save,shanzhai_beauty.txt,3.0
4093,jh_user_69,save,qiu_jin_pusaman_a_message_for_a_female_friend_from_chinese_trans_yilin_wang_poem_1.txt,3.0
4093,jh_user_27,save,place_anonymous_trans-christopher-patton_unlikeness-is-us-excerpt-his-message_homeland-&-oceans-&-ships.txt,
4093,jh_user_76,save,place_arthur_joyce_elephant_mountain_ode_british_columbia.txt,3.0
4094,jh_user_40,save,patron_henekou_farewell_from_lampedusa_from_french_trans_patron_henekou_poem_1.txt,
4094,jh_user_55,save,robert_rybicki_in_one_moment_from_polish_trans_mark_tardi_poem_3.txt,3.0
4094,jh_user_59,save,oriette_dangelo_too_much_calcium_from_spanish_trans_lupita_eydetucker_poem_3.txt,
4094,jh_user_73,save,qiu_jin_pusaman_a_message_for_a_female_friend_from_chinese_trans_yilin_wang_poem_1.txt,3.0
4094,jh_user_44,save,sayaka_osaki_momo_in_particular_the_scenes_in_which_the_tortoise_cassiopeia_appears_authors_note_hrefaboo_from_japanese_trans_jeffrey_angles_poem_1.txt,3.0
4094,jh_user_88,save,publishing_sphere_nick_thurston_index_2.txt,
4094,jh_user_48,save,pamela_proietti_sicily_from_italian_trans_donna_mancusiungaro_hart_and_stephen_eric_berry_poem_3.txt,3.0
4094,jh_user_18,save,ribka_sibhatu_now_no_one_sings_hosannas_an_open_letter_from_italian_trans_andré_naffissahely_and_ribka_sibhatu_poem_3.txt,
4094,jh_user_30,save,olga_bragina_25_june_2022_from_russian_trans_josephine_von_zitzewitz_poem_2.txt,
4094,jh_user_4,save,pablo_ingberg_smoke_signals_from_spanish_trans_sarah_moses_poem_2.txt,3.0
4094,jh_user_97,save,sayaka_osaki_momo_in_particular_the_scenes_in_which_the_tortoise_cassiopeia_appears_authors_note_hrefaboo_from_japanese_trans_jeffrey_angles_poem_1.txt,3.0
4094,jh_user_64,save,rose_ausländer_without_a_visa_from_german_trans_carlie_hoffman_poem_2.txt,
4094,jh_user_48,save,place_felix-nicolau_strawberry-pickers_alaska-&-jiu-valley.txt,3.0
4094,jh_user_82,save,rosabetty_muñoz_sorrowful_mysteries_from_spanish_trans_elena_barcia_poem_2.txt,3.0
4094,jh_user_78,save,place_nenten-tsubouchi_trans-rock-&-pan_bat-a-toe-boo_japan-&-asia.txt,3.0
4094,jh_user_52,save,publishing_sphere_diana_hamilton_autobiography_of_fatness.txt,3.0
4094,jh_user_53,save,publishing_sphere_diana_hamilton_expository_on_some_kisses.txt,
4094,jh_user_90,save,salaiman_juhni_roots_from_arabic_trans_ali_kadhim_and_chris_george_poem_3.txt,
4095,jh_user_56,save,place_joni-mitchell_coyote_baljennie-&-arctic-regions-&-canada-&-bay-of-fundy-&-usa.txt,
4095,jh_user_4,save,sananta_tanty_language_from_assamese_trans_dibyajoti_sarma_poem_1.txt,
4095,jh_user_84,save,publishing_sphere_diana_hamilton_autobiography_of_fatness.txt,3.0
4095,jh_user_29,save,publishing_sphere_keywords_eric.txt,3.0
4095,jh_user_86,save,raúl_zurita_ana_canessa_from_spanish_trans_daniel_borzutzky_poem_1.txt,3.0
4095,jh_user_54,save,rosa_chávez_untitled_3_from_spanish_trans_gabriela_ramirezchavez_poem_3.txt,
4095,jh_user_28,save,piyush_daiya_7_from_hindi_trans_rahul_soni_poem_3.txt,
4095,jh_user_76,save,osdany_morales_what_is_your_favorite_movienbsp_from_spanish_trans_harry_bauld_poem_1.txt,
4095,jh_user_78,save,rosmon_tuazon_in_case_i_run_out_from_filipino_trans_ben_aguilar_poem_4.txt,
4095,jh_user_65,save,robert_rybicki_the_center_from_polish_trans_mark_tardi_poem_6.txt,3.0
4095,jh_user_47,save,publishing_sphere_diana_hamilton_autobiography_of_fatness.txt,3.0
4095,jh_user_34,save,raúl_zurita_iván_zurita_from_spanish_trans_daniel_borzutzky_poem_2.txt,3.0
4095,jh_user_40,save,shanzhai_comedy.txt,3.0
4095,jh_user_98,save,samira_negrouche_ii_from_french_trans_marilyn_hacker_poem_4.txt,
4095,jh_user_85,save,place_nenten-tsubouchi_trans-rock-&-pan_how're-you_japan.txt,
4095,jh_user_82,save,osip_mandelstam_january_9_1937_from_russian_trans_john_high_and_matvei_yankelevich_poem_2.txt,3.0
4095,jh_user_46,save,sabino_esteban_names_of_villages_from_q_trans_josé_garcía_escobar_poem_2.txt,3.0
4095,jh_user_74,save,shanzhai_comedy.txt,3.0
4095,jh_user_17,save,place_nenten-tsubouchi_trans-rock-&-pan_how're-you_japan.txt,
4096,jh_user_47,save,robert_rybicki_in_one_moment_from_polish_trans_mark_tardi_poem_3.txt,3.0
4096,jh_user_78,save,nóra_ružičková_2012_from_slovak_trans_ivana_hostová_poem_8.txt,
4096,jh_user_24,save,publishing_sphere_nick_thurston_index_2.txt,
4096,jh_user_62,save,publishing_sphere_keywords_dominic2.txt,3.0
4096,jh_user_61,save,pascale_petit_the_coded_meaning_of_the_flower_from_french_trans_annetta_riley_poem_5.txt,3.0
4096,jh_user_86,save,publishing_sphere_keywords_gerard.txt,3.0
4096,jh_user_19,save,sabino_esteban_names_of_villages_from_q_trans_josé_garcía_escobar_poem_2.txt,3.0
4096,jh_user_99,save,rachida_madani_xiii_from_french_trans_marilyn_hacker_poem_4.txt,3.0
4096,jh_user_16,save,rosa_chávez_untitled_7_from_spanish_trans_gabriela_ramirezchavez_poem_7.txt,3.0
4096,jh_user_50,save,sappho_31_trans_julia_dubnoff_trans_chris_childers_trans_anne_carson_walt_whitman_woman_waits_for_me.txt,
4096,jh_user_63,save,pascale_petit_its_not_because_he_wanted_to_swim_with_him_from_french_trans_annetta_riley_poem_8.txt,3.0
4096,jh_user_93,save,place_death_of_prince_leopold_by_william_topaz_mcgonagall.txt,3.0
4096,jh_user_45,save,place_martin-glaz-serup_roman-nights_rome-venice-colle-di-val-d'elsa-italy-&-nicaragua-&-russia-&-usa-&-amager-denmark-&-sarajevo-bosnia-&-costa-brava-spain-&-gothenburg-sweden-&-berlin-germany.txt,3.0
4096,jh_user_20,save,raymond_queneau_toward_an_ars_poetica_no_6_from_french_trans_patience_haggin_poem_2.txt,3.0
4096,jh_user_32,save,place_martin-glaz-serup_roman-nights_rome-venice-colle-di-val-d'elsa-italy-&-nicaragua-&-russia-&-usa-&-amager-denmark-&-sarajevo-bosnia-&-costa-brava-spain-&-gothenburg-sweden-&-berlin-germany.txt,3.0
4096,jh_user_96,save,pierre_peuchmaurd_glimmers_from_french_trans_ec_belli_poem_1.txt,3.0
4097,jh_user_89,save,place_matthew_arnold_southern_night_mediterranean_france_gibraltar_europe_asia_africa.txt,
4097,jh_user_30,save,rachida_madani_xiii_from_french_trans_marilyn_hacker_poem_4.txt,3.0
4097,jh_user_90,save,phu_antics_on_elephantback_from_thai_trans_noh_anothai_poem_1.txt,
4097,jh_user_87,save,place_florin-dan-prodan_trans-margento_macovei-the-dead_focsani-&-ramnicu-sarat-&-transylvania-&-jilava-&-baragan-&-romania-&-the-don-&-russia.txt,3.0
4097,jh_user_47,save,pura_lópezcolomé_3_vocatives_from_spanish_trans_dan_bellm_poem_1.txt,3.0
4097,jh_user_32,save,salaiman_juhni_roots_from_arabic_trans_ali_kadhim_and_chris_george_poem_3.txt,
4097,jh_user_11,save,piyush_daiya_9_from_hindi_trans_rahul_soni_poem_4.txt,3.0
4097,jh_user_82,save,roselyne_sibille_i_write_to_you_from_the_other_side_of_the_shadow_from_french_trans_karthika_naïr_poem_1.txt,3.0
4097,jh_user_26,save,paalhelge_haugen_73_from_norwegian_trans_julia_johanne_tolo_poem_8.txt,3.0
4097,jh_user_92,save,publishing_sphere_diana_hamilton_autobiography_of_fatness.txt,3.0
4097,jh_user_29,save,place_wingston-gonzales_trans-jose-garcia-escobar_so-my-kimera_corinth-&-greece-&-india-&-asia.txt,3.0
4097,jh_user_23,save,satu-taskinen_bio.txt,3.0
4097,jh_user_68,save,sayaka_osaki_momo_in_particular_the_scenes_in_which_the_tortoise_cassiopeia_appears_authors_note_hrefaboo_from_japanese_trans_jeffrey_angles_poem_1.txt,3.0
4097,jh_user_52,save,place_mathilde_blind_on_the_lighthouse_at_antibes.txt,3.0
4097,jh_user_71,save,publishing_sphere_keywords_michael.txt,3.0
4098,jh_user_23,save,publishing_sphere_keywords_michael.txt,3.0
4098,jh_user_80,save,sabino_esteban_my_mother_from_q_trans_josé_garcía_escobar_poem_5.txt,3.0
4098,jh_user_50,save,shanzhai_darling.txt,
4098,jh_user_50,save,place_florin-dan-prodan_trans-margento_macovei-the-dead_focsani-&-ramnicu-sarat-&-transylvania-&-jilava-&-baragan-&-romania-&-the-don-&-russia.txt,3.0
4098,jh_user_63,save,rasool_yoonan_untitled_4_from_persian_trans_siavash_saadlou_poem_4.txt,
4098,jh_user_59,save,pura_lópezcolomé_3_vocatives_from_spanish_trans_dan_bellm_poem_1.txt,3.0
4098,jh_user_72,save,paalhelge_haugen_33_from_norwegian_trans_julia_johanne_tolo_poem_1.txt,
4098,jh_user_83,save,pierre_peuchmaurd_glimmers_from_french_trans_ec_belli_poem_1.txt,3.0
4098,jh_user_36,save,osip_mandelstam_concerto_at_a_railway_station_from_russian_trans_alistair_noon_poem_2.txt,3.0
4098,jh_user_52,save,place_wingston-gonzales_trans-jose-garcia-escobar_so-my-kimera_corinth-&-greece-&-india-&-asia.txt,3.0
4098,jh_user_17,save,olivia_elias_vii_from_french_trans_sarah_riggs_and_jérémy_robert_poem_4.txt,
4098,jh_user_6,save,publishing_sphere_reader_shanzhai_on_shanzhai_lyric.txt,
4098,jh_user_89,save,publishing_sphere_flaneur_montreal.txt,
4098,jh_user_95,save,place_waly-salomao_jet-legged-poem_paris-&-girona-spain_&-natintingou-cotonou-benin_&_abidjan-cote-d'ivoire_&_bom-jesus-da-lapa-brazil_&_surinam.txt,3.0
4098,jh_user_65,save,piyush_daiya_13_from_hindi_trans_rahul_soni_poem_7.txt,3.0
4098,jh_user_40,save,seo_jung_hak_untitled_1_from_korean_trans_megan_sungyoon_poem_1.txt,
4098,jh_user_36,save,piyush_daiya_10_from_hindi_trans_rahul_soni_poem_5.txt,3.0
4098,jh_user_52,save,place_claudina-domingo_trans-ryan-greene_tremblings_colonia-transito-&-mexico-city-&-mexico.txt,3.0
4098,jh_user_90,save,sabino_esteban_my_mother_from_q_trans_josé_garcía_escobar_poem_5.txt,3.0
4098,jh_user_51,save,rosa_chávez_untitled_3_from_spanish_trans_gabriela_ramirezchavez_poem_3.txt,
4098,jh_user_69,save,place_stanley-plumly_in-passing_niagara-falls.txt,
4098,jh_user_20,save,pascale_petit_the_coded_meaning_of_the_flower_from_french_trans_annetta_riley_poem_5.txt,3.0
4098,jh_user_52,save,sabino_esteban_names_of_villages_from_q_trans_josé_garcía_escobar_poem_2.txt,3.0
4098,jh_user_59,save,place_martin-glaz-serup_roman-nights_rome-venice-colle-di-val-d'elsa-italy-&-nicaragua-&-russia-&-usa-&-amager-denmark-&-sarajevo-bosnia-&-costa-brava-spain-&-gothenburg-sweden-&-berlin-germany.txt,3.0
4099,jh_user_92,save,publishing_sphere_keywords_michael.txt,3.0
4099,jh_user_41,save,saksiri_meesomsueb_doze_from_thai_trans_noh_anothai_poem_2.txt,
4099,jh_user_65,save,publishing_sphere_keywords_sylvia.txt,3.0
4099,jh_user_67,save,osip_mandelstam_january_9_1937_from_russian_trans_john_high_and_matvei_yankelevich_poem_2.txt,3.0
4099,jh_user_81,save,pablo_ingberg_smoke_signals_from_spanish_trans_sarah_moses_poem_2.txt,3.0
4099,jh_user_42,save,rosa_chávez_in_our_palm_lines_our_tenderness_is_written_from_spanish_trans_gabriela_ramirezchavez_poem_6.txt,
4099,jh_user_74,save,paalhelge_haugen_61_from_norwegian_trans_julia_johanne_tolo_poem_5.txt,3.0
4099,jh_user_16,save,piyush_daiya_20_from_hindi_trans_rahul_soni_poem_9.txt,
4099,jh_user_97,save,publishing_sphere_marcello_vitali-rosati_digital_architectures.txt,
4099,jh_user_83,save,place_babylonians-trans-jared-pearce_womanumission.txt,3.0
4099,jh_user_52,save,shanzhai_burn.txt,3.0
4099,jh_user_101,save,phan_nhiên_hạo_llinois_april_25_2007_from_vietnamese_trans_haidang_phan_poem_2.txt,3.0
4099,jh_user_12,save,osip_mandelstam_concerto_at_a_railway_station_from_russian_trans_alistair_noon_poem_2.txt,3.0
4099,jh_user_27,save,ruxandra_novac_r_w_f_nbspnbsp_from_romanian_trans_sarah_thompson_poem_1.txt,3.0
4099,jh_user_45,save,robert-domeneck_in-which-the-poet-celebrates-his-twenty-five-year-old-lover_for-jannis-birsner.txt,3.0
4100,jh_user_57,save,publishing_sphere_designabilities_blog_post.txt,
4100,jh_user_84,save,place_inrasara_trad-alec-schachner_cham-night_forest-&-farms-&-shores-&-diaspora-&-vietnam.txt,3.0
4100,jh_user_23,save,publishing_sphere_keywords_sylvia.txt,3.0
4100,jh_user_41,save,piyush_daiya_6_from_hindi_trans_rahul_soni_poem_2.txt,3.0
4100,jh_user_94,save,place_nestor-sanchez_trans-federico-barea-&-casey-drosehn-gough_manhattan-island-notebook_new-york-&-manhattan-&-harlem-&-hudson-&-los-angeles-&-california-&-buenos-aires-&-latin-america-&-usa.txt,
4100,jh_user_90,save,place_derek_walcott_omeros_excerpts_carribean_st_lucia_africa_anglo_empire.txt,3.0
4100,jh_user_36,save,osdany_morales_what_is_your_favorite_movienbsp_from_spanish_trans_harry_bauld_poem_1.txt,
4100,jh_user_22,save,publishing_sphere_diana_hamilton_expository_on_some_kisses.txt,
4100,jh_user_93,save,rosa_chávez_untitled_7_from_spanish_trans_gabriela_ramirezchavez_poem_7.txt,3.0
4100,jh_user_46,save,publishing_sphere_reader_darren_wershler_tapeworm_foundry.txt,3.0
4100,jh_user_19,save,pamela_proietti_tanka_n_7_from_italian_trans_donna_mancusiungaro_hart_and_stephen_eric_berry_poem_2.txt,3.0
4100,jh_user_92,save,paalhelge_haugen_73_from_norwegian_trans_julia_johanne_tolo_poem_8.txt,3.0
4100,jh_user_100,save,paalhelge_haugen_61_from_norwegian_trans_julia_johanne_tolo_poem_5.txt,3.0
4100,jh_user_46,save,place_babylonians-trans-jared-pearce_womanumission.txt,3.0
4100,jh_user_3,save,paalhelge_haugen_65_from_norwegian_trans_julia_johanne_tolo_poem_6.txt,
4100,jh_user_61,save,publishing_sphere_tara_mcpherson_computer_arts_interview.txt,3.0
4100,jh_user_30,save,salaiman_juhni_we_shall_help_nietzsche_from_arabic_trans_ali_kadhim_and_chris_george_poem_2.txt,3.0
4100,jh_user_20,save,publishing_sphere_keywords_eric.txt,3.0
4100,jh_user_91,save,osip_mandelstam_january_2122_1937_from_russian_trans_john_high_and_matvei_yankelevich_poem_4.txt,3.0
4100,jh_user_68,save,robert_rybicki_untitled_from_polish_trans_mark_tardi_poem_5.txt,
4101,jh_user_66,save,publishing_sphere_keywords_sylvia.txt,3.0
4101,jh_user_9,save,piyush_daiya_13_from_hindi_trans_rahul_soni_poem_7.txt,3.0
4101,jh_user_61,save,pamela_proietti_i_from_italian_trans_stephen_eric_berry_and_maría_rodríguez_santiago_poem_1.txt,3.0
4101,jh_user_33,save,sayaka_osaki_momo_in_particular_the_scenes_in_which_the_tortoise_cassiopeia_appears_authors_note_hrefaboo_from_japanese_trans_jeffrey_angles_poem_1.txt,3.0
4101,jh_user_59,save,piyush_daiya_9_from_hindi_trans_rahul_soni_poem_4.txt,3.0
4101,jh_user_84,save,phan_nhiên_hạo_llinois_april_25_2007_from_vietnamese_trans_haidang_phan_poem_2.txt,3.0
4101,jh_user_43,save,rufus-mufasa_bad-boy.txt,
4101,jh_user_24,save,place_mathilde_blind_on_the_lighthouse_at_antibes.txt,3.0
4101,jh_user_63,save,place_joni-mitchell_furry-sings-the-blues_memphis-&-usa.txt,
4101,jh_user_15,save,qiu_jin_pusaman_a_message_for_a_female_friend_from_chinese_trans_yilin_wang_poem_1.txt,3.0
4101,jh_user_64,save,osip_mandelstam_concerto_at_a_railway_station_from_russian_trans_alistair_noon_poem_2.txt,3.0
4101,jh_user_83,save,publishing_sphere_reader_darren_wershler_tapeworm_foundry.txt,3.0
4101,jh_user_40,save,raúl_zurita_felipe_zurita_from_spanish_trans_daniel_borzutzky_poem_3.txt,
4102,jh_user_38,save,paalhelge_haugen_73_from_norwegian_trans_julia_johanne_tolo_poem_8.txt,3.0
4102,jh_user_6,save,publishing_sphere_keywords_michael.txt,3.0
4102,jh_user_72,save,place_oliver_goldsmith_france.txt,
4102,jh_user_82,save,place_mathilde_blind_cagnes.txt,3.0
4102,jh_user_42,save,publishing_sphere_public_space_poetics_group.txt,3.0
4102,jh_user_33,save,roselyne_sibille_i_write_to_you_from_the_other_side_of_the_shadow_from_french_trans_karthika_naïr_poem_1.txt,3.0
4102,jh_user_13,save,satu-taskinen_bio.txt,3.0
4102,jh_user_17,save,raymond_queneau_toward_an_ars_poetica_no_6_from_french_trans_patience_haggin_poem_2.txt,3.0
4102,jh_user_74,save,robert-domeneck_in-which-the-poet-celebrates-his-twenty-five-year-old-lover_for-jannis-birsner.txt,3.0
4102,jh_user_50,save,shanzhai_at_sight.txt,3.0
4102,jh_user_28,save,pura_lópezcolomé_3_vocatives_from_spanish_trans_dan_bellm_poem_1.txt,3.0
4102,jh_user_83,save,robert_rybicki_in_one_moment_from_polish_trans_mark_tardi_poem_3.txt,3.0
4102,jh_user_72,save,place_death_of_prince_leopold_by_william_topaz_mcgonagall.txt,3.0
4102,jh_user_13,save,pascale_petit_the_stucco_is_gilded_like_in_a_wooden_folly_from_french_trans_annetta_riley_poem_1.txt,
4102,jh_user_92,save,riyad_alsalih_alhussein_15111979_from_arabic_trans_suneela_mubayi_and_rana_issa_poem_2.txt,3.0
4102,jh_user_61,save,place_derek_walcott_omeros_excerpts_carribean_st_lucia_africa_anglo_empire.txt,3.0
4102,jh_user_13,save,phoebe_giannisi_prelude_to_the_tao_way_from_greek_trans_brian_sneeden_poem_2.txt,
4102,jh_user_9,save,rachida_madani_xi_from_french_trans_marilyn_hacker_poem_3.txt,3.0
4103,jh_user_43,save,publishing_sphere_danielle_st-amour_on_poem_for_22_objects.txt,
4103,jh_user_75,save,saksiri_meesomsueb_dogs_in_the_lead_from_thai_trans_noh_anothai_poem_3.txt,3.0
4103,jh_user_17,save,ondrej-buddeus_chatroom-the-history-of-the-coca-cola-trademark-in-central-and-eastern-europe-from-1990-to-2011.txt,
4103,jh_user_101,save,pepe_espaliú_1992_from_spanish_trans_ian_russell_poem_1.txt,3.0
4103,jh_user_81,save,shanzhai_burn.txt,3.0
4103,jh_user_66,save,roselyne_sibille_i_write_to_you_from_the_other_side_of_the_shadow_from_french_trans_karthika_naïr_poem_1.txt,3.0
4103,jh_user_75,save,place_andreea_scridon_bucharest_cartography_romania.txt,
4103,jh_user_19,save,robert_rybicki_the_center_from_polish_trans_mark_tardi_poem_6.txt,3.0
4103,jh_user_39,save,publishing_sphere_keywords_sylvia.txt,3.0
4103,jh_user_37,save,place_florin-dan-prodan_trans-margento_macovei-the-dead_focsani-&-ramnicu-sarat-&-transylvania-&-jilava-&-baragan-&-romania-&-the-don-&-russia.txt,3.0
4103,jh_user_15,save,rose_ausländer_black_dove_from_german_trans_carlie_hoffman_poem_1.txt,3.0
4103,jh_user_24,save,saksiri_meesomsueb_dogs_in_the_lead_from_thai_trans_noh_anothai_poem_3.txt,3.0
4103,jh_user_50,save,quyên_nguyễnhoàng_a_poetics_of_sleep_2_the_no_center_of_writing_from_vietnamese_trans_quyên_nguyễnhoàng_poem_2.txt,3.0
4103,jh_user_43,save,publishing_sphere_exceptions_group.txt,3.0
4103,jh_user_41,save,place_rachel_blau_duplessis_draft_65_that_japanese_language_tao.txt,
4103,jh_user_2,save,place_inrasara_trad-alec-schachner_cham-night_forest-&-farms-&-shores-&-diaspora-&-vietnam.txt,3.0
4103,jh_user_37,save,pamela_proietti_ii_from_italian_trans_stephen_eric_berry_and_maría_rodríguez_santiago_poem_2.txt,
4103,jh_user_69,save,place_ed_dorn_if_somebody_asks_where_you_come_from_remember_la_jolla_california_america.txt,
4103,jh_user_97,save,paola_gallo_the_kiss_from_spanish_trans_adam_giannelli_poem_1.txt,3.0
4103,jh_user_25,save,shanzhai_comedy.txt,3.0
4103,jh_user_69,save,publishing_sphere_servanne_monjour_&_marcello_vitali-rosati_space_and_transmediality_transcanadian_highway.txt,
4103,jh_user_2,save,publishing_sphere_keywords_craig.txt,3.0
4104,jh_user_67,save,petr_bezruč_the_miner_from_czech_trans_jacob_a_bennett_poem_3.txt,
4104,jh_user_101,save,olga_bragina_25_june_2022_from_russian_trans_josephine_von_zitzewitz_poem_2.txt,
4104,jh_user_40,save,publishing_sphere_reader_danielle_st-amour_loosely_assembled.txt,3.0
4104,jh_user_29,save,sagawa_chika_ocean_angel_from_japanese_trans_sawako_nakayasu_poem_3.txt,3.0
4104,jh_user_49,save,shanzhai_burn.txt,3.0
4104,jh_user_57,save,petr_bezruč_red_flower_from_czech_trans_jacob_a_bennett_poem_1.txt,3.0
4104,jh_user_23,save,pascale_petit_the_coded_meaning_of_the_flower_from_french_trans_annetta_riley_poem_5.txt,3.0
4104,jh_user_66,save,publishing_sphere_diana_hamilton_autobiography_of_fatness.txt,3.0
4104,jh_user_38,save,rufus-mufasa_bad-boy.txt,
4104,jh_user_100,save,place_nenten-tsubouchi_trans-rock-&-pan_bat-a-toe-boo_japan-&-asia.txt,3.0
4104,jh_user_83,save,patron_henekou_letter_xv_to_the_spokesperson_of_parliament_from_french_trans_patron_henekou_poem_2.txt,
4104,jh_user_83,save,publishing_sphere_exceptions_group.txt,3.0
4104,jh_user_18,save,publishing_sphere_reader_darren_wershler_tapeworm_foundry.txt,3.0
4104,jh_user_30,save,place_clarissa_aykroyd_leaving_basel_switzerland.txt,3.0
4104,jh_user_53,save,samira_negrouche_iv_from_french_trans_marilyn_hacker_poem_2.txt,
4104,jh_user_98,save,publishing_sphere_nick_thurston_index_1.txt,3.0
4104,jh_user_51,save,place_teodora-coman_trans-margento-&-sorkin-&-coman_dispatcher-at-the-base.txt,3.0
4104,jh_user_30,save,pamela_proietti_sicily_from_italian_trans_donna_mancusiungaro_hart_and_stephen_eric_berry_poem_3.txt,3.0
4104,jh_user_54,save,pascale_petit_the_coded_meaning_of_the_flower_from_french_trans_annetta_riley_poem_5.txt,3.0
4104,jh_user_33,save,place_mathilde_blind_on_the_lighthouse_at_antibes.txt,3.0
4104,jh_user_70,save,rachida_madani_xi_from_french_trans_marilyn_hacker_poem_3.txt,3.0
4104,jh_user_46,save,place_andreea_scridon_bucharest_cartography_romania.txt,
4104,jh_user_80,save,patron_henekou_farewell_from_lampedusa_from_french_trans_patron_henekou_poem_1.txt,
4105,jh_user_57,save,publishing_sphere_flaneur_montreal.txt,
4105,jh_user_69,save,place_wingston-gonzales_trans-jose-garcia-escobar_so-my-kimera_corinth-&-greece-&-india-&-asia.txt,3.0
4105,jh_user_76,save,rosa_chávez_untitled_3_from_spanish_trans_gabriela_ramirezchavez_poem_3.txt,
4105,jh_user_91,save,rosa_chávez_may_my_heart_bloom_when_it_stops_pumping_red_ink_may_it_burst_into_small_thorns_from_spanish_trans_gabriela_ramirezchavez_poem_9.txt,3.0
4105,jh_user_17,save,rachida_madani_xi_from_french_trans_marilyn_hacker_poem_3.txt,3.0
4105,jh_user_100,save,samudra_neelima_a_manifesto_of_saliva_from_malayalam_trans_ra_sh_poem_1.txt,
4105,jh_user_4,save,osip_mandelstam_6_from_russian_trans_margaree_little_poem_6.txt,
4105,jh_user_85,save,shanzhai_at_sight.txt,3.0
4105,jh_user_29,save,pamela_proietti_pinhole_from_italian_trans_donna_mancusiungaro_hart_and_stephen_eric_berry_poem_1.txt,
4105,jh_user_85,save,publishing_sphere_public_space_poetics_group.txt,3.0
4105,jh_user_51,save,sabino_esteban_my_mother_from_q_trans_josé_garcía_escobar_poem_5.txt,3.0
4105,jh_user_96,save,riyad_alsalih_alhussein_15111979_from_arabic_trans_suneela_mubayi_and_rana_issa_poem_2.txt,3.0
4105,jh_user_97,save,place_wingston-gonzales_trans-jose-garcia-escobar_so-my-kimera_corinth-&-greece-&-india-&-asia.txt,3.0
4105,jh_user_8,save,publishing_sphere_reader_darren_wershler_tapeworm_foundry.txt,3.0
4105,jh_user_86,save,piyush_daiya_13_from_hindi_trans_rahul_soni_poem_7.txt,3.0
4105,jh_user_62,save,publishing_sphere_keywords_sylvia.txt,3.0
4105,jh_user_98,save,place_joanne_dominique_dwyer_down_by_the_river_carolina_america_ireland.txt,
4105,jh_user_48,save,publishing_sphere_reader_danielle_st-amour_loosely_assembled.txt,3.0
4105,jh_user_77,save,publishing_sphere_helena_chadderton_on_litterature_mineure_of_francois_bon.txt,3.0
4105,jh_user_62,save,pamela_proietti_ii_from_italian_trans_stephen_eric_berry_and_maría_rodríguez_santiago_poem_2.txt,
4105,jh_user_95,save,quotes_tempest_dr_aidan.txt,3.0
4106,jh_user_20,save,place_death_of_prince_leopold_by_william_topaz_mcgonagall.txt,3.0
4106,jh_user_59,save,publishing_sphere_keywords_michael.txt,3.0
4106,jh_user_61,save,publishing_sphere_reader_danielle_st-amour_loosely_assembled.txt,3.0
4106,jh_user_15,save,osip_mandelstam_century_from_russian_trans_alistair_noon_poem_3.txt,
4106,jh_user_6,save,place_nenten-tsubouchi_trans-rock-&-pan_bat-a-toe-boo_japan-&-asia.txt,3.0
4106,jh_user_63,save,robert_rybicki_illuminobjects_from_polish_trans_mark_tardi_poem_1.txt,3.0
4106,jh_user_11,save,riyad_alsalih_alhussein_15111979_from_arabic_trans_suneela_mubayi_and_rana_issa_poem_2.txt,3.0
4106,jh_user_9,save,seo_jung_hak_paper_box_factory_from_korean_trans_megan_sungyoon_poem_5.txt,3.0
4106,jh_user_22,save,olivia_elias_vii_from_french_trans_sarah_riggs_and_jérémy_robert_poem_4.txt,
4106,jh_user_11,save,paola_gallo_i_smell_of_amber_parenthesis_from_spanish_trans_adam_giannelli_poem_2.txt,
4106,jh_user_24,save,robert_rybicki_the_center_from_polish_trans_mark_tardi_poem_6.txt,3.0
4106,jh_user_71,save,pascale_petit_its_not_because_he_wanted_to_swim_with_him_from_french_trans_annetta_riley_poem_8.txt,3.0
4106,jh_user_100,save,rachida_madani_xi_from_french_trans_marilyn_hacker_poem_3.txt,3.0
4106,jh_user_59,save,place_joni-mitchell_coyote_baljennie-&-arctic-regions-&-canada-&-bay-of-fundy-&-usa.txt,
4106,jh_user_59,save,publishing_sphere_reader_darren_wershler_tapeworm_foundry.txt,3.0
4106,jh_user_44,save,piyush_daiya_20_from_hindi_trans_rahul_soni_poem_9.txt,
4106,jh_user_24,save,pura_lópezcolomé_3_vocatives_from_spanish_trans_dan_bellm_poem_1.txt,3.0
4106,jh_user_100,save,roselyne_sibille_the_shadow_moans_from_french_trans_karthika_naïr_poem_3.txt,
4106,jh_user_58,save,pamela_proietti_sicily_from_italian_trans_donna_mancusiungaro_hart_and_stephen_eric_berry_poem_3.txt,3.0
4106,jh_user_1,save,oriette_dangelo_too_much_bone_from_spanish_trans_lupita_eydetucker_poem_2.txt,
4106,jh_user_2,save,paola_gallo_the_kiss_from_spanish_trans_adam_giannelli_poem_1.txt,3.0
4106,jh_user_2,save,publishing_sphere_keywords_dominic2.txt,3.0
4106,jh_user_23,save,place_abraham-sutzkever_trans-seymour-mayne_poem-about-a-herring_thrid-reich-&-warsaw-&-poland.txt,
4106,jh_user_42,save,pura_lópezcolomé_3_vocatives_from_spanish_trans_dan_bellm_poem_1.txt,3.0
4106,jh_user_27,save,osip_mandelstam_2_from_russian_trans_margaree_little_poem_2.txt,3.0
4107,jh_user_21,save,place_gc-waldrep_imagined-plasticity-of-the-visible.txt,
4107,jh_user_13,save,riyad_alsalih_alhussein_15111979_from_arabic_trans_suneela_mubayi_and_rana_issa_poem_2.txt,3.0
4107,jh_user_63,save,place_rainer-maria-rilke_trans-paul-weinfield_maybe-i-am-traveling_from-book-of-hours.txt,3.0
4107,jh_user_76,save,publishing_sphere_reader_shanzhai_on_shanzhai_lyric.txt,
4107,jh_user_62,save,publishing_sphere_designabilities_blog_post.txt,
4107,jh_user_16,save,sananta_tanty_savage_from_assamese_trans_dibyajoti_sarma_poem_2.txt,
4107,jh_user_28,save,pepe_espaliú_1992_from_spanish_trans_ian_russell_poem_1.txt,3.0
4107,jh_user_36,save,publishing_sphere_keywords_michael.txt,3.0
4107,jh_user_22,save,publishing_sphere_keywords_dominic.txt,
4107,jh_user_85,save,shanzhai_beauty.txt,3.0
4107,jh_user_7,save,pura_lópezcolomé_praying_mantis_from_spanish_trans_dan_bellm_poem_2.txt,
4107,jh_user_100,save,place_waly-salomao_jet-legged-poem_paris-&-girona-spain_&-natintingou-cotonou-benin_&_abidjan-cote-d'ivoire_&_bom-jesus-da-lapa-brazil_&_surinam.txt,3.0
4107,jh_user_10,save,olivia_elias_vii_from_french_trans_sarah_riggs_and_jérémy_robert_poem_4.txt,
4107,jh_user_19,save,samira_negrouche_iv_from_french_trans_marilyn_hacker_poem_2.txt,
4107,jh_user_39,save,publishing_sphere_reader_danielle_st-amour_loosely_assembled.txt,3.0
4107,jh_user_32,save,osip_mandelstam_january_24_1937_from_russian_trans_john_high_and_matvei_yankelevich_poem_5.txt,
4107,jh_user_25,save,piyush_daiya_13_from_hindi_trans_rahul_soni_poem_7.txt,3.0
4107,jh_user_76,save,place_claudina-domingo_trans-ryan-greene_tremblings_colonia-transito-&-mexico-city-&-mexico.txt,3.0
4107,jh_user_39,save,pablo_ingberg_smoke_signals_from_spanish_trans_sarah_moses_poem_2.txt,3.0
4107,jh_user_60,save,place_arthur_joyce_elephant_mountain_ode_british_columbia.txt,3.0
4107,jh_user_68,save,pascale_petit_its_not_because_he_wanted_to_swim_with_him_from_french_trans_annetta_riley_poem_8.txt,3.0
4107,jh_user_96,save,pascale_petit_its_not_because_he_wanted_to_swim_with_him_from_french_trans_annetta_riley_poem_8.txt,3.0
4107,jh_user_40,save,seo_jung_hak_paper_box_factory_from_korean_trans_megan_sungyoon_poem_5.txt,3.0
4108,jh_user_5,save,publishing_sphere_danielle_st-amour_x_is_for.txt,
4108,jh_user_18,save,osip_mandelstam_concerto_at_a_railway_station_from_russian_trans_alistair_noon_poem_2.txt,3.0
4108,jh_user_76,save,piyush_daiya_11_from_hindi_trans_rahul_soni_poem_6.txt,
4108,jh_user_19,save,publishing_sphere_keywords_chris.txt,3.0
4108,jh_user_82,save,publishing_sphere_keywords_francois2.txt,
4108,jh_user_10,save,osip_mandelstam_january_2122_1937_from_russian_trans_john_high_and_matvei_yankelevich_poem_4.txt,3.0
4108,jh_user_34,save,ruxandra_novac_r_w_f_nbspnbsp_from_romanian_trans_sarah_thompson_poem_1.txt,3.0
4108,jh_user_69,save,paalhelge_haugen_73_from_norwegian_trans_julia_johanne_tolo_poem_8.txt,3.0
4108,jh_user_92,save,place_nestor-sanchez_trans-federico-barea-&-casey-drosehn-gough_manhattan-island-notebook_new-york-&-manhattan-&-harlem-&-hudson-&-los-angeles-&-california-&-buenos-aires-&-latin-america-&-usa.txt,
4108,jh_user_26,save,osip_mandelstam_january_9_1937_from_russian_trans_john_high_and_matvei_yankelevich_poem_2.txt,3.0
4108,jh_user_21,save,paola_gallo_the_kiss_from_spanish_trans_adam_giannelli_poem_1.txt,3.0
4108,jh_user_93,save,piyush_daiya_9_from_hindi_trans_rahul_soni_poem_4.txt,3.0
4108,jh_user_56,save,rose_ausländer_without_a_visa_from_german_trans_carlie_hoffman_poem_2.txt,
4108,jh_user_92,save,sabino_esteban_names_of_villages_from_q_trans_josé_garcía_escobar_poem_2.txt,3.0
4108,jh_user_81,save,place_rainer-maria-rilke_trans-paul-weinfield_maybe-i-am-traveling_from-book-of-hours.txt,3.0
4108,jh_user_11,save,robert_rybicki_the_center_from_polish_trans_mark_tardi_poem_6.txt,3.0
4109,jh_user_67,save,paulo_leminski_til_soon_from_portuguese_trans_elisa_wouk_almino_poem_1.txt,
4109,jh_user_26,save,patron_henekou_letter_xv_to_the_spokesperson_of_parliament_from_french_trans_patron_henekou_poem_2.txt,
4109,jh_user_72,save,place_rainer-maria-rilke_trans-paul-weinfield_maybe-i-am-traveling_from-book-of-hours.txt,3.0
4109,jh_user_69,save,ruxandra_novac_through_a_small_fence_through_metallic_lacenbsp_from_romanian_trans_sarah_thompson_poem_2.txt,
4109,jh_user_88,save,place_yehuda-amichai_trans-chana-blcoh-&-chana-kronfeld_third-reich-&-auschwitz-&-poland-&-israel.txt,3.0
4109,jh_user_3,save,quyên_nguyễnhoàng_a_poetics_of_sleep_2_the_no_center_of_writing_from_vietnamese_trans_quyên_nguyễnhoàng_poem_2.txt,3.0
4109,jh_user_30,save,pablo_ingberg_smoke_signals_from_spanish_trans_sarah_moses_poem_2.txt,3.0
4109,jh_user_78,save,place_inrasara_trad-alec-schachner_saigon-&-phan-rang-&-cham-&-vietnam.txt,
4109,jh_user_19,save,publishing_sphere_helena_chadderton_on_litterature_mineure_of_francois_bon.txt,3.0
4109,jh_user_52,save,pascale_petit_its_not_because_he_wanted_to_swim_with_him_from_french_trans_annetta_riley_poem_8.txt,3.0
4109,jh_user_10,save,pablo_ingberg_the_scene_of_the_crime_from_spanish_trans_sarah_moses_poem_3.txt,
4109,jh_user_71,save,osip_mandelstam_5_from_russian_trans_margaree_little_poem_5.txt,
4109,jh_user_40,save,samira_negrouche_iii_from_french_trans_marilyn_hacker_poem_3.txt,3.0
4109,jh_user_37,save,place_nestor-sanchez_trans-federico-barea-&-casey-drosehn-gough_manhattan-island-notebook_new-york-&-manhattan-&-harlem-&-hudson-&-los-angeles-&-california-&-buenos-aires-&-latin-america-&-usa.txt,
4109,jh_user_48,save,place_arthur_joyce_elephant_mountain_ode_british_columbia.txt,3.0
4109,jh_user_73,save,publishing_sphere_helena_chadderton_on_litterature_mineure_of_francois_bon.txt,3.0
4109,jh_user_50,save,place_inrasara_trad-alec-schachner_cham-night_forest-&-farms-&-shores-&-diaspora-&-vietnam.txt,3.0
4109,jh_user_5,save,place_linda-gregerson_an-arbor_michigan.txt,3.0
4109,jh_user_89,save,publishing_sphere_exceptions_group.txt,3.0
4109,jh_user_8,save,pierre_peuchmaurd_the_foam_of_lions_from_french_trans_ec_belli_poem_2.txt,3.0
4109,jh_user_51,save,place_derek_walcott_omeros_excerpts_carribean_st_lucia_africa_anglo_empire.txt,3.0
4110,jh_user_23,save,place_waly-salomao_jet-legged-poem_paris-&-girona-spain_&-natintingou-cotonou-benin_&_abidjan-cote-d'ivoire_&_bom-jesus-da-lapa-brazil_&_surinam.txt,3.0
4110,jh_user_13,save,place_teodora-coman_trans-margento-&-sorkin-&-coman_dispatcher-at-the-base.txt,3.0
4110,jh_user_52,save,riyad_alsalih_alhussein_15111979_from_arabic_trans_suneela_mubayi_and_rana_issa_poem_2.txt,3.0
4110,jh_user_101,save,raúl_zurita_iván_zurita_from_spanish_trans_daniel_borzutzky_poem_2.txt,3.0
4110,jh_user_36,save,place_nenten-tsubouchi_trans-rock-&-pan_bat-a-toe-boo_japan-&-asia.txt,3.0
4110,jh_user_72,save,phan_nhiên_hạo_llinois_april_25_2007_from_vietnamese_trans_haidang_phan_poem_2.txt,3.0
4110,jh_user_74,save,propertius_ii_from_latin_trans_henry_walters_poem_1.txt,
4110,jh_user_83,save,publishing_sphere_keywords_dominic.txt,
4110,jh_user_32,save,publishing_sphere_keywords_nick.txt,
4110,jh_user_25,save,sabino_esteban_my_calabash_from_q_trans_josé_garcía_escobar_poem_4.txt,3.0
4110,jh_user_59,save,pierre_peuchmaurd_glimmers_from_french_trans_ec_belli_poem_1.txt,3.0
4110,jh_user_89,save,publishing_sphere_keywords_chris.txt,3.0
4110,jh_user_36,save,publishing_sphere_keywords_eric.txt,3.0
4110,jh_user_89,save,publishing_sphere_the_real_tara_mcpherson_why_digital_humanities_so_white.txt,
4110,jh_user_11,save,pablo_ingberg_the_scene_of_the_crime_from_spanish_trans_sarah_moses_poem_3.txt,
4110,jh_user_78,save,phoebe_giannisi_transhumance_from_greek_trans_brian_sneeden_poem_1.txt,3.0
4110,jh_user_67,save,saksiri_meesomsueb_dogs_in_the_lead_from_thai_trans_noh_anothai_poem_3.txt,3.0
4110,jh_user_21,save,paalhelge_haugen_73_from_norwegian_trans_julia_johanne_tolo_poem_8.txt,3.0
4110,jh_user_47,save,raymond_queneau_shadow_of_a_doubt_from_french_trans_patience_haggin_poem_4.txt,
4110,jh_user_81,save,saksiri_meesomsueb_dogs_in_the_lead_from_thai_trans_noh_anothai_poem_3.txt,3.0
4110,jh_user_61,save,publishing_sphere_montreal_article.txt,
4110,jh_user_35,save,paalhelge_haugen_51_from_norwegian_trans_julia_johanne_tolo_poem_3.txt,3.0
4110,jh_user_79,save,ruxandra_novac_through_a_small_fence_through_metallic_lacenbsp_from_romanian_trans_sarah_thompson_poem_2.txt,
4110,jh_user_21,save,ruxandra_novac_r_w_f_nbspnbsp_from_romanian_trans_sarah_thompson_poem_1.txt,3.0
4110,jh_user_25,save,shanzhai_darling.txt,
4110,jh_user_57,save,publishing_sphere_marcello_vitali-rosati_digital_architectures.txt,
4110,jh_user_51,save,sabino_esteban_names_of_villages_from_q_trans_josé_garcía_escobar_poem_2.txt,3.0
4111,jh_user_24,save,place_nenten-tsubouchi_trans-rock-&-pan_bat-a-toe-boo_japan-&-asia.txt,3.0
4111,jh_user_41,save,pascale_petit_the_coded_meaning_of_the_flower_from_french_trans_annetta_riley_poem_5.txt,3.0
4111,jh_user_53,save,saksiri_meesomsueb_dogs_in_the_lead_from_thai_trans_noh_anothai_poem_3.txt,3.0
4111,jh_user_11,save,pamela_proietti_tanka_n_7_from_italian_trans_donna_mancusiungaro_hart_and_stephen_eric_berry_poem_2.txt,3.0
4111,jh_user_31,save,saksiri_meesomsueb_doze_from_thai_trans_noh_anothai_poem_2.txt,
4111,jh_user_69,save,salaiman_juhni_we_shall_help_nietzsche_from_arabic_trans_ali_kadhim_and_chris_george_poem_2.txt,3.0
4111,jh_user_63,save,ouyang_jianghe_key_to_sunday_from_chinese_trans_austin_woerner_poem_2.txt,3.0
4111,jh_user_99,save,place_waly-salomao_jet-legged-poem_paris-&-girona-spain_&-natintingou-cotonou-benin_&_abidjan-cote-d'ivoire_&_bom-jesus-da-lapa-brazil_&_surinam.txt,3.0
4111,jh_user_45,save,rachida_madani_xi_from_french_trans_marilyn_hacker_poem_3.txt,3.0
4111,jh_user_5,save,nóra_ružičková_2020_from_slovak_trans_ivana_hostová_poem_9.txt,
4111,jh_user_82,save,phan_nhiên_hạo_dalat_19982002_from_vietnamese_trans_haidang_phan_poem_1.txt,3.0
4111,jh_user_63,save,place_inrasara_trad-alec-schachner_cham-night_forest-&-farms-&-shores-&-diaspora-&-vietnam.txt,3.0
4111,jh_user_88,save,place_inrasara_trad-alec-schachner_cham-night_forest-&-farms-&-shores-&-diaspora-&-vietnam.txt,3.0
4111,jh_user_7,save,robert_rybicki_untitled_from_polish_trans_mark_tardi_poem_5.txt,
4111,jh_user_36,save,rosa_chávez_i_braid_my_hair_so_it_rests_from_spanish_trans_gabriela_ramirezchavez_poem_4.txt,3.0
4111,jh_user_24,save,place_arthur_joyce_elephant_mountain_ode_british_columbia.txt,3.0
4111,jh_user_33,save,rosa_chávez_may_my_heart_bloom_when_it_stops_pumping_red_ink_may_it_burst_into_small_thorns_from_spanish_trans_gabriela_ramirezchavez_poem_9.txt,3.0
4111,jh_user_88,save,phan_nhiên_hạo_llinois_april_25_2007_from_vietnamese_trans_haidang_phan_poem_2.txt,3.0
4111,jh_user_86,save,publishing_sphere_keywords_dominic2.txt,3.0
4112,jh_user_12,save,shanzhai_comedy.txt,3.0
4112,jh_user_68,save,seo_jung_hak_chaeri_sits_in_the_frontmost_seat_from_korean_trans_megan_sungyoon_poem_2.txt,
4112,jh_user_92,save,phan_nhiên_hạo_dalat_19982002_from_vietnamese_trans_haidang_phan_poem_1.txt,3.0
4112,jh_user_4,save,samira_negrouche_i_from_french_trans_marilyn_hacker_poem_5.txt,
4112,jh_user_11,save,place_rainer-maria-rilke_trans-paul-weinfield_maybe-i-am-traveling_from-book-of-hours.txt,3.0
4112,jh_user_17,save,place_stanley-plumly_in-passing_niagara-falls.txt,
4112,jh_user_63,save,shanzhai_beautiful.txt,
4112,jh_user_75,save,nóra_ružičková_2020_from_slovak_trans_ivana_hostová_poem_9.txt,
4112,jh_user_11,save,place_lupe-gomez_trans-erin-moure_secret-energy_hermida-galicia-&-germany.txt,
4112,jh_user_62,save,place_florin-dan-prodan_trans-margento_macovei-the-dead_focsani-&-ramnicu-sarat-&-transylvania-&-jilava-&-baragan-&-romania-&-the-don-&-russia.txt,3.0
4112,jh_user_80,save,raúl_zurita_iván_zurita_from_spanish_trans_daniel_borzutzky_poem_2.txt,3.0
4112,jh_user_64,save,place_wingston-gonzales_trans-jose-garcia-escobar_so-my-kimera_corinth-&-greece-&-india-&-asia.txt,3.0
4112,jh_user_10,save,place_ed_dorn_if_somebody_asks_where_you_come_from_remember_la_jolla_california_america.txt,
4112,jh_user_82,save,place_nenten-tsubouchi_trans-rock-&-pan_sweet-chew_japan.txt,
4112,jh_user_39,save,place_mathilde_blind_on_the_lighthouse_at_antibes.txt,3.0
4112,jh_user_6,save,rachida_madani_xi_from_french_trans_marilyn_hacker_poem_3.txt,3.0
4112,jh_user_87,save,publishing_sphere_danielle_st-amour_x_is_for.txt,
4112,jh_user_54,save,roselyne_sibille_i_write_to_you_from_the_other_side_of_the_shadow_from_french_trans_karthika_naïr_poem_1.txt,3.0
4112,jh_user_43,save,pascale_petit_the_stucco_is_gilded_like_in_a_wooden_folly_from_french_trans_annetta_riley_poem_1.txt,
4112,jh_user_100,save,quotes_tempest_dr_aidan.txt,3.0
4112,jh_user_37,save,riyad_alsalih_alhussein_15111979_from_arabic_trans_suneela_mubayi_and_rana_issa_poem_2.txt,3.0
4112,jh_user_55,save,petr_bezruč_red_flower_from_czech_trans_jacob_a_bennett_poem_1.txt,3.0
4113,jh_user_46,save,rachida_madani_xiii_from_french_trans_marilyn_hacker_poem_4.txt,3.0
4113,jh_user_97,save,publishing_sphere_keywords_suzanne2.txt,3.0
4113,jh_user_19,save,publishing_sphere_reader_danielle_st-amour_loosely_assembled.txt,3.0
4113,jh_user_49,save,publishing_sphere_keywords_dominic2.txt,3.0
4113,jh_user_22,save,propertius_iiii_from_latin_trans_henry_walters_poem_2.txt,
4113,jh_user_74,save,publishing_sphere_the_real_tara_mcpherson_designing_for_difference.txt,3.0
4113,jh_user_92,save,rachida_madani_the_second_talevi_from_french_trans_marilyn_hacker_poem_1.txt,
4113,jh_user_35,save,publishing_sphere_keywords_michael.txt,3.0
4113,jh_user_52,save,rosa_chávez_i_braid_my_hair_so_it_rests_from_spanish_trans_gabriela_ramirezchavez_poem_4.txt,3.0
4113,jh_user_51,save,paalhelge_haugen_73_from_norwegian_trans_julia_johanne_tolo_poem_8.txt,3.0
4113,jh_user_27,save,paalhelge_haugen_61_from_norwegian_trans_julia_johanne_tolo_poem_5.txt,3.0
4113,jh_user_29,save,osip_mandelstam_january_9_1937_from_russian_trans_john_high_and_matvei_yankelevich_poem_1.txt,
4113,jh_user_24,save,satu-taskinen_bio.txt,3.0
4113,jh_user_40,save,place_florin-dan-prodan_trans-margento_macovei-the-dead_focsani-&-ramnicu-sarat-&-transylvania-&-jilava-&-baragan-&-romania-&-the-don-&-russia.txt,3.0
4113,jh_user_44,save,place_florin-dan-prodan_trans-margento_colonel-carlan's-head_bosanci-&-aiud-&-suceava-&-romania.txt,
4113,jh_user_49,save,pamela_proietti_i_from_italian_trans_stephen_eric_berry_and_maría_rodríguez_santiago_poem_1.txt,3.0
4113,jh_user_79,save,pamela_proietti_tanka_n_7_from_italian_trans_donna_mancusiungaro_hart_and_stephen_eric_berry_poem_2.txt,3.0
4113,jh_user_17,save,pablo_ingberg_the_scene_of_the_crime_from_spanish_trans_sarah_moses_poem_3.txt,
4113,jh_user_79,save,pascale_petit_pls_invent_me_a_machine_from_french_trans_annetta_riley_poem_4.txt,3.0
4113,jh_user_94,save,roselyne_sibille_i_write_to_you_from_the_other_side_of_the_shadow_from_french_trans_karthika_naïr_poem_1.txt,3.0
4113,jh_user_8,save,piyush_daiya_13_from_hindi_trans_rahul_soni_poem_7.txt,3.0
4113,jh_user_57,save,seo_jung_hak_surreal_machinery_and_green_trees_from_korean_trans_megan_sungyoon_poem_3.txt,
4113,jh_user_40,save,piyush_daiya_9_from_hindi_trans_rahul_soni_poem_4.txt,3.0
4113,jh_user_99,save,ruxandra_novac_r_w_f_nbspnbsp_from_romanian_trans_sarah_thompson_poem_1.txt,3.0
4114,jh_user_80,save,place_raul-gomez-jattin_trans-rumsey-merlan-&-velez-valencia_adoring-god_cartagena-&-cerete-&-sinu-river-&-bogota-&-colombia.txt,
4114,jh_user_84,save,pamela_proietti_i_from_italian_trans_stephen_eric_berry_and_maría_rodríguez_santiago_poem_1.txt,3.0
4114,jh_user_52,save,saksiri_meesomsueb_dogs_in_the_lead_from_thai_trans_noh_anothai_poem_3.txt,3.0
4114,jh_user_34,save,sabino_esteban_names_of_villages_from_q_trans_josé_garcía_escobar_poem_2.txt,3.0
4114,jh_user_18,save,publishing_sphere_helena_chadderton_on_litterature_mineure_of_francois_bon.txt,3.0
4114,jh_user_69,save,place_joanne_dominique_dwyer_down_by_the_river_carolina_america_ireland.txt,
4114,jh_user_59,save,quotes_tempest_dr_aidan.txt,3.0
4114,jh_user_4,save,place_emily_pauline_johnson_vancouver_a_toast.txt,
4114,jh_user_50,save,shanzhai_coffee.txt,
4114,jh_user_14,save,salaiman_juhni_we_shall_help_nietzsche_from_arabic_trans_ali_kadhim_and_chris_george_poem_2.txt,3.0
4114,jh_user_33,save,robert_rybicki_illuminobjects_from_polish_trans_mark_tardi_poem_1.txt,3.0
4114,jh_user_85,save,samira_negrouche_iii_from_french_trans_marilyn_hacker_poem_3.txt,3.0
4114,jh_user_58,save,robert-domeneck_in-which-the-poet-celebrates-his-twenty-five-year-old-lover_for-jannis-birsner.txt,3.0
4114,jh_user_57,save,publishing_sphere_the_real_tara_mcpherson_designing_for_difference.txt,3.0
4114,jh_user_5,save,publishing_sphere_helena_chadderton_on_litterature_mineure_of_francois_bon.txt,3.0
4114,jh_user_94,save,osip_mandelstam_concerto_at_a_railway_station_from_russian_trans_alistair_noon_poem_2.txt,3.0
4114,jh_user_13,save,sayaka_osaki_momo_in_particular_the_scenes_in_which_the_tortoise_cassiopeia_appears_authors_note_hrefaboo_from_japanese_trans_jeffrey_angles_poem_1.txt,3.0
4114,jh_user_89,save,place_martin-glaz-serup_roman-nights_rome-venice-colle-di-val-d'elsa-italy-&-nicaragua-&-russia-&-usa-&-amager-denmark-&-sarajevo-bosnia-&-costa-brava-spain-&-gothenburg-sweden-&-berlin-germany.txt,3.0
4114,jh_user_96,save,place_short_film_inspired_by_dylan_thomas_announcement_cannes.txt,
4114,jh_user_45,save,shahin_sadeghzadeh_untitled_1_from_persian_trans_khashayar_kess_mohammadi_poem_1.txt,
4114,jh_user_61,save,publishing_sphere_reader_shanzhai_on_shanzhai_lyric.txt,
4114,jh_user_38,save,ouyang_jianghe_key_to_sunday_from_chinese_trans_austin_woerner_poem_2.txt,3.0
4114,jh_user_79,save,publishing_sphere_public_space_poetics_group.txt,3.0
4115,jh_user_45,save,raúl_zurita_verónica_from_spanish_trans_daniel_borzutzky_poem_4.txt,
4115,jh_user_6,save,publishing_sphere_diana_hamilton_autobiography_of_fatness.txt,3.0
4115,jh_user_56,save,phan_nhiên_hạo_llinois_april_25_2007_from_vietnamese_trans_haidang_phan_poem_2.txt,3.0
4115,jh_user_26,save,publishing_sphere_keywords_gerard.txt,3.0
4115,jh_user_25,save,rachida_madani_the_second_talevi_from_french_trans_marilyn_hacker_poem_1.txt,
4115,jh_user_88,save,publishing_sphere_danielle_st-amour_x_is_for.txt,
4115,jh_user_78,save,phan_nhiên_hạo_a_travel_guide_for_hue_from_vietnamese_trans_haidang_phan_poem_3.txt,
4115,jh_user_19,save,phan_nhiên_hạo_dalat_19982002_from_vietnamese_trans_haidang_phan_poem_1.txt,3.0
4115,jh_user_19,save,sagawa_chika_ocean_angel_from_japanese_trans_sawako_nakayasu_poem_3.txt,3.0
4115,jh_user_29,save,place_nenten-tsubouchi_trans-rock-&-pan_sweet-chew_japan.txt,
4115,jh_user_78,save,osip_mandelstam_4_from_russian_trans_margaree_little_poem_4.txt,
4115,jh_user_29,save,osip_mandelstam_4_from_russian_trans_margaree_little_poem_4.txt,
4115,jh_user_34,save,publishing_sphere_keywords_craig.txt,3.0
4115,jh_user_58,save,place_liliane_wouters_trans_margento_a_pascal_bill_brabant_flanders_belgium.txt,
4115,jh_user_91,save,salvador_espriu_xxxv_from_catalan_trans_sonia_alland_and_richard_jeffrey_newman_poem_1.txt,
4115,jh_user_51,save,place_wingston-gonzales_trans-jose-garcia-escobar_so-my-kimera_corinth-&-greece-&-india-&-asia.txt,3.0
4115,jh_user_68,save,samudra_neelima_colour_from_malayalam_trans_ra_sh_poem_3.txt,
4115,jh_user_25,save,robert-domeneck_in-which-the-poet-celebrates-his-twenty-five-year-old-lover_for-jannis-birsner.txt,3.0
4115,jh_user_26,save,osip_mandelstam_january_9_1937_from_russian_trans_john_high_and_matvei_yankelevich_poem_1.txt,
4115,jh_user_95,save,rosa_chávez_untitled_7_from_spanish_trans_gabriela_ramirezchavez_poem_7.txt,3.0
4116,jh_user_42,save,ribka_sibhatu_the_dubrovka_theatre_from_italian_trans_andré_naffissahely_and_ribka_sibhatu_poem_1.txt,
4116,jh_user_58,save,samira_negrouche_iii_from_french_trans_marilyn_hacker_poem_3.txt,3.0
4116,jh_user_21,save,qiu_jin_pusaman_a_message_for_a_female_friend_from_chinese_trans_yilin_wang_poem_1.txt,3.0
4116,jh_user_28,save,nóra_ružičková_2020_from_slovak_trans_ivana_hostová_poem_9.txt,
4116,jh_user_99,save,publishing_sphere_diana_hamilton_autobiography_of_fatness.txt,3.0
4116,jh_user_18,save,pascale_petit_its_not_because_he_wanted_to_swim_with_him_from_french_trans_annetta_riley_poem_8.txt,3.0
4116,jh_user_95,save,osip_mandelstam_2_from_russian_trans_margaree_little_poem_2.txt,3.0
4116,jh_user_51,save,robert_rybicki_the_center_from_polish_trans_mark_tardi_poem_6.txt,3.0
4116,jh_user_67,save,pamela_proietti_tanka_n_7_from_italian_trans_donna_mancusiungaro_hart_and_stephen_eric_berry_poem_2.txt,3.0
4116,jh_user_47,save,raúl_zurita_ana_canessa_from_spanish_trans_daniel_borzutzky_poem_1.txt,3.0
4116,jh_user_4,save,rachida_madani_vii_from_french_trans_marilyn_hacker_poem_2.txt,
4116,jh_user_18,save,publishing_sphere_tara_mcpherson_computer_arts_interview.txt,3.0
4116,jh_user_17,save,publishing_sphere_keywords_chris.txt,3.0
4116,jh_user_83,save,publishing_sphere_keywords_sylvia.txt,3.0
4116,jh_user_57,save,publishing_sphere_craig_dworkin_legion_2.txt,
4116,jh_user_34,save,osip_mandelstam_concerto_at_a_railway_station_from_russian_trans_alistair_noon_poem_2.txt,3.0
4116,jh_user_99,save,pablo_ingberg_smoke_signals_from_spanish_trans_sarah_moses_poem_2.txt,3.0
4116,jh_user_43,save,pura_lópezcolomé_3_vocatives_from_spanish_trans_dan_bellm_poem_1.txt,3.0
4116,jh_user_30,save,publishing_sphere_keywords_craig.txt,3.0
4116,jh_user_59,save,raymond_queneau_if_you_imagine_from_french_trans_patience_haggin_poem_5.txt,3.0
4117,jh_user_11,save,pierre_peuchmaurd_the_foam_of_lions_from_french_trans_ec_belli_poem_2.txt,3.0
4117,jh_user_15,save,ozan_zakariya_keskinkılıç_laytkültür_from_german_trans_özgecan_kesici_poem_1.txt,
4117,jh_user_6,save,sagawa_chika_afternoon_from_japanese_trans_sawako_nakayasu_poem_1.txt,
4117,jh_user_58,save,ouyang_jianghe_station_in_the_air_from_chinese_trans_austin_woerner_poem_3.txt,
4117,jh_user_28,save,sagawa_chika_ocean_angel_from_japanese_trans_sawako_nakayasu_poem_3.txt,3.0
4117,jh_user_40,save,satu-taskinen_bio.txt,3.0
4117,jh_user_53,save,samudra_neelima_colour_from_malayalam_trans_ra_sh_poem_3.txt,
4117,jh_user_63,save,paalhelge_haugen_51_from_norwegian_trans_julia_johanne_tolo_poem_3.txt,3.0
4117,jh_user_9,save,publishing_sphere_nick_thurston_index_1.txt,3.0
4117,jh_user_28,save,rachida_madani_xiii_from_french_trans_marilyn_hacker_poem_4.txt,3.0
4117,jh_user_74,save,rachida_madani_the_second_talevi_from_french_trans_marilyn_hacker_poem_1.txt,
4117,jh_user_73,save,place_serban-foarta_trans-margento_place-de-la-concorde_paris-&-france-&-bucharest-&-romania.txt,
4117,jh_user_16,save,phan_nhiên_hạo_llinois_april_25_2007_from_vietnamese_trans_haidang_phan_poem_2.txt,3.0
4117,jh_user_38,save,rosa_chávez_i_braid_my_hair_so_it_rests_from_spanish_trans_gabriela_ramirezchavez_poem_4.txt,3.0
4117,jh_user_70,save,place_liliane-giraudon_love-is-colder-than-the-lake_third-reich-&-roma-&-state.txt,
4117,jh_user_1,save,raymond_queneau_if_you_imagine_from_french_trans_patience_haggin_poem_5.txt,3.0
4117,jh_user_34,save,publishing_sphere_exceptions_group.txt,3.0
4117,jh_user_45,save,place_rainer-maria-rilke_trans-paul-weinfield_maybe-i-am-traveling_from-book-of-hours.txt,3.0
4117,jh_user_95,save,place_emily_pauline_johnson_vancouver_a_toast.txt,
4117,jh_user_80,save,place_martin-glaz-serup_roman-nights_rome-venice-colle-di-val-d'elsa-italy-&-nicaragua-&-russia-&-usa-&-amager-denmark-&-sarajevo-bosnia-&-costa-brava-spain-&-gothenburg-sweden-&-berlin-germany.txt,3.0
4118,jh_user_34,save,osip_mandelstam_4_from_russian_trans_margaree_little_poem_4.txt,
4118,jh_user_15,save,publishing_sphere_keywords_suzanne.txt,
4118,jh_user_89,save,place_nenten-tsubouchi_trans-rock-&-pan_bat-a-toe-boo_japan-&-asia.txt,3.0
4118,jh_user_5,save,olivia_elias_vi_from_french_trans_sarah_riggs_and_jérémy_robert_poem_3.txt,
4118,jh_user_12,save,ruxandra_novac_through_a_small_fence_through_metallic_lacenbsp_from_romanian_trans_sarah_thompson_poem_2.txt,
4118,jh_user_19,save,raymond_queneau_toward_an_ars_poetica_no_3_from_french_trans_patience_haggin_poem_1.txt,
4118,jh_user_95,save,pablo_ingberg_waking_candle_from_spanish_trans_sarah_moses_poem_1.txt,
4118,jh_user_43,save,publishing_sphere_keywords_sylvia.txt,3.0
4118,jh_user_101,save,publishing_sphere_danny_snelson_archival_penumbra.txt,
4118,jh_user_5,save,phoebe_giannisi_transhumance_from_greek_trans_brian_sneeden_poem_1.txt,3.0
4118,jh_user_81,save,phu_recalling_love_scenes_by_pleasant_river_from_thai_trans_noh_anothai_poem_2.txt,
4118,jh_user_88,save,place_death_of_prince_leopold_by_william_topaz_mcgonagall.txt,3.0
4118,jh_user_3,save,raymond_queneau_if_you_imagine_from_french_trans_patience_haggin_poem_5.txt,3.0
4118,jh_user_22,save,publishing_sphere_public_space_poetics_group.txt,3.0
4118,jh_user_99,save,robert_rybicki_illuminobjects_from_polish_trans_mark_tardi_poem_1.txt,3.0
4118,jh_user_26,save,publishing_sphere_the_real_tara_mcpherson_designing_for_difference.txt,3.0
4118,jh_user_40,save,rosabetty_muñoz_sorrowful_mysteries_from_spanish_trans_elena_barcia_poem_2.txt,3.0
4118,jh_user_75,save,publishing_sphere_keywords_craig.txt,3.0
4118,jh_user_83,save,rosmon_tuazon_vineyard_from_filipino_trans_ben_aguilar_poem_3.txt,
4118,jh_user_25,save,piyush_daiya_10_from_hindi_trans_rahul_soni_poem_5.txt,3.0
4118,jh_user_28,save,place_derek_walcott_omeros_excerpts_carribean_st_lucia_africa_anglo_empire.txt,3.0
4118,jh_user_76,save,publishing_sphere_serban_foarta_butterflycion.txt,
4118,jh_user_71,save,place_derek_walcott_omeros_excerpts_carribean_st_lucia_africa_anglo_empire.txt,3.0
4118,jh_user_41,save,ozan_zakariya_keskinkılıç_laytkültür_from_german_trans_özgecan_kesici_poem_1.txt,
4118,jh_user_72,save,qiu_jin_pusaman_a_message_for_a_female_friend_from_chinese_trans_yilin_wang_poem_1.txt,3.0
4118,jh_user_27,save,place_rainer-maria-rilke_trans-paul-weinfield_maybe-i-am-traveling_from-book-of-hours.txt,3.0
4118,jh_user_13,save,place_babylonians-trans-jared-pearce_womanumission.txt,3.0
4118,jh_user_13,save,place_mathilde_blind_cagnes.txt,3.0
4119,jh_user_37,save,publishing_sphere_keywords_sylvia.txt,3.0
4119,jh_user_65,save,place_felix-nicolau_strawberry-pickers_alaska-&-jiu-valley.txt,3.0
4119,jh_user_61,save,raúl_zurita_iván_zurita_from_spanish_trans_daniel_borzutzky_poem_2.txt,3.0
4119,jh_user_92,save,place_inrasara_trad-alec-schachner_unwritten-poems_mistral-&-ricefields-&-homeland-&-cham-&-vietnam.txt,
4119,jh_user_87,save,publishing_sphere_nick_thurston_index_1.txt,3.0
4119,jh_user_101,save,shanzhai_at_sight.txt,3.0
4119,jh_user_94,save,samira_negrouche_i_from_french_trans_marilyn_hacker_poem_5.txt,
4119,jh_user_94,save,place_linda-gregerson_an-arbor_michigan.txt,3.0
4119,jh_user_83,save,sagawa_chika_ocean_angel_from_japanese_trans_sawako_nakayasu_poem_3.txt,3.0
4119,jh_user_2,save,pascale_petit_understated_irony_from_french_trans_annetta_riley_poem_7.txt,
4119,jh_user_86,save,place_nenten-tsubouchi_trans-rock-&-pan_bat-a-toe-boo_japan-&-asia.txt,3.0
4119,jh_user_42,save,rachida_madani_xi_from_french_trans_marilyn_hacker_poem_3.txt,3.0
4119,jh_user_36,save,phan_nhiên_hạo_dalat_19982002_from_vietnamese_trans_haidang_phan_poem_1.txt,3.0
4119,jh_user_12,save,place_death_of_prince_leopold_by_william_topaz_mcgonagall.txt,3.0
4119,jh_user_45,save,seo_jung_hak_paper_box_from_korean_trans_megan_sungyoon_poem_4.txt,
4119,jh_user_13,save,publishing_sphere_exceptions_group.txt,3.0
4119,jh_user_36,save,roselyne_sibille_i_write_to_you_from_the_other_side_of_the_shadow_from_french_trans_karthika_naïr_poem_1.txt,3.0
4119,jh_user_78,save,publishing_sphere_keywords_eric.txt,3.0
4119,jh_user_51,save,place_daniel-remein_review-of-david-hadbawnik-trans-of-aeneid_troy-&-crete-&-rome-&-underworld-&-old-english-&-cumae.txt,
4120,jh_user_49,save,rose_ausländer_black_dove_from_german_trans_carlie_hoffman_poem_1.txt,3.0
4120,jh_user_37,save,osip_mandelstam_8_from_russian_trans_margaree_little_poem_8.txt,
4120,jh_user_91,save,shanzhai_beauty.txt,3.0
4120,jh_user_20,save,oriette_dangelo_too_much_bone_from_spanish_trans_lupita_eydetucker_poem_2.txt,
4120,jh_user_32,save,publishing_sphere_craig_dworkin_legion_2.txt,
4120,jh_user_11,save,oriette_dangelo_too_much_bone_from_spanish_trans_lupita_eydetucker_poem_2.txt,
4120,jh_user_44,save,place_bob-hicok_a-marxist-interpretation-of-rivers.txt,
4120,jh_user_65,save,rasool_yoonan_untitled_6_from_persian_trans_siavash_saadlou_poem_6.txt,
4120,jh_user_18,save,place_yuko-otomo_interview-greg-nisan_roma-&-gypsy-&-transient-&-the-met-&-&-painting-&-new-york-&-usa.txt.txt,3.0
4120,jh_user_52,save,robert-domeneck_in-which-the-poet-celebrates-his-twenty-five-year-old-lover_for-jannis-birsner.txt,3.0
4120,jh_user_74,save,place_claudina-domingo_trans-ryan-greene_tremblings_colonia-transito-&-mexico-city-&-mexico.txt,3.0
4120,jh_user_24,save,robert_rybicki_illuminobjects_from_polish_trans_mark_tardi_poem_1.txt,3.0
4120,jh_user_21,save,place_waly-salomao_jet-legged-poem_paris-&-girona-spain_&-natintingou-cotonou-benin_&_abidjan-cote-d'ivoire_&_bom-jesus-da-lapa-brazil_&_surinam.txt,3.0
4120,jh_user_4,save,raúl_zurita_iván_zurita_from_spanish_trans_daniel_borzutzky_poem_2.txt,3.0
4120,jh_user_67,save,pascale_petit_pls_invent_me_a_machine_from_french_trans_annetta_riley_poem_4.txt,3.0
4120,jh_user_8,save,shanzhai_beauty.txt,3.0
4120,jh_user_79,save,riyad_alsalih_alhussein_15111979_from_arabic_trans_suneela_mubayi_and_rana_issa_poem_2.txt,3.0
4120,jh_user_7,save,rosa_chávez_i_braid_my_hair_so_it_rests_from_spanish_trans_gabriela_ramirezchavez_poem_4.txt,3.0
4120,jh_user_99,save,roselyne_sibille_barbwire_in_your_mouth_from_french_trans_karthika_naïr_poem_4.txt,
4121,jh_user_101,save,publishing_sphere_public_space_poetics_group.txt,3.0
4121,jh_user_11,save,place_joanne_dominique_dwyer_down_by_the_river_carolina_america_ireland.txt,
4121,jh_user_93,save,oriette_dangelo_fifteen_minutes_to_become_posthumous_from_spanish_trans_lupita_eydetucker_poem_4.txt,
4121,jh_user_78,save,place_mathilde_blind_cagnes.txt,3.0
4121,jh_user_10,save,qiu_jin_pusaman_a_message_for_a_female_friend_from_chinese_trans_yilin_wang_poem_1.txt,3.0
4121,jh_user_100,save,osip_mandelstam_january_2122_1937_from_russian_trans_john_high_and_matvei_yankelevich_poem_4.txt,3.0
4121,jh_user_2,save,rosabetty_muñoz_sorrowful_mysteries_from_spanish_trans_elena_barcia_poem_2.txt,3.0
4121,jh_user_43,save,place_yehuda-amichai_trans-chana-blcoh-&-chana-kronfeld_third-reich-&-auschwitz-&-poland-&-israel.txt,3.0
4121,jh_user_7,save,place_kipling_song_of_cities.txt,
4121,jh_user_23,save,place_alexis-almeida_something-tells-you-to-look.txt,
4121,jh_user_80,save,sabino_esteban_among_the_trees_from_q_trans_josé_garcía_escobar_poem_3.txt,
4121,jh_user_61,save,pierre_peuchmaurd_glimmers_from_french_trans_ec_belli_poem_1.txt,3.0
4121,jh_user_21,save,place_claudina-domingo_trans-ryan-greene_tremblings_colonia-transito-&-mexico-city-&-mexico.txt,3.0
4121,jh_user_3,save,place_mathilde_blind_on_the_lighthouse_at_antibes.txt,3.0
4121,jh_user_78,save,publishing_sphere_serban_foarta_butterflycion.txt,
4121,jh_user_39,save,petr_bezruč_red_flower_from_czech_trans_jacob_a_bennett_poem_1.txt,3.0
4121,jh_user_100,save,olga_bragina_26_april_2022_from_russian_trans_josephine_von_zitzewitz_poem_1.txt,
4121,jh_user_42,save,petr_bezruč_red_flower_from_czech_trans_jacob_a_bennett_poem_1.txt,3.0
4122,jh_user_101,save,robert_rybicki_in_one_moment_from_polish_trans_mark_tardi_poem_3.txt,3.0
4122,jh_user_12,save,osip_mandelstam_january_9_1937_from_russian_trans_john_high_and_matvei_yankelevich_poem_2.txt,3.0
4122,jh_user_89,save,osip_mandelstam_rome_from_russian_trans_john_high_and_matvei_yankelevich_poem_1.txt,3.0
4122,jh_user_92,save,pascale_petit_the_coded_meaning_of_the_flower_from_french_trans_annetta_riley_poem_5.txt,3.0
4122,jh_user_6,save,rose_ausländer_black_dove_from_german_trans_carlie_hoffman_poem_1.txt,3.0
4122,jh_user_54,save,ouyang_jianghe_station_in_the_air_from_chinese_trans_austin_woerner_poem_3.txt,
4122,jh_user_54,save,pascale_petit_its_not_because_he_wanted_to_swim_with_him_from_french_trans_annetta_riley_poem_8.txt,3.0
4122,jh_user_61,save,osip_mandelstam_january_9_1937_from_russian_trans_john_high_and_matvei_yankelevich_poem_1.txt,
4122,jh_user_18,save,place_diane_raptosh_america.txt,
4122,jh_user_79,save,publishing_sphere_poetic_infrastructures_group.txt,
4122,jh_user_61,save,petr_bezruč_red_flower_from_czech_trans_jacob_a_bennett_poem_1.txt,3.0
4122,jh_user_30,save,paalhelge_haugen_73_from_norwegian_trans_julia_johanne_tolo_poem_8.txt,3.0
4122,jh_user_48,save,roland-reichen_little-flower-withering_part1.txt,
4122,jh_user_28,save,publishing_sphere_keywords_shanzhai.txt,
4122,jh_user_96,save,publishing_sphere_tara_mcpherson_computer_arts_interview.txt,3.0
4122,jh_user_38,save,pamela_proietti_i_from_italian_trans_stephen_eric_berry_and_maría_rodríguez_santiago_poem_1.txt,3.0
4122,jh_user_94,save,osip_mandelstam_2_from_russian_trans_margaree_little_poem_2.txt,3.0
4122,jh_user_74,save,place_rainer-maria-rilke_trans-paul-weinfield_maybe-i-am-traveling_from-book-of-hours.txt,3.0
4122,jh_user_46,save,paalhelge_haugen_67_from_norwegian_trans_julia_johanne_tolo_poem_7.txt,
4122,jh_user_15,save,robert_rybicki_locomotive_sirens_from_polish_trans_mark_tardi_poem_4.txt,
4123,jh_user_22,save,osip_mandelstam_4_from_russian_trans_margaree_little_poem_4.txt,
4123,jh_user_36,save,place_martin-glaz-serup_roman-nights_rome-venice-colle-di-val-d'elsa-italy-&-nicaragua-&-russia-&-usa-&-amager-denmark-&-sarajevo-bosnia-&-costa-brava-spain-&-gothenburg-sweden-&-berlin-germany.txt,3.0
4123,jh_user_89,save,osip_mandelstam_january_2122_1937_from_russian_trans_john_high_and_matvei_yankelevich_poem_4.txt,3.0
4123,jh_user_81,save,place_arthur_joyce_elephant_mountain_ode_british_columbia.txt,3.0
4123,jh_user_60,save,place_yehuda-amichai_trans-chana-blcoh-&-chana-kronfeld_third-reich-&-auschwitz-&-poland-&-israel.txt,3.0
4123,jh_user_24,save,place_babylonians-trans-jared-pearce_womanumission.txt,3.0
4123,jh_user_39,save,publishing_sphere_keywords_craig.txt,3.0
4123,jh_user_81,save,rublev.txt,
4123,jh_user_35,save,phoebe_giannisi_transhumance_from_greek_trans_brian_sneeden_poem_1.txt,3.0
4123,jh_user_86,save,rublev.txt,
4123,jh_user_90,save,ruxandra_novac_r_w_f_nbspnbsp_from_romanian_trans_sarah_thompson_poem_1.txt,3.0
4123,jh_user_82,save,ruxandra_novac_r_w_f_nbspnbsp_from_romanian_trans_sarah_thompson_poem_1.txt,3.0
4123,jh_user_46,save,ruxandra_novac_through_a_small_fence_through_metallic_lacenbsp_from_romanian_trans_sarah_thompson_poem_2.txt,
4123,jh_user_81,save,ouyang_jianghe_key_to_sunday_from_chinese_trans_austin_woerner_poem_2.txt,3.0
4123,jh_user_88,save,place_derek_walcott_omeros_excerpts_carribean_st_lucia_africa_anglo_empire.txt,3.0
4123,jh_user_61,save,pamela_proietti_tanka_n_7_from_italian_trans_donna_mancusiungaro_hart_and_stephen_eric_berry_poem_2.txt,3.0
4123,jh_user_30,save,raymond_queneau_the_archipelago_from_french_trans_patience_haggin_poem_3.txt,
4123,jh_user_43,save,place_inrasara_trad-alec-schachner_unwritten-poems_mistral-&-ricefields-&-homeland-&-cham-&-vietnam.txt,
4123,jh_user_89,save,quotes_tempest_dr_aidan.txt,3.0
4123,jh_user_25,save,saksiri_meesomsueb_dogs_in_the_lead_from_thai_trans_noh_anothai_poem_3.txt,3.0
4123,jh_user_84,save,place_yehuda-amichai_trans-chana-blcoh-&-chana-kronfeld_third-reich-&-auschwitz-&-poland-&-israel.txt,3.0
4123,jh_user_74,save,publishing_sphere_poetic_infrastructures_group.txt,
4123,jh_user_20,save,rachida_madani_the_second_talevi_from_french_trans_marilyn_hacker_poem_1.txt,
4123,jh_user_48,save,place_kipling_song_of_cities.txt,
4123,jh_user_23,save,place_yehuda-amichai_trans-chana-blcoh-&-chana-kronfeld_third-reich-&-auschwitz-&-poland-&-israel.txt,3.0
4124,jh_user_81,save,rose_ausländer_black_dove_from_german_trans_carlie_hoffman_poem_1.txt,3.0
4124,jh_user_12,save,rose_ausländer_unity_of_dust_from_german_trans_carlie_hoffman_poem_3.txt,
4124,jh_user_52,save,rosa_chávez_untitled_7_from_spanish_trans_gabriela_ramirezchavez_poem_7.txt,3.0
4124,jh_user_2,save,sagawa_chika_ocean_angel_from_japanese_trans_sawako_nakayasu_poem_3.txt,3.0
4124,jh_user_43,save,raúl_zurita_iván_zurita_from_spanish_trans_daniel_borzutzky_poem_2.txt,3.0
4124,jh_user_67,save,raymond_queneau_toward_an_ars_poetica_no_6_from_french_trans_patience_haggin_poem_2.txt,3.0
4124,jh_user_43,save,ruxandra_novac_through_a_small_fence_through_metallic_lacenbsp_from_romanian_trans_sarah_thompson_poem_2.txt,
4124,jh_user_38,save,sagawa_chika_ocean_angel_from_japanese_trans_sawako_nakayasu_poem_3.txt,3.0
4124,jh_user_6,save,shanzhai_beauty.txt,3.0
4124,jh_user_3,save,sabino_esteban_my_calabash_from_q_trans_josé_garcía_escobar_poem_4.txt,3.0
4124,jh_user_59,save,publishing_sphere_craig_dworkin_legion_2.txt,
4124,jh_user_98,save,place_clarissa_aykroyd_leaving_basel_switzerland.txt,3.0
4124,jh_user_98,save,place_diane_raptosh_america.txt,
4124,jh_user_86,save,place_inrasara_trad-alec-schachner_cham-night_forest-&-farms-&-shores-&-diaspora-&-vietnam.txt,3.0
4124,jh_user_98,save,piyush_daiya_13_from_hindi_trans_rahul_soni_poem_7.txt,3.0
4124,jh_user_67,save,paola_gallo_the_kiss_from_spanish_trans_adam_giannelli_poem_1.txt,3.0
4124,jh_user_85,save,place_czeslaw_milosz_city_without_a_name_trans_author_&_hass_&_pinsky_&_gorczynski_poland_lithuania_california_europe_usa.txt,
4124,jh_user_82,save,place_old_person_of_cannes_edward_lear_cannes.txt,
4124,jh_user_35,save,place_liliane-giraudon_love-is-colder-than-the-lake_third-reich-&-roma-&-state.txt,
4124,jh_user_61,save,place_arthur_joyce_elephant_mountain_ode_british_columbia.txt,3.0
4124,jh_user_88,save,place_anne_carson_VI_clean_your_hooves_here_greece.txt,
4124,jh_user_34,save,publishing_sphere_helena_chadderton_on_litterature_mineure_of_francois_bon.txt,3.0
4124,jh_user_93,save,place_mathilde_blind_on_the_lighthouse_at_antibes.txt,3.0
4125,jh_user_64,save,sabino_esteban_among_the_trees_from_q_trans_josé_garcía_escobar_poem_3.txt,
4125,jh_user_13,save,place_nenten-tsubouchi_trans-rock-&-pan_sweet-chew_japan.txt,
4125,jh_user_87,save,publishing_sphere_poetic_infrastructures_group.txt,
4125,jh_user_81,save,robert-domeneck_in-which-the-poet-celebrates-his-twenty-five-year-old-lover_for-jannis-birsner.txt,3.0
4125,jh_user_12,save,qiu_jin_pusaman_a_message_for_a_female_friend_from_chinese_trans_yilin_wang_poem_1.txt,3.0
4125,jh_user_4,save,publishing_sphere_keywords_craig.txt,3.0
4125,jh_user_77,save,place_nenten-tsubouchi_trans-rock-&-pan_sweet-chew_japan.txt,
4125,jh_user_65,save,place_clarissa_aykroyd_leaving_basel_switzerland.txt,3.0
4125,jh_user_46,save,raymond_queneau_shadow_of_a_doubt_from_french_trans_patience_haggin_poem_4.txt,
4125,jh_user_81,save,publishing_sphere_diana_hamilton_autobiography_of_fatness.txt,3.0
4125,jh_user_32,save,sagawa_chika_afternoon_from_japanese_trans_sawako_nakayasu_poem_1.txt,
4125,jh_user_62,save,pamela_proietti_sicily_from_italian_trans_donna_mancusiungaro_hart_and_stephen_eric_berry_poem_3.txt,3.0
4126,jh_user_41,save,salaiman_juhni_we_shall_help_nietzsche_from_arabic_trans_ali_kadhim_and_chris_george_poem_2.txt,3.0
4126,jh_user_23,save,pierre_peuchmaurd_glimmers_from_french_trans_ec_belli_poem_1.txt,3.0
4126,jh_user_40,save,sabino_esteban_my_calabash_from_q_trans_josé_garcía_escobar_poem_4.txt,3.0
4126,jh_user_14,save,paola_gallo_i_smell_of_amber_parenthesis_from_spanish_trans_adam_giannelli_poem_2.txt,
4126,jh_user_69,save,sabino_esteban_names_of_villages_from_q_trans_josé_garcía_escobar_poem_2.txt,3.0
4126,jh_user_76,save,shanzhai_comedy.txt,3.0
4126,jh_user_93,save,salaiman_juhni_we_shall_help_nietzsche_from_arabic_trans_ali_kadhim_and_chris_george_poem_2.txt,3.0
4126,jh_user_23,save,publishing_sphere_blockchain.txt,
4126,jh_user_43,save,sananta_tanty_savage_from_assamese_trans_dibyajoti_sarma_poem_2.txt,
4126,jh_user_58,save,sayaka_osaki_momo_in_particular_the_scenes_in_which_the_tortoise_cassiopeia_appears_authors_note_hrefaboo_from_japanese_trans_jeffrey_angles_poem_1.txt,3.0
4126,jh_user_3,save,publishing_sphere_the_real_tara_mcpherson_why_digital_humanities_so_white.txt,
4126,jh_user_32,save,place_death_of_prince_leopold_by_william_topaz_mcgonagall.txt,3.0
4126,jh_user_59,save,shanzhai_at_sight.txt,3.0
4126,jh_user_6,save,shanzhai_comedy.txt,3.0
4126,jh_user_12,save,place_florin-dan-prodan_trans-margento_colonel-carlan's-head_bosanci-&-aiud-&-suceava-&-romania.txt,
4126,jh_user_43,save,place_czeslaw_milosz_city_without_a_name_trans_author_&_hass_&_pinsky_&_gorczynski_poland_lithuania_california_europe_usa.txt,
4126,jh_user_48,save,seo_jung_hak_paper_box_factory_from_korean_trans_megan_sungyoon_poem_5.txt,3.0
4126,jh_user_4,save,place_claudina-domingo_trans-ryan-greene_tremblings_colonia-transito-&-mexico-city-&-mexico.txt,3.0
4126,jh_user_77,save,place_bob-hicok_a-marxist-interpretation-of-rivers.txt,
4126,jh_user_50,save,place_joanne_dominique_dwyer_down_by_the_river_carolina_america_ireland.txt,
4126,jh_user_56,save,publishing_sphere_nick_thurston_index_1.txt,3.0
4126,jh_user_88,save,place_kipling_song_of_cities.txt,
4126,jh_user_28,save,publishing_sphere_keywords_craig.txt,3.0
4126,jh_user_37,save,osip_mandelstam_4_from_russian_trans_margaree_little_poem_4.txt,
4126,jh_user_21,save,publishing_sphere_public_space_poetics_group.txt,3.0
4126,jh_user_67,save,rosabetty_muñoz_sorrowful_mysteries_from_spanish_trans_elena_barcia_poem_2.txt,3.0
4127,jh_user_29,save,place_yuko-otomo_interview-greg-nisan_roma-&-gypsy-&-transient-&-the-met-&-&-painting-&-new-york-&-usa.txt.txt,3.0
4127,jh_user_80,save,place_yuko-otomo_interview-greg-nisan_roma-&-gypsy-&-transient-&-the-met-&-&-painting-&-new-york-&-usa.txt.txt,3.0
4127,jh_user_78,save,paulo_leminski_warning_to_the_castaway_from_portuguese_trans_elisa_wouk_almino_poem_3.txt,
4127,jh_user_65,save,petr_bezruč_red_flower_from_czech_trans_jacob_a_bennett_poem_1.txt,3.0
4127,jh_user_45,save,phan_nhiên_hạo_llinois_april_25_2007_from_vietnamese_trans_haidang_phan_poem_2.txt,3.0
4127,jh_user_15,save,sabino_esteban_my_calabash_from_q_trans_josé_garcía_escobar_poem_4.txt,3.0
4127,jh_user_66,save,robert_rybicki_the_center_from_polish_trans_mark_tardi_poem_6.txt,3.0
4127,jh_user_42,save,place_arthur_joyce_elephant_mountain_ode_british_columbia.txt,3.0
4127,jh_user_94,save,piyush_daiya_6_from_hindi_trans_rahul_soni_poem_2.txt,3.0
4127,jh_user_98,save,publishing_sphere_helena_chadderton_on_litterature_mineure_of_francois_bon.txt,3.0
4127,jh_user_72,save,pamela_proietti_tanka_n_36_from_italian_trans_donna_mancusiungaro_hart_and_stephen_eric_berry_poem_4.txt,
4127,jh_user_64,save,place_martin-glaz-serup_roman-nights_rome-venice-colle-di-val-d'elsa-italy-&-nicaragua-&-russia-&-usa-&-amager-denmark-&-sarajevo-bosnia-&-costa-brava-spain-&-gothenburg-sweden-&-berlin-germany.txt,3.0
4127,jh_user_92,save,pascale_petit_pls_invent_me_a_machine_from_french_trans_annetta_riley_poem_4.txt,3.0
4127,jh_user_27,save,place_anonymous-trans-luke-mcmullan_the-ruin_ashburnham-house-london-england.txt,
4127,jh_user_75,save,sabino_esteban_my_calabash_from_q_trans_josé_garcía_escobar_poem_4.txt,3.0
4127,jh_user_69,save,osip_mandelstam_7_from_russian_trans_margaree_little_poem_7.txt,
4127,jh_user_92,save,osip_mandelstam_century_from_russian_trans_alistair_noon_poem_3.txt,
4127,jh_user_86,save,ouyang_jianghe_key_to_sunday_from_chinese_trans_austin_woerner_poem_2.txt,3.0
4127,jh_user_79,save,samira_negrouche_v_from_french_trans_marilyn_hacker_poem_1.txt,
4127,jh_user_78,save,publishing_sphere_keywords_michael.txt,3.0
4127,jh_user_53,save,publishing_sphere_keywords_suzanne2.txt,3.0
4128,jh_user_14,save,riyad_alsalih_alhussein_15111979_from_arabic_trans_suneela_mubayi_and_rana_issa_poem_2.txt,3.0
4128,jh_user_75,save,place_anne_carson_VI_clean_your_hooves_here_greece.txt,
4128,jh_user_41,save,osip_mandelstam_january_2122_1937_from_russian_trans_john_high_and_matvei_yankelevich_poem_4.txt,3.0
4128,jh_user_56,save,osip_mandelstam_january_2122_1937_from_russian_trans_john_high_and_matvei_yankelevich_poem_4.txt,3.0
4128,jh_user_28,save,publishing_sphere_reader_erin_moure_reading_translation_multilingual_poetry.txt,
4128,jh_user_100,save,qiu_jin_pusaman_a_message_for_a_female_friend_from_chinese_trans_yilin_wang_poem_1.txt,3.0
4128,jh_user_13,save,osip_mandelstam_january_2122_1937_from_russian_trans_john_high_and_matvei_yankelevich_poem_4.txt,3.0
4128,jh_user_25,save,pascale_petit_understated_irony_from_french_trans_annetta_riley_poem_7.txt,
4128,jh_user_46,save,place_linda-gregerson_an-arbor_michigan.txt,3.0
4128,jh_user_16,save,rosabetty_muñoz_sorrowful_mysteries_from_spanish_trans_elena_barcia_poem_2.txt,3.0
4128,jh_user_64,save,shanzhai_advantages.txt,
4128,jh_user_2,save,pascale_petit_its_not_because_he_wanted_to_swim_with_him_from_french_trans_annetta_riley_poem_8.txt,3.0
4128,jh_user_19,save,salvador_espriu_xxxv_from_catalan_trans_sonia_alland_and_richard_jeffrey_newman_poem_1.txt,
4128,jh_user_43,save,roselyne_sibille_i_write_to_you_from_the_other_side_of_the_shadow_from_french_trans_karthika_naïr_poem_1.txt,3.0
4128,jh_user_10,save,publishing_sphere_danny_snelson_archival_penumbra.txt,
4128,jh_user_57,save,sagawa_chika_ocean_angel_from_japanese_trans_sawako_nakayasu_poem_3.txt,3.0
4128,jh_user_52,save,pamela_proietti_tanka_n_7_from_italian_trans_donna_mancusiungaro_hart_and_stephen_eric_berry_poem_2.txt,3.0
4128,jh_user_60,save,pura_lópezcolomé_3_vocatives_from_spanish_trans_dan_bellm_poem_1.txt,3.0
4129,jh_user_94,save,paola_gallo_i_smell_of_amber_parenthesis_from_spanish_trans_adam_giannelli_poem_2.txt,
4129,jh_user_56,save,shanzhai_burn.txt,3.0
4129,jh_user_55,save,shanzhai_burn.txt,3.0
4129,jh_user_45,save,place_daniel-remein_review-of-david-hadbawnik-trans-of-aeneid_troy-&-crete-&-rome-&-underworld-&-old-english-&-cumae.txt,
4129,jh_user_45,save,ouyang_jianghe_conversation_from_chinese_trans_austin_woerner_poem_1.txt,
4129,jh_user_54,save,pierre_peuchmaurd_the_foam_of_lions_from_french_trans_ec_belli_poem_2.txt,3.0
4129,jh_user_23,save,seo_jung_hak_paper_box_factory_from_korean_trans_megan_sungyoon_poem_5.txt,3.0
4129,jh_user_79,save,shanzhai_coffee.txt,
4129,jh_user_44,save,sabino_esteban_names_of_villages_from_q_trans_josé_garcía_escobar_poem_2.txt,3.0
4129,jh_user_11,save,sayaka_osaki_momo_in_particular_the_scenes_in_which_the_tortoise_cassiopeia_appears_authors_note_hrefaboo_from_japanese_trans_jeffrey_angles_poem_1.txt,3.0
4129,jh_user_13,save,osip_mandelstam_3_from_russian_trans_margaree_little_poem_3.txt,
4129,jh_user_63,save,pura_lópezcolomé_praying_mantis_from_spanish_trans_dan_bellm_poem_2.txt,
4129,jh_user_18,save,publishing_sphere_the_real_tara_mcpherson_why_digital_humanities_so_white.txt,
4129,jh_user_93,save,place_mathilde_blind_cagnes.txt,3.0
4130,jh_user_15,save,publishing_sphere_marcello_vitali-rosati_digital_architectures.txt,
4130,jh_user_65,save,publishing_sphere_keywords_danny.txt,
4130,jh_user_72,save,place_short_film_inspired_by_dylan_thomas_announcement_cannes.txt,
4130,jh_user_96,save,publishing_sphere_keywords_chris.txt,3.0
4130,jh_user_12,save,piyush_daiya_6_from_hindi_trans_rahul_soni_poem_2.txt,3.0
4130,jh_user_33,save,rose_ausländer_black_dove_from_german_trans_carlie_hoffman_poem_1.txt,3.0
4130,jh_user_56,save,place_martin-glaz-serup_roman-nights_rome-venice-colle-di-val-d'elsa-italy-&-nicaragua-&-russia-&-usa-&-amager-denmark-&-sarajevo-bosnia-&-costa-brava-spain-&-gothenburg-sweden-&-berlin-germany.txt,3.0
4130,jh_user_55,save,pascale_petit_in_a_wooden_folly_of_the_bavarian_margraves_from_french_trans_annetta_riley_poem_3.txt,
4130,jh_user_97,save,rosa_chávez_my_wandering_heart_will_carry_you_on_her_back_so_you_can_sleep_from_spanish_trans_gabriela_ramirezchavez_poem_1.txt,
4130,jh_user_76,save,paulo_leminski_warning_to_the_castaway_from_portuguese_trans_elisa_wouk_almino_poem_3.txt,
4130,jh_user_71,save,publishing_sphere_keywords_gerard2.txt,
4130,jh_user_88,save,pascale_petit_pls_invent_me_a_machine_from_french_trans_annetta_riley_poem_4.txt,3.0
4130,jh_user_47,save,publishing_sphere_keywords_gerard.txt,3.0
4130,jh_user_64,save,olga_bragina_27_june_2022_from_russian_trans_josephine_von_zitzewitz_poem_3.txt,
4130,jh_user_93,save,publishing_sphere_blockchain.txt,
4130,jh_user_72,save,shanzhai_coffee.txt,
4130,jh_user_42,save,publishing_sphere_reader_nick_thurston_subcontract.txt,
4130,jh_user_11,save,place_florin-dan-prodan_trans-margento_siberian-holler_bucharest-&-romania-&-siberia-&-russia.txt,
4131,jh_user_49,save,nóra_ružičková_2020_from_slovak_trans_ivana_hostová_poem_9.txt,
4131,jh_user_41,save,place_nenten-tsubouchi_trans-rock-&-pan_sweet-chew_japan.txt,
4131,jh_user_52,save,place_diane_raptosh_america.txt,
4131,jh_user_66,save,publishing_sphere_montreal_article.txt,
4131,jh_user_74,save,nādim_i_will_not_sing_from_kashmiri_trans_sonam_kachru_poem_1.txt,
4131,jh_user_72,save,rosa_chávez_may_my_heart_bloom_when_it_stops_pumping_red_ink_may_it_burst_into_small_thorns_from_spanish_trans_gabriela_ramirezchavez_poem_9.txt,3.0
4131,jh_user_48,save,place_bob-hicok_a-marxist-interpretation-of-rivers.txt,
4131,jh_user_13,save,pablo_ingberg_waking_candle_from_spanish_trans_sarah_moses_poem_1.txt,
4131,jh_user_20,save,roland-reichen_little-flower-withering_part2.txt,
4131,jh_user_74,save,olga_bragina_27_june_2022_from_russian_trans_josephine_von_zitzewitz_poem_3.txt,
4131,jh_user_73,save,propertius_iiii_from_latin_trans_henry_walters_poem_2.txt,
4131,jh_user_36,save,place_wingston-gonzales_trans-jose-garcia-escobar_psicobilly-unflight_munich-&-germany-&-vienna-&-austria-&-bucharest-&-romania-&-europe.txt,
4131,jh_user_10,save,sabino_esteban_my_mother_from_q_trans_josé_garcía_escobar_poem_5.txt,3.0
4131,jh_user_69,save,samira_negrouche_iii_from_french_trans_marilyn_hacker_poem_3.txt,3.0
4131,jh_user_22,save,paalhelge_haugen_61_from_norwegian_trans_julia_johanne_tolo_poem_5.txt,3.0
4131,jh_user_91,save,piyush_daiya_11_from_hindi_trans_rahul_soni_poem_6.txt,
4131,jh_user_24,save,sabino_esteban_among_the_trees_from_q_trans_josé_garcía_escobar_poem_3.txt,
4131,jh_user_69,save,paalhelge_haugen_61_from_norwegian_trans_julia_johanne_tolo_poem_5.txt,3.0
4131,jh_user_41,save,publishing_sphere_keywords_danny.txt,
4132,jh_user_25,save,robert_rybicki_the_center_from_polish_trans_mark_tardi_poem_6.txt,3.0
4132,jh_user_44,save,place_felix-nicolau_strawberry-pickers_alaska-&-jiu-valley.txt,3.0
4132,jh_user_29,save,paalhelge_haugen_61_from_norwegian_trans_julia_johanne_tolo_poem_5.txt,3.0
4132,jh_user_54,save,place_liliane_wouters_trans_margento_a_pascal_bill_brabant_flanders_belgium.txt,
4132,jh_user_35,save,publishing_sphere_keywords_gerard2.txt,
4132,jh_user_37,save,olga_bragina_26_august_2022_from_russian_trans_josephine_von_zitzewitz_poem_6.txt,
4132,jh_user_61,save,salaiman_juhni_we_shall_help_nietzsche_from_arabic_trans_ali_kadhim_and_chris_george_poem_2.txt,3.0
4132,jh_user_2,save,seo_jung_hak_chaeri_sits_in_the_frontmost_seat_from_korean_trans_megan_sungyoon_poem_2.txt,
4132,jh_user_12,save,publishing_sphere_the_real_tara_mcpherson_designing_for_difference.txt,3.0
4132,jh_user_71,save,paalhelge_haugen_67_from_norwegian_trans_julia_johanne_tolo_poem_7.txt,
4132,jh_user_51,save,paalhelge_haugen_36_from_norwegian_trans_julia_johanne_tolo_poem_2.txt,
4132,jh_user_77,save,place_kipling_song_of_cities.txt,
4132,jh_user_98,save,olivia_elias_v_from_french_trans_sarah_riggs_and_jérémy_robert_poem_2.txt,
4132,jh_user_25,save,place_alexis-almeida_something-tells-you-to-look.txt,
4132,jh_user_31,save,ozan_zakariya_keskinkılıç_like_wine_for_hafiz_from_german_trans_özgecan_kesici_poem_2.txt,
4132,jh_user_96,save,rosabetty_muñoz_waters_from_spanish_trans_elena_barcia_poem_1.txt,
4132,jh_user_19,save,publishing_sphere_keywords_craig.txt,3.0
4132,jh_user_26,save,place_alexis-almeida_something-tells-you-to-look.txt,
4132,jh_user_14,save,rose_ausländer_unity_of_dust_from_german_trans_carlie_hoffman_poem_3.txt,
4132,jh_user_86,save,petr_bezruč_red_flower_from_czech_trans_jacob_a_bennett_poem_1.txt,3.0
4132,jh_user_23,save,ozan_zakariya_keskinkılıç_laytkültür_from_german_trans_özgecan_kesici_poem_1.txt,
4132,jh_user_96,save,piyush_daiya_1_from_hindi_trans_rahul_soni_poem_1.txt,
4133,jh_user_33,save,ribka_sibhatu_the_dubrovka_theatre_from_italian_trans_andré_naffissahely_and_ribka_sibhatu_poem_1.txt,
4133,jh_user_32,save,pamela_proietti_tanka_n_7_from_italian_trans_donna_mancusiungaro_hart_and_stephen_eric_berry_poem_2.txt,3.0
4133,jh_user_93,save,piyush_daiya_11_from_hindi_trans_rahul_soni_poem_6.txt,
4133,jh_user_47,save,place_felix-nicolau_strawberry-pickers_alaska-&-jiu-valley.txt,3.0
4133,jh_user_8,save,pura_lópezcolomé_praying_mantis_from_spanish_trans_dan_bellm_poem_2.txt,
4133,jh_user_88,save,seo_jung_hak_paper_box_from_korean_trans_megan_sungyoon_poem_4.txt,
4133,jh_user_69,save,publishing_sphere_keywords_sebastien.txt,
4133,jh_user_56,save,rublev.txt,
4133,jh_user_28,save,place_teodora-coman_trans-margento-&-sorkin-&-coman_dispatcher-at-the-base.txt,3.0
4133,jh_user_62,save,salvador_espriu_xxxv_from_catalan_trans_sonia_alland_and_richard_jeffrey_newman_poem_1.txt,
4133,jh_user_71,save,shanzhai_at_sight.txt,3.0
4133,jh_user_71,save,robert_rybicki_locomotive_sirens_from_polish_trans_mark_tardi_poem_4.txt,
4133,jh_user_78,save,salaiman_juhni_we_shall_help_nietzsche_from_arabic_trans_ali_kadhim_and_chris_george_poem_2.txt,3.0
4133,jh_user_41,save,sabino_esteban_among_the_trees_from_q_trans_josé_garcía_escobar_poem_3.txt,
4133,jh_user_27,save,publishing_sphere_poetic_infrastructures_group.txt,
4134,jh_user_73,save,seo_jung_hak_paper_box_factory_from_korean_trans_megan_sungyoon_poem_5.txt,3.0
4134,jh_user_71,save,place_serban-foarta_trans-margento_place-de-la-concorde_paris-&-france-&-bucharest-&-romania.txt,
4134,jh_user_67,save,osdany_morales_what_was_your_dream_job_as_a_child_from_spanish_trans_harry_bauld_poem_2.txt,
4134,jh_user_82,save,piyush_daiya_1_from_hindi_trans_rahul_soni_poem_1.txt,
4134,jh_user_86,save,roselyne_sibille_i_write_to_you_from_the_other_side_of_the_shadow_from_french_trans_karthika_naïr_poem_1.txt,3.0
4134,jh_user_29,save,place_alexis-almeida_something-tells-you-to-look.txt,
4134,jh_user_43,save,paulo_leminski_warning_to_the_castaway_from_portuguese_trans_elisa_wouk_almino_poem_3.txt,
4134,jh_user_72,save,publishing_sphere_the_real_tara_mcpherson_designing_for_difference.txt,3.0
4134,jh_user_41,save,publishing_sphere_performing_experimental_translation_group.txt,
4134,jh_user_99,save,publishing_sphere_the_real_tara_mcpherson_why_digital_humanities_so_white.txt,
4134,jh_user_33,save,publishing_sphere_keywords_suzanne2.txt,3.0
4134,jh_user_12,save,rasool_yoonan_untitled_6_from_persian_trans_siavash_saadlou_poem_6.txt,
4134,jh_user_98,save,place_yehuda-amichai_trans-chana-blcoh-&-chana-kronfeld_third-reich-&-auschwitz-&-poland-&-israel.txt,3.0
4134,jh_user_47,save,olga_bragina_19_july_2022_from_russian_trans_josephine_von_zitzewitz_poem_5.txt,
4135,jh_user_60,save,ozan_zakariya_keskinkılıç_laytkültür_from_german_trans_özgecan_kesici_poem_1.txt,
4135,jh_user_27,save,pascale_petit_pls_invent_me_a_machine_from_french_trans_annetta_riley_poem_4.txt,3.0
4135,jh_user_4,save,seo_jung_hak_paper_box_factory_from_korean_trans_megan_sungyoon_poem_5.txt,3.0
4135,jh_user_77,save,propertius_ii_from_latin_trans_henry_walters_poem_1.txt,
4135,jh_user_83,save,publishing_sphere_keywords_suzanne.txt,
4135,jh_user_74,save,place_big_dog_cannes_mark_toney.txt,
4135,jh_user_87,save,osip_mandelstam_january_9_1937_from_russian_trans_john_high_and_matvei_yankelevich_poem_1.txt,
4135,jh_user_61,save,place_inrasara_trad-alec-schachner_unwritten-poems_mistral-&-ricefields-&-homeland-&-cham-&-vietnam.txt,
4135,jh_user_34,save,osip_mandelstam_january_9_1937_from_russian_trans_john_high_and_matvei_yankelevich_poem_1.txt,
4135,jh_user_96,save,rublev.txt,
4135,jh_user_35,save,pablo_ingberg_the_scene_of_the_crime_from_spanish_trans_sarah_moses_poem_3.txt,
4136,jh_user_74,save,ricardo-domeneck_body.txt,
4136,jh_user_53,save,ozan_zakariya_keskinkılıç_like_wine_for_hafiz_from_german_trans_özgecan_kesici_poem_2.txt,
4136,jh_user_61,save,publishing_sphere_blockchain.txt,
4136,jh_user_68,save,osdany_morales_what_was_your_dream_job_as_a_child_from_spanish_trans_harry_bauld_poem_2.txt,
4136,jh_user_70,save,piyush_daiya_10_from_hindi_trans_rahul_soni_poem_5.txt,3.0
4136,jh_user_24,save,qiu_jin_to_drink_from_chinese_trans_yilin_wang_poem_5.txt,
4136,jh_user_64,save,salome.txt,
4136,jh_user_8,save,publishing_sphere_serban_foarta_butterflycion.txt,
4136,jh_user_45,save,salaiman_juhni_we_shall_help_nietzsche_from_arabic_trans_ali_kadhim_and_chris_george_poem_2.txt,3.0
4136,jh_user_94,save,paalhelge_haugen_51_from_norwegian_trans_julia_johanne_tolo_poem_3.txt,3.0
4136,jh_user_89,save,place_big_dog_cannes_mark_toney.txt,
4136,jh_user_80,save,raúl_gómez_jattin_the_adoring_god_from_spanish_trans_james_rumseymerlan_and_camila_vélez_valencia_poem_1.txt,
4136,jh_user_92,save,publishing_sphere_keywords_absent_keywords.txt,
4136,jh_user_16,save,robert_rybicki_locomotive_sirens_from_polish_trans_mark_tardi_poem_4.txt,
4136,jh_user_47,save,rasool_yoonan_untitled_6_from_persian_trans_siavash_saadlou_poem_6.txt,
4136,jh_user_54,save,raúl_gómez_jattin_the_adoring_god_from_spanish_trans_james_rumseymerlan_and_camila_vélez_valencia_poem_1.txt,
4137,jh_user_13,save,place_yehuda-amichai_trans-chana-blcoh-&-chana-kronfeld_third-reich-&-auschwitz-&-poland-&-israel.txt,3.0
4137,jh_user_30,save,pepe_espaliú_1992_from_spanish_trans_ian_russell_poem_1.txt,3.0
4137,jh_user_85,save,patron_henekou_letter_xv_to_the_spokesperson_of_parliament_from_french_trans_patron_henekou_poem_2.txt,
4137,jh_user_36,save,robert_rybicki_applema_from_polish_trans_mark_tardi_poem_2.txt,
4137,jh_user_70,save,rosabetty_muñoz_waters_from_spanish_trans_elena_barcia_poem_1.txt,
4137,jh_user_12,save,sananta_tanty_savage_from_assamese_trans_dibyajoti_sarma_poem_2.txt,
4137,jh_user_77,save,place_old_person_of_cannes_edward_lear_cannes.txt,
4137,jh_user_34,save,olivia_elias_v_from_french_trans_sarah_riggs_and_jérémy_robert_poem_2.txt,
4137,jh_user_54,save,osip_mandelstam_rome_from_russian_trans_john_high_and_matvei_yankelevich_poem_1.txt,3.0
4137,jh_user_62,save,ouyang_jianghe_conversation_from_chinese_trans_austin_woerner_poem_1.txt,
4137,jh_user_77,save,ozan_zakariya_keskinkılıç_like_wine_for_hafiz_from_german_trans_özgecan_kesici_poem_2.txt,
4137,jh_user_26,save,ricardo-domeneck_body.txt,
4138,jh_user_36,save,pascale_petit_understated_irony_from_french_trans_annetta_riley_poem_7.txt,
4138,jh_user_88,save,publishing_sphere_craig_dworkin_legion_2.txt,
4138,jh_user_32,save,propertius_iiii_from_latin_trans_henry_walters_poem_2.txt,
4138,jh_user_42,save,petr_bezruč_kyjov_from_czech_trans_jacob_a_bennett_poem_2.txt,
4138,jh_user_34,save,osip_mandelstam_rome_from_russian_trans_john_high_and_matvei_yankelevich_poem_1.txt,3.0
4138,jh_user_22,save,salome.txt,
4138,jh_user_31,save,publishing_sphere_blockchain.txt,
4138,jh_user_97,save,roland-reichen_little-flower-withering_part2.txt,
4138,jh_user_55,save,riyad_alsalih_alhussein_even_wolves_from_arabic_trans_suneela_mubayi_and_rana_issa_poem_5.txt,
4138,jh_user_51,save,pura_lópezcolomé_praying_mantis_from_spanish_trans_dan_bellm_poem_2.txt,
4139,jh_user_90,save,raymond_queneau_the_archipelago_from_french_trans_patience_haggin_poem_3.txt,
4139,jh_user_6,save,oriette_dangelo_fifteen_minutes_to_become_posthumous_from_spanish_trans_lupita_eydetucker_poem_4.txt,
4139,jh_user_26,save,publishing_sphere_reader_erin_moure_reading_translation_multilingual_poetry.txt,
4139,jh_user_37,save,place_anonymous-trans-luke-mcmullan_the-ruin_ashburnham-house-london-england.txt,
4139,jh_user_69,save,olga_bragina_26_april_2022_from_russian_trans_josephine_von_zitzewitz_poem_1.txt,
4139,jh_user_70,save,osip_mandelstam_7_from_russian_trans_margaree_little_poem_7.txt,
4139,jh_user_81,save,place_anne_carson_VI_clean_your_hooves_here_greece.txt,
4139,jh_user_4,save,osip_mandelstam_8_from_russian_trans_margaree_little_poem_8.txt,
4139,jh_user_37,save,osip_mandelstam_3_from_russian_trans_margaree_little_poem_3.txt,
4140,jh_user_45,save,rufus-mufasa_truth-trick.txt,
4140,jh_user_48,save,osip_mandelstam_8_from_russian_trans_margaree_little_poem_8.txt,
4140,jh_user_101,save,place_czeslaw_milosz_city_without_a_name_trans_author_&_hass_&_pinsky_&_gorczynski_poland_lithuania_california_europe_usa.txt,
4140,jh_user_76,save,publishing_sphere_keywords_danny.txt,
4140,jh_user_90,save,place_rachel_by_matthew_arnold_paris_provence_french_riviera.txt,
4140,jh_user_85,save,ozan_zakariya_keskinkılıç_laytkültür_from_german_trans_özgecan_kesici_poem_1.txt,
4140,jh_user_82,save,sabino_esteban_among_the_trees_from_q_trans_josé_garcía_escobar_poem_3.txt,
4140,jh_user_45,save,osip_mandelstam_3_from_russian_trans_margaree_little_poem_3.txt,
4140,jh_user_7,save,nādim_where_we_dwell_from_kashmiri_trans_sonam_kachru_poem_2.txt,
4140,jh_user_58,save,pamela_proietti_pinhole_from_italian_trans_donna_mancusiungaro_hart_and_stephen_eric_berry_poem_1.txt,
4140,jh_user_14,save,place_serban-foarta_trans-margento_place-de-la-concorde_paris-&-france-&-bucharest-&-romania.txt,
4140,jh_user_21,save,publishing_sphere_keywords_absent_keywords.txt,
4140,jh_user_65,save,nādim_i_will_not_sing_from_kashmiri_trans_sonam_kachru_poem_1.txt,
4141,jh_user_95,save,pablo_ingberg_the_scene_of_the_crime_from_spanish_trans_sarah_moses_poem_3.txt,
4141,jh_user_78,save,publishing_sphere_craig_dworkin_legion_2.txt,
4141,jh_user_76,save,place_emily_pauline_johnson_vancouver_a_toast.txt,
4141,jh_user_53,save,paalhelge_haugen_36_from_norwegian_trans_julia_johanne_tolo_poem_2.txt,
4141,jh_user_38,save,robert_rybicki_locomotive_sirens_from_polish_trans_mark_tardi_poem_4.txt,
4141,jh_user_74,save,osip_mandelstam_8_from_russian_trans_margaree_little_poem_8.txt,
4141,jh_user_101,save,publishing_sphere_keywords_sebastien.txt,
4141,jh_user_22,save,piyush_daiya_11_from_hindi_trans_rahul_soni_poem_6.txt,
4141,jh_user_70,save,publishing_sphere_keywords_shanzhai.txt,
4141,jh_user_75,save,quyên_nguyễnhoàng_a_poetics_of_sleep_3_a_river_secretes_many_mouths_from_vietnamese_trans_quyên_nguyễnhoàng_poem_1.txt,
4141,jh_user_58,save,oriette_dangelo_in_case_of_fire_break_glass_from_spanish_trans_lupita_eydetucker_poem_6.txt,
4142,jh_user_99,save,place_diane_raptosh_america.txt,
4142,jh_user_68,save,pura_lópezcolomé_praying_mantis_from_spanish_trans_dan_bellm_poem_2.txt,
4142,jh_user_46,save,place_serban-foarta_trans-margento_place-de-la-concorde_paris-&-france-&-bucharest-&-romania.txt,
4142,jh_user_82,save,riyad_alsalih_alhussein_paper_from_arabic_trans_suneela_mubayi_and_rana_issa_poem_3.txt,
4142,jh_user_92,save,robert_rybicki_locomotive_sirens_from_polish_trans_mark_tardi_poem_4.txt,
4142,jh_user_9,save,paalhelge_haugen_67_from_norwegian_trans_julia_johanne_tolo_poem_7.txt,
4142,jh_user_62,save,shanzhai_coffee.txt,
4142,jh_user_7,save,samira_negrouche_v_from_french_trans_marilyn_hacker_poem_1.txt,
4142,jh_user_54,save,place_babylonians-trans-jared-pearce_high-priest-prayer.txt,
4142,jh_user_17,save,ricardo-domeneck_body.txt,
4142,jh_user_87,save,place_joanne_dominique_dwyer_down_by_the_river_carolina_america_ireland.txt,
4142,jh_user_64,save,ricardo-domeneck_body.txt,
4142,jh_user_11,save,raymond_queneau_the_archipelago_from_french_trans_patience_haggin_poem_3.txt,
4143,jh_user_45,save,place_anonymous-trans-luke-mcmullan_the-ruin_ashburnham-house-london-england.txt,
4143,jh_user_92,save,roland-reichen_little-flower-withering_part2.txt,
4143,jh_user_32,save,raymond_queneau_toward_an_ars_poetica_no_3_from_french_trans_patience_haggin_poem_1.txt,
4143,jh_user_57,save,sagawa_chika_afternoon_from_japanese_trans_sawako_nakayasu_poem_1.txt,
4143,jh_user_73,save,osdany_morales_what_was_your_dream_job_as_a_child_from_spanish_trans_harry_bauld_poem_2.txt,
4143,jh_user_80,save,place_serban-foarta_trans-margento_place-de-la-concorde_paris-&-france-&-bucharest-&-romania.txt,
4143,jh_user_93,save,publishing_sphere_keywords_suzanne.txt,
4143,jh_user_41,save,paalhelge_haugen_36_from_norwegian_trans_julia_johanne_tolo_poem_2.txt,
4143,jh_user_10,save,petr_bezruč_kyjov_from_czech_trans_jacob_a_bennett_poem_2.txt,
4143,jh_user_95,save,publishing_sphere_reader_erin_moure_reading_translation_multilingual_poetry.txt,
4144,jh_user_76,save,pablo_ingberg_waking_candle_from_spanish_trans_sarah_moses_poem_1.txt,
4144,jh_user_87,save,paalhelge_haugen_36_from_norwegian_trans_julia_johanne_tolo_poem_2.txt,
4144,jh_user_95,save,oriette_dangelo_in_case_of_fire_break_glass_from_spanish_trans_lupita_eydetucker_poem_6.txt,
4144,jh_user_17,save,olivia_elias_vi_from_french_trans_sarah_riggs_and_jérémy_robert_poem_3.txt,
4144,jh_user_61,save,ribka_sibhatu_the_dubrovka_theatre_from_italian_trans_andré_naffissahely_and_ribka_sibhatu_poem_1.txt,
4144,jh_user_92,save,rosmon_tuazon_vineyard_from_filipino_trans_ben_aguilar_poem_3.txt,
4144,jh_user_35,save,place_alexis-almeida_something-tells-you-to-look.txt,
4145,jh_user_59,save,place_big_dog_cannes_mark_toney.txt,
4145,jh_user_96,save,rosmon_tuazon_vineyard_from_filipino_trans_ben_aguilar_poem_3.txt,
4145,jh_user_17,save,riyad_alsalih_alhussein_even_wolves_from_arabic_trans_suneela_mubayi_and_rana_issa_poem_5.txt,
4145,jh_user_4,save,ozan_zakariya_keskinkılıç_like_wine_for_hafiz_from_german_trans_özgecan_kesici_poem_2.txt,
4145,jh_user_47,save,place_wingston-gonzales_trans-jose-garcia-escobar_psicobilly-unflight_munich-&-germany-&-vienna-&-austria-&-bucharest-&-romania-&-europe.txt,
4145,jh_user_65,save,paalhelge_haugen_77_from_norwegian_trans_julia_johanne_tolo_poem_10.txt,
4145,jh_user_27,save,osip_mandelstam_8_from_russian_trans_margaree_little_poem_8.txt,
4145,jh_user_73,save,nādim_i_will_not_sing_from_kashmiri_trans_sonam_kachru_poem_1.txt,
4145,jh_user_100,save,publishing_sphere_keywords_suzanne.txt,
4145,jh_user_22,save,pamela_proietti_tanka_n_36_from_italian_trans_donna_mancusiungaro_hart_and_stephen_eric_berry_poem_4.txt,
4146,jh_user_84,save,raymond_queneau_the_archipelago_from_french_trans_patience_haggin_poem_3.txt,
4146,jh_user_60,save,place_florin-dan-prodan_trans-margento_siberian-holler_bucharest-&-romania-&-siberia-&-russia.txt,
4146,jh_user_100,save,place_inrasara_trad-alec-schachner_unwritten-poems_mistral-&-ricefields-&-homeland-&-cham-&-vietnam.txt,
4146,jh_user_57,save,publishing_sphere_keywords_suzanne.txt,
4147,jh_user_9,save,salvador_espriu_xxxv_from_catalan_trans_sonia_alland_and_richard_jeffrey_newman_poem_1.txt,
4147,jh_user_45,save,pascale_petit_the_tempo_must_be_perfect_from_french_trans_annetta_riley_poem_6.txt,
4147,jh_user_29,save,rose_ausländer_unity_of_dust_from_german_trans_carlie_hoffman_poem_3.txt,
4147,jh_user_67,save,rose_ausländer_unity_of_dust_from_german_trans_carlie_hoffman_poem_3.txt,
4147,jh_user_79,save,place_big_dog_cannes_mark_toney.txt,
4147,jh_user_99,save,paulo_leminski_warning_to_the_castaway_from_portuguese_trans_elisa_wouk_almino_poem_3.txt,
4148,jh_user_96,save,robert_rybicki_applema_from_polish_trans_mark_tardi_poem_2.txt,
4148,jh_user_59,save,place_daniel-remein_review-of-david-hadbawnik-trans-of-aeneid_troy-&-crete-&-rome-&-underworld-&-old-english-&-cumae.txt,
4148,jh_user_42,save,qiu_jin_a_reply_verse_in_matching_rhyme_from_chinese_trans_yilin_wang_poem_4.txt,
4148,jh_user_68,save,nādim_where_we_dwell_from_kashmiri_trans_sonam_kachru_poem_2.txt,
4148,jh_user_79,save,propertius_iiii_from_latin_trans_henry_walters_poem_2.txt,
4148,jh_user_13,save,seo_jung_hak_paper_box_from_korean_trans_megan_sungyoon_poem_4.txt,
4148,jh_user_7,save,osdany_morales_what_was_your_dream_job_as_a_child_from_spanish_trans_harry_bauld_poem_2.txt,
4148,jh_user_8,save,rosa_chávez_my_wandering_heart_will_carry_you_on_her_back_so_you_can_sleep_from_spanish_trans_gabriela_ramirezchavez_poem_1.txt,
4148,jh_user_81,save,olga_bragina_27_june_2022_from_russian_trans_josephine_von_zitzewitz_poem_3.txt,
4148,jh_user_96,save,place_rachel_by_matthew_arnold_paris_provence_french_riviera.txt,
4149,jh_user_79,save,rosabetty_muñoz_waters_from_spanish_trans_elena_barcia_poem_1.txt,
4149,jh_user_100,save,publishing_sphere_danny_snelson_heath_tracing_actor_as_network.txt,
4149,jh_user_20,save,quyên_nguyễnhoàng_a_poetics_of_sleep_3_a_river_secretes_many_mouths_from_vietnamese_trans_quyên_nguyễnhoàng_poem_1.txt,
4149,jh_user_45,save,rosmon_tuazon_vineyard_from_filipino_trans_ben_aguilar_poem_3.txt,
4149,jh_user_60,save,publishing_sphere_keywords_sebastien.txt,
4149,jh_user_17,save,ribka_sibhatu_the_dubrovka_theatre_from_italian_trans_andré_naffissahely_and_ribka_sibhatu_poem_1.txt,
4149,jh_user_22,save,place_anne_carson_VI_clean_your_hooves_here_greece.txt,
4150,jh_user_49,save,rasool_yoonan_untitled_1_from_persian_trans_siavash_saadlou_poem_1.txt,
4150,jh_user_72,save,publishing_sphere_reader_erin_moure_reading_translation_multilingual_poetry.txt,
4150,jh_user_76,save,place_big_dog_cannes_mark_toney.txt,
4150,jh_user_1,save,piyush_daiya_1_from_hindi_trans_rahul_soni_poem_1.txt,
4150,jh_user_32,save,olga_bragina_26_april_2022_from_russian_trans_josephine_von_zitzewitz_poem_1.txt,
4151,jh_user_53,save,oriette_dangelo_in_case_of_fire_break_glass_from_spanish_trans_lupita_eydetucker_poem_6.txt,
4151,jh_user_65,save,qiu_jin_a_reply_verse_in_matching_rhyme_from_chinese_trans_yilin_wang_poem_4.txt,
4151,jh_user_82,save,ouyang_jianghe_conversation_from_chinese_trans_austin_woerner_poem_1.txt,
4151,jh_user_5,save,pascale_petit_in_a_wooden_folly_of_the_bavarian_margraves_from_french_trans_annetta_riley_poem_3.txt,
4151,jh_user_21,save,place_babylonians-trans-jared-pearce_high-priest-prayer.txt,
4151,jh_user_88,save,ozan_zakariya_keskinkılıç_like_wine_for_hafiz_from_german_trans_özgecan_kesici_poem_2.txt,
4151,jh_user_42,save,place_liliane_wouters_trans_margento_a_pascal_bill_brabant_flanders_belgium.txt,
4151,jh_user_48,save,raúl_gómez_jattin_the_adoring_god_from_spanish_trans_james_rumseymerlan_and_camila_vélez_valencia_poem_1.txt,
4151,jh_user_5,save,place_anne_carson_VI_clean_your_hooves_here_greece.txt,
4151,jh_user_7,save,rasool_yoonan_untitled_1_from_persian_trans_siavash_saadlou_poem_1.txt,
4152,jh_user_13,save,roland-reichen_little-flower-withering_part1.txt,
4152,jh_user_21,save,roland-reichen_little-flower-withering_part1.txt,
4152,jh_user_6,save,rosmon_tuazon_vineyard_from_filipino_trans_ben_aguilar_poem_3.txt,
4152,jh_user_99,save,paalhelge_haugen_67_from_norwegian_trans_julia_johanne_tolo_poem_7.txt,
4152,jh_user_61,save,ribka_sibhatu_african_grandmothers_from_italian_trans_andré_naffissahely_and_ribka_sibhatu_poem_2.txt,
4152,jh_user_31,save,riyad_alsalih_alhussein_paper_from_arabic_trans_suneela_mubayi_and_rana_issa_poem_3.txt,
4152,jh_user_39,save,raymond_queneau_the_archipelago_from_french_trans_patience_haggin_poem_3.txt,
4153,jh_user_22,save,osip_mandelstam_3_from_russian_trans_margaree_little_poem_3.txt,
4153,jh_user_3,save,place_liliane_wouters_trans_margento_a_pascal_bill_brabant_flanders_belgium.txt,
4153,jh_user_11,save,olga_bragina_19_july_2022_from_russian_trans_josephine_von_zitzewitz_poem_5.txt,
4153,jh_user_92,save,publishing_sphere_danny_snelson_heath_tracing_actor_as_network.txt,
4153,jh_user_51,save,paalhelge_haugen_77_from_norwegian_trans_julia_johanne_tolo_poem_10.txt,
4153,jh_user_41,save,olga_bragina_26_august_2022_from_russian_trans_josephine_von_zitzewitz_poem_6.txt,
4153,jh_user_44,save,olga_bragina_26_august_2022_from_russian_trans_josephine_von_zitzewitz_poem_6.txt,
4153,jh_user_13,save,publishing_sphere_keywords_shanzhai.txt,
4153,jh_user_44,save,osdany_morales_what_was_your_dream_job_as_a_child_from_spanish_trans_harry_bauld_poem_2.txt,
4154,jh_user_27,save,place_rachel_by_matthew_arnold_paris_provence_french_riviera.txt,
4154,jh_user_46,save,rufus-mufasa_truth-trick.txt,
4154,jh_user_83,save,place_anonymous-trans-luke-mcmullan_the-ruin_ashburnham-house-london-england.txt,
4154,jh_user_65,save,osip_mandelstam_january_20_1937_from_russian_trans_john_high_and_matvei_yankelevich_poem_3.txt,
4155,jh_user_49,save,publishing_sphere_serban_foarta_butterflycion.txt,
4155,jh_user_82,save,pascale_petit_the_tempo_must_be_perfect_from_french_trans_annetta_riley_poem_6.txt,
4156,jh_user_74,save,paulo_leminski_warning_to_the_castaway_from_portuguese_trans_elisa_wouk_almino_poem_3.txt,
4156,jh_user_70,save,pamela_proietti_vii_from_italian_trans_stephen_eric_berry_and_maría_rodríguez_santiago_poem_7.txt,
4157,jh_user_16,save,rosabetty_muñoz_waters_from_spanish_trans_elena_barcia_poem_1.txt,
4157,jh_user_36,save,osip_mandelstam_january_20_1937_from_russian_trans_john_high_and_matvei_yankelevich_poem_3.txt,
4157,jh_user_13,save,shanzhai_advantages.txt,
4157,jh_user_5,save,riyad_alsalih_alhussein_paper_from_arabic_trans_suneela_mubayi_and_rana_issa_poem_3.txt,
4157,jh_user_88,save,place_anonymous-trans-luke-mcmullan_the-ruin_ashburnham-house-london-england.txt,
4157,jh_user_32,save,rufus-mufasa_truth-trick.txt,
4158,jh_user_76,save,publishing_sphere_keywords_shanzhai.txt,
4158,jh_user_25,save,shanzhai_advantages.txt,
4158,jh_user_100,save,rublev.txt,
4158,jh_user_29,save,quyên_nguyễnhoàng_a_poetics_of_sleep_3_a_river_secretes_many_mouths_from_vietnamese_trans_quyên_nguyễnhoàng_poem_1.txt,
4158,jh_user_21,save,raúl_gómez_jattin_the_adoring_god_from_spanish_trans_james_rumseymerlan_and_camila_vélez_valencia_poem_1.txt,
4158,jh_user_65,save,publishing_sphere_performing_experimental_translation_group.txt,
4159,jh_user_16,save,olga_bragina_26_august_2022_from_russian_trans_josephine_von_zitzewitz_poem_6.txt,
4159,jh_user_7,save,publishing_sphere_keywords_sebastien.txt,
4159,jh_user_98,save,riyad_alsalih_alhussein_even_wolves_from_arabic_trans_suneela_mubayi_and_rana_issa_poem_5.txt,
4160,jh_user_26,save,publishing_sphere_keywords_shanzhai.txt,
4160,jh_user_60,save,ribka_sibhatu_african_grandmothers_from_italian_trans_andré_naffissahely_and_ribka_sibhatu_poem_2.txt,
4160,jh_user_96,save,ricardo-domeneck_body.txt,
4160,jh_user_46,save,olga_bragina_19_july_2022_from_russian_trans_josephine_von_zitzewitz_poem_5.txt,
4161,jh_user_65,save,publishing_sphere_keywords_gerard2.txt,
4161,jh_user_9,save,publishing_sphere_keywords_gerard2.txt,
4161,jh_user_40,save,publishing_sphere_performing_experimental_translation_group.txt,
4162,jh_user_53,save,olga_bragina_19_july_2022_from_russian_trans_josephine_von_zitzewitz_poem_5.txt,
4162,jh_user_44,save,oriette_dangelo_criminal_syndrome_from_spanish_trans_lupita_eydetucker_poem_5.txt,
4162,jh_user_64,save,place_rachel_by_matthew_arnold_paris_provence_french_riviera.txt,
4163,jh_user_76,save,oriette_dangelo_criminal_syndrome_from_spanish_trans_lupita_eydetucker_poem_5.txt,
4163,jh_user_34,save,quyên_nguyễnhoàng_a_poetics_of_sleep_3_a_river_secretes_many_mouths_from_vietnamese_trans_quyên_nguyễnhoàng_poem_1.txt,
4163,jh_user_56,save,salome.txt,
4163,jh_user_69,save,place_rachel_by_matthew_arnold_paris_provence_french_riviera.txt,
4163,jh_user_27,save,rasool_yoonan_untitled_1_from_persian_trans_siavash_saadlou_poem_1.txt,
4163,jh_user_81,save,oriette_dangelo_in_case_of_fire_break_glass_from_spanish_trans_lupita_eydetucker_poem_6.txt,
4165,jh_user_41,save,place_wingston-gonzales_trans-jose-garcia-escobar_psicobilly-unflight_munich-&-germany-&-vienna-&-austria-&-bucharest-&-romania-&-europe.txt,
4165,jh_user_94,save,olga_bragina_19_july_2022_from_russian_trans_josephine_von_zitzewitz_poem_5.txt,
4165,jh_user_99,save,place_wingston-gonzales_trans-jose-garcia-escobar_psicobilly-unflight_munich-&-germany-&-vienna-&-austria-&-bucharest-&-romania-&-europe.txt,
4165,jh_user_87,save,quyên_nguyễnhoàng_a_poetics_of_sleep_3_a_river_secretes_many_mouths_from_vietnamese_trans_quyên_nguyễnhoàng_poem_1.txt,
4165,jh_user_88,save,rufus-mufasa_truth-trick.txt,
4165,jh_user_77,save,place_wingston-gonzales_trans-jose-garcia-escobar_psicobilly-unflight_munich-&-germany-&-vienna-&-austria-&-bucharest-&-romania-&-europe.txt,
4165,jh_user_64,save,pamela_proietti_vii_from_italian_trans_stephen_eric_berry_and_maría_rodríguez_santiago_poem_7.txt,
4165,jh_user_43,save,osip_mandelstam_january_20_1937_from_russian_trans_john_high_and_matvei_yankelevich_poem_3.txt,
4166,jh_user_95,save,rasool_yoonan_untitled_1_from_persian_trans_siavash_saadlou_poem_1.txt,
4166,jh_user_96,save,rasool_yoonan_untitled_1_from_persian_trans_siavash_saadlou_poem_1.txt,
4166,jh_user_41,save,pamela_proietti_vii_from_italian_trans_stephen_eric_berry_and_maría_rodríguez_santiago_poem_7.txt,
4168,jh_user_9,save,pascale_petit_the_tempo_must_be_perfect_from_french_trans_annetta_riley_poem_6.txt,
4168,jh_user_84,save,pamela_proietti_vii_from_italian_trans_stephen_eric_berry_and_maría_rodríguez_santiago_poem_7.txt,
4169,jh_user_13,save,publishing_sphere_keywords_sebastien.txt,
4170,jh_user_56,save,oriette_dangelo_in_case_of_fire_break_glass_from_spanish_trans_lupita_eydetucker_poem_6.txt,
4170,jh_user_76,save,salome.txt,
4170,jh_user_9,save,salome.txt,
4171,jh_user_39,save,wolfgang_cordan_da_nun_der_regen_rinnt_from_german_trans_klein_voorhees_poem_3.txt,
4171,jh_user_31,save,pamela_proietti_vii_from_italian_trans_stephen_eric_berry_and_maría_rodríguez_santiago_poem_7.txt,
4172,jh_user_5,save,shrikant_verma_shravasti_from_hindi_trans_rahul_soni_poem_3.txt,
4172,jh_user_22,save,stesichorus_palinode_the_poet_apologizes_to_helen_from_ancient_trans_em_setzer_poem_3.txt,
4173,jh_user_42,save,riyad_alsalih_alhussein_even_wolves_from_arabic_trans_suneela_mubayi_and_rana_issa_poem_5.txt,
4173,jh_user_21,save,voyage_to_the_moon.txt,
4173,jh_user_87,save,shrikant_verma_shravasti_from_hindi_trans_rahul_soni_poem_3.txt,
4173,jh_user_48,save,wang_xiaoni_meeting_deaths_envoy_on_a_winter_afternoon_from_chinese_trans_eleanor_goodman_poem_1.txt,
4173,jh_user_14,save,wilson_bueno_trans_erin_moure_dyou_remember.txt,
4174,jh_user_14,save,paalhelge_haugen_77_from_norwegian_trans_julia_johanne_tolo_poem_10.txt,
4174,jh_user_81,save,shrikant_verma_shravasti_from_hindi_trans_rahul_soni_poem_3.txt,
4176,jh_user_66,save,stesichorus_palinode_the_poet_apologizes_to_helen_from_ancient_trans_em_setzer_poem_3.txt,
4177,jh_user_64,save,tahir_hamut_izgil_road_from_uyghur_trans_joshua_l_freeman_poem_1.txt,
4181,jh_user_29,save,stanislaw_borokowski_suicide_prevention_hotline_from_german_trans_chris_michalski_poem_1.txt,
4181,jh_user_88,save,sheila_cussons_exile_i_from_afrikaans_trans_andrew_van_der_vlies_poem_1.txt,
4181,jh_user_66,save,place_joni-mitchell_ameila_desert-&-sky-&-oceans-&-usa.txt,
4182,jh_user_23,save,shanzhai_extra_tough_nationalism.txt,
4182,jh_user_15,save,şükrü_erbaş_radiance_from_turkish_trans_derick_mattern_poem_2.txt,
4183,jh_user_6,save,wang_xiaoni_meeting_deaths_envoy_on_a_winter_afternoon_from_chinese_trans_eleanor_goodman_poem_1.txt,
4183,jh_user_40,save,sun_tzuping_ive_given_up_from_chinese_trans_nicholas_wong_poem_2.txt,
4184,jh_user_70,save,wolfgang_cordan_da_nun_der_regen_rinnt_from_german_trans_klein_voorhees_poem_3.txt,
4185,jh_user_16,save,xiao_kaiyu_the_grassy_slope_from_chinese_trans_christopher_lupke_poem_3.txt,4.0
4185,jh_user_1,save,wang_xiaoni_moonlight_no_2_from_chinese_trans_eleanor_goodman_poem_3.txt,
4185,jh_user_27,save,various_aztec_authors_v_another_plainstyle_mexica_song_from_náhuatl_trans_david_bowles_poem_1.txt,
4185,jh_user_47,save,tan_chee_lay_ii_campaigningnbsp_from_chinese_trans_teng_qian_xi_poem_2.txt,
4185,jh_user_22,save,ye_mimi_2_nights_9_secretsfor_turning_29_from_chinese_trans_steve_bradbury_poem_2.txt,
4185,jh_user_17,save,yi_won_between_a_rice_bowl_and_shadow_from_korean_trans_e_j_koh_and_marci_calabretta_canciobello_poem_1.txt,
4186,jh_user_6,save,stanislaw_borokowski_suicide_prevention_hotline_from_german_trans_chris_michalski_poem_1.txt,
4186,jh_user_96,save,yari_bernasconi_postcard_from_saintgillesdugard_from_italian_trans_v_penelope_pelizzon_poem_1.txt,
4186,jh_user_60,save,wang_xiaoni_moonlight_no_2_from_chinese_trans_eleanor_goodman_poem_3.txt,
4186,jh_user_53,save,uljana_wolf_little_brother_amp_little_sister_from_german_trans_greg_nissan_poem_5.txt,
4187,jh_user_56,save,ye_hui_the_uncanny_town_from_chinese_trans_dong_li_poem_4.txt,
4187,jh_user_17,save,zuzanna_ginczanka_fraud_from_polish_trans_alex_braslavsky_poem_3.txt,4.0
4187,jh_user_46,save,violeta_savu_the_other_i_from_unknown_poem_2.txt,
4187,jh_user_96,save,uljana_wolf_little_brother_amp_little_sister_from_german_trans_greg_nissan_poem_5.txt,
4187,jh_user_25,save,place_flavia-teoc_trans-margento_constantinople_byzantium-&-turkey.txt,
4187,jh_user_71,save,sharon_olds_the_knowing.txt,4.0
4187,jh_user_78,save,tasos_leivaditis_the_parish_priest_from_greek_trans_n_n_trakakis_poem_2.txt,
4187,jh_user_83,save,ulrike_draesner_i_ever_i_ever_from_german_trans_bernadette_geyer_poem_4.txt,4.0
4188,jh_user_62,save,taras_shevchenko_untitled_4_from_ukrainian_trans_daniel_moysaenko_poem_4.txt,
4188,jh_user_41,save,wang_xiaoni_moonlight_no_2_from_chinese_trans_eleanor_goodman_poem_3.txt,
4188,jh_user_96,save,thomas-antonic_work-in-excess_part1.txt,4.0
4188,jh_user_48,save,stesichorus_palinode_the_poet_apologizes_to_helen_from_ancient_trans_em_setzer_poem_3.txt,
4188,jh_user_72,save,w_h_auden_brussels_in_winter.txt,
4189,jh_user_89,save,şükrü_erbaş_radiance_from_turkish_trans_derick_mattern_poem_2.txt,
4189,jh_user_72,save,ted_hughes_harvest_moon.txt,4.0
4189,jh_user_101,save,signe_gjessing_391_from_danish_trans_denise_newman_poem_29.txt,
4189,jh_user_27,save,ḥusayn_mardān_the_nightmare_from_arabic_trans_suneela_mubayi_poem_2.txt,4.0
4189,jh_user_9,save,tomasz_różycki_the_garden_from_polish_trans_mira_rosenthal_poem_2.txt,
4189,jh_user_31,save,signe_gjessing_310nbspnbsp_from_danish_trans_denise_newman_poem_31.txt,4.0
4189,jh_user_74,save,signe_gjessing_310nbspnbsp_from_danish_trans_denise_newman_poem_31.txt,4.0
4189,jh_user_88,save,ye_mimi_i_didnt_know_you_didnt_know_i_didnt_know_for_sis_from_chinese_trans_steve_bradbury_poem_3.txt,4.0
4189,jh_user_32,save,taras_shevchenko_untitled_4_from_ukrainian_trans_daniel_moysaenko_poem_4.txt,
4190,jh_user_90,save,ulrike_draesner_i_ever_i_ever_from_german_trans_bernadette_geyer_poem_4.txt,4.0
4190,jh_user_18,save,zuzanna_ginczanka_process_from_polish_trans_alex_braslavsky_poem_1.txt,4.0
4190,jh_user_95,save,shanzhai_staring.txt,4.0
4191,jh_user_65,save,toast_coetzer_own_terms_from_afrikaans_trans_toast_coetzer_poem_1.txt,4.0
4191,jh_user_11,save,ye_mimi_i_didnt_know_you_didnt_know_i_didnt_know_for_sis_from_chinese_trans_steve_bradbury_poem_3.txt,4.0
4191,jh_user_61,save,shuntaro_tanikawa_1_nbspshade_tree_from_japanese_trans_martin_rock_poem_1.txt,4.0
4192,jh_user_78,save,ḥusayn_mardān_the_nightmare_from_arabic_trans_suneela_mubayi_poem_2.txt,4.0
4192,jh_user_79,save,uljana_wolf_displacement_of_the_mouth_from_german_trans_greg_nissan_poem_2.txt,
4192,jh_user_91,save,xiao_kaiyu_the_grassy_slope_from_chinese_trans_christopher_lupke_poem_3.txt,4.0
4192,jh_user_32,save,tomaž_šalamun_and_joshua_beckman_jai_vu_un_énorme_institut_de_sociologie_from_slovenian_trans_michael_thomas_taren_and_tomaž_šalamun_and_joshua_beckman_poem_2.txt,4.0
4192,jh_user_83,save,yury_milorava_untitled_2_from_russian_trans_anna_halberstadt_poem_2.txt,4.0
4192,jh_user_48,save,signe_gjessing_37111nbspnbsp_from_danish_trans_denise_newman_poem_24.txt,4.0
4192,jh_user_54,save,ted_hughes_harvest_moon.txt,4.0
4192,jh_user_65,save,violeta_savu_spectrum_from_unknown_poem_4.txt,4.0
4192,jh_user_64,save,w_h_auden_brussels_in_winter.txt,
4193,jh_user_9,save,stanislaw_borokowski_from_an_airplane_from_german_trans_chris_michalski_poem_2.txt,
4193,jh_user_20,save,signe_gjessing_310nbspnbsp_from_danish_trans_denise_newman_poem_31.txt,4.0
4193,jh_user_3,save,toast_coetzer_circulations_of_blood_from_afrikaans_trans_toast_coetzer_poem_2.txt,
4193,jh_user_8,save,zuzanna_ginczanka_process_from_polish_trans_alex_braslavsky_poem_1.txt,4.0
4193,jh_user_58,save,tasos_leivaditis_the_parish_priest_from_greek_trans_n_n_trakakis_poem_2.txt,
4193,jh_user_96,save,shrikant_verma_ujjaini_from_hindi_trans_rahul_soni_poem_2.txt,4.0
4193,jh_user_101,save,yu_xuanji_on_master_rens_founding_of_blessingsbestowed_temple_from_chinese_trans_leonard_ng_poem_2.txt,4.0
4193,jh_user_84,save,various_aztec_authors_v_another_plainstyle_mexica_song_from_náhuatl_trans_david_bowles_poem_1.txt,
4193,jh_user_20,save,ye_hui_the_uncanny_town_from_chinese_trans_dong_li_poem_4.txt,
4193,jh_user_60,save,tomasz_różycki_hair_by_hair_from_polish_trans_mira_rosenthal_poem_1.txt,
4193,jh_user_64,save,xiao_kaiyu_the_grassy_slope_from_chinese_trans_christopher_lupke_poem_3.txt,4.0
4193,jh_user_5,save,tristan_tzara_snatched_from_the_river_from_french_trans_heather_green_poem_1.txt,4.0
4194,jh_user_66,save,tedi_lópez_mills_i_from_spanish_trans_wendy_burk_poem_2.txt,
4194,jh_user_19,save,ya_shi_translation_and_a_daoist_song_from_chinese_trans_nick_admussen_poem_3.txt,4.0
4194,jh_user_75,save,yi_lu_that_bouquet_of_white_flowers_from_chinese_trans_fiona_szelorrain_poem_2.txt,4.0
4194,jh_user_54,save,ye_mimi_i_didnt_know_you_didnt_know_i_didnt_know_for_sis_from_chinese_trans_steve_bradbury_poem_3.txt,4.0
4194,jh_user_88,save,signe_gjessing_36nbsp_from_danish_trans_denise_newman_poem_19.txt,4.0
4194,jh_user_9,save,signe_gjessing_310nbspnbsp_from_danish_trans_denise_newman_poem_31.txt,4.0
4195,jh_user_93,save,signe_gjessing_37111nbspnbsp_from_danish_trans_denise_newman_poem_24.txt,4.0
4195,jh_user_59,save,the_eclipse_final_cut.txt,4.0
4195,jh_user_18,save,zeynep-koylu_requiem.txt,4.0
4195,jh_user_81,save,shuntaro_tanikawa_1_nbspshade_tree_from_japanese_trans_martin_rock_poem_1.txt,4.0
4195,jh_user_10,save,yang_zi_ink_from_chinese_trans_fiona_szelorrain_poem_2.txt,4.0
4195,jh_user_66,save,yi_won_cyborg_3_from_korean_trans_kevin_michael_smith_poem_2.txt,4.0
4195,jh_user_17,save,tomaž_šalamun_and_joshua_beckman_jai_vu_un_énorme_institut_de_sociologie_from_slovenian_trans_michael_thomas_taren_and_tomaž_šalamun_and_joshua_beckman_poem_2.txt,4.0
4196,jh_user_64,save,place_flavia-teoc_trans-margento_constantinople_byzantium-&-turkey.txt,
4196,jh_user_47,save,ulrike_draesner_journey_of_the_infant_as_a_flowering_ball_from_german_trans_bernadette_geyer_poem_1.txt,4.0
4196,jh_user_43,save,zeynep-koylu_requiem.txt,4.0
4196,jh_user_78,save,tedi_lópez_mills_j_from_spanish_trans_wendy_burk_poem_3.txt,4.0
4196,jh_user_6,save,vasyl_makhno_the_miner_from_ukrainian_trans_olena_jennings_poem_3.txt,4.0
4196,jh_user_9,save,ted_hughes_harvest_moon.txt,4.0
4196,jh_user_90,save,zuzanna_ginczanka_grammar_from_polish_trans_alex_braslavsky_poem_2.txt,4.0
4196,jh_user_21,save,shuntaro_tanikawa_1_nbspshade_tree_from_japanese_trans_martin_rock_poem_1.txt,4.0
4196,jh_user_64,save,toast_coetzer_own_terms_from_afrikaans_trans_toast_coetzer_poem_1.txt,4.0
4196,jh_user_34,save,szilárd_borbély_the_sanctification_of_the_name_from_hungarian_trans_ottilie_mulzet_poem_4.txt,4.0
4197,jh_user_59,save,siranuysh_ohanyan_my_body_grew_from_armenian_trans_antranik_cassem_poem_1.txt,4.0
4197,jh_user_101,save,tomasz_różycki_hair_by_hair_from_polish_trans_mira_rosenthal_poem_1.txt,
4197,jh_user_50,save,ḥusayn_mardān_the_nightmare_from_arabic_trans_suneela_mubayi_poem_2.txt,4.0
4197,jh_user_68,save,yury_milorava_untitled_2_from_russian_trans_anna_halberstadt_poem_2.txt,4.0
4197,jh_user_28,save,sharon_olds_the_knowing.txt,4.0
4197,jh_user_9,save,yury_milorava_untitled_2_from_russian_trans_anna_halberstadt_poem_2.txt,4.0
4197,jh_user_49,save,toast_coetzer_circulations_of_blood_from_afrikaans_trans_toast_coetzer_poem_2.txt,
4197,jh_user_67,save,xiao_shui_oblique_pool_from_chinese_trans_judith_huang_poem_4.txt,4.0
4197,jh_user_58,save,xiao_shui_iron_village_from_chinese_trans_judith_huang_poem_3.txt,4.0
4197,jh_user_73,save,sheila_cussons_exile_i_from_afrikaans_trans_andrew_van_der_vlies_poem_1.txt,
4197,jh_user_31,save,álvaro_fausto_taruma_nbsplisbon_from_portuguese_trans_grant_schutzman_poem_2.txt,
4197,jh_user_83,save,xiao_kaiyu_the_grassy_slope_from_chinese_trans_christopher_lupke_poem_3.txt,4.0
4197,jh_user_100,save,w_h_auden_brussels_in_winter.txt,
4198,jh_user_23,save,ye_mimi_i_didnt_know_you_didnt_know_i_didnt_know_for_sis_from_chinese_trans_steve_bradbury_poem_3.txt,4.0
4198,jh_user_22,save,various_burmese_poets_an_evening_with_a_city_girl_from_burmese_trans_ko_ko_thett_and_james_byrne_poem_4.txt,4.0
4198,jh_user_30,save,ye_hui_at_the_candy_shop_from_chinese_trans_dong_li_poem_2.txt,4.0
4198,jh_user_33,save,tomaž_šalamun_and_joshua_beckman_______from_slovenian_trans_michael_thomas_taren_and_tomaž_šalamun_and_joshua_beckman_poem_5.txt,4.0
4198,jh_user_78,save,tomaž_šalamun_and_joshua_beckman_alexandra_from_slovenian_trans_matthew_moore_and_tomaž_šalamun_and_joshua_beckman_poem_2.txt,4.0
4198,jh_user_86,save,tristan_tzara_snatched_from_the_river_from_french_trans_heather_green_poem_1.txt,4.0
4198,jh_user_72,save,shuntaro_tanikawa_1_nbspshade_tree_from_japanese_trans_martin_rock_poem_1.txt,4.0
4198,jh_user_70,save,the_conversation.txt,4.0
4199,jh_user_59,save,uljana_wolf_displacement_of_the_mouth_from_german_trans_greg_nissan_poem_2.txt,
4199,jh_user_17,save,signe_gjessing_37111nbspnbsp_from_danish_trans_denise_newman_poem_24.txt,4.0
4199,jh_user_26,save,wang_xiaoni_meeting_deaths_envoy_on_a_winter_afternoon_from_chinese_trans_eleanor_goodman_poem_1.txt,
4199,jh_user_44,save,xiao_shui_iron_village_from_chinese_trans_judith_huang_poem_3.txt,4.0
4199,jh_user_27,save,xiao_shui_iron_village_from_chinese_trans_judith_huang_poem_3.txt,4.0
4199,jh_user_38,save,taghrid_abdelal_dear_sky_from_arabic_trans_fady_joudah_poem_1.txt,4.0
4199,jh_user_95,save,ye_hui_at_the_candy_shop_from_chinese_trans_dong_li_poem_2.txt,4.0
4199,jh_user_97,save,stanislaw_borokowski_from_an_airplane_from_german_trans_chris_michalski_poem_2.txt,
4199,jh_user_38,save,ulrike_draesner_journey_of_the_infant_as_a_flowering_ball_from_german_trans_bernadette_geyer_poem_1.txt,4.0
4199,jh_user_94,save,ye_hui_at_the_candy_shop_from_chinese_trans_dong_li_poem_2.txt,4.0
4199,jh_user_13,save,thomas-antonic_work-in-excess_part1.txt,4.0
4199,jh_user_30,save,yang_zi_ink_from_chinese_trans_fiona_szelorrain_poem_2.txt,4.0
4199,jh_user_21,save,sharon_olds_the_knowing.txt,4.0
4199,jh_user_69,save,yari_bernasconi_postcard_from_saintgillesdugard_from_italian_trans_v_penelope_pelizzon_poem_1.txt,
4199,jh_user_16,save,taghrid_abdelal_dear_sky_from_arabic_trans_fady_joudah_poem_1.txt,4.0
4199,jh_user_21,save,ye_mimi_i_didnt_know_you_didnt_know_i_didnt_know_for_sis_from_chinese_trans_steve_bradbury_poem_3.txt,4.0
4200,jh_user_51,save,stesichorus_geryoneis_s15_col_ii_geryon_was_killed_from_ancient_trans_em_setzer_poem_2.txt,4.0
4200,jh_user_49,save,xiao_shui_oblique_pool_from_chinese_trans_judith_huang_poem_4.txt,4.0
4200,jh_user_42,save,toast_coetzer_own_terms_from_afrikaans_trans_toast_coetzer_poem_1.txt,4.0
4200,jh_user_50,save,stesichorus_geryoneis_s15_col_ii_geryon_was_killed_from_ancient_trans_em_setzer_poem_2.txt,4.0
4200,jh_user_9,save,violeta_savu_preface_from_unknown_poem_3.txt,4.0
4200,jh_user_6,save,ye_hui_at_the_candy_shop_from_chinese_trans_dong_li_poem_2.txt,4.0
4200,jh_user_9,save,tan_chee_lay_w_the_death_of_idealism_from_chinese_trans_teng_qian_xi_poem_3.txt,4.0
4200,jh_user_92,save,the_eclipse_final_cut.txt,4.0
4200,jh_user_53,save,tomaž_šalamun_and_joshua_beckman_______from_slovenian_trans_michael_thomas_taren_and_tomaž_šalamun_and_joshua_beckman_poem_5.txt,4.0
4200,jh_user_90,save,tomas_venclova_by_the_ruins_of_the_first_wireless_transmitter_from_lithuanian_trans_rimas_uzgiris_poem_6.txt,4.0
4200,jh_user_89,save,wolfgang_cordan_da_nun_der_regen_rinnt_from_german_trans_klein_voorhees_poem_3.txt,
4200,jh_user_97,save,sébastien_smirou_7_cindy_from_french_trans_andrew_zawacki_poem_7.txt,4.0
4201,jh_user_60,save,yi_lu_that_bouquet_of_white_flowers_from_chinese_trans_fiona_szelorrain_poem_2.txt,4.0
4201,jh_user_1,save,various_burmese_poets_mr_charley_i_have_picked_you_from_burmese_trans_ko_ko_thett_and_james_byrne_poem_2.txt,
4201,jh_user_72,save,yang_zi_ink_from_chinese_trans_fiona_szelorrain_poem_2.txt,4.0
4201,jh_user_90,save,various_burmese_poets_an_evening_with_a_city_girl_from_burmese_trans_ko_ko_thett_and_james_byrne_poem_4.txt,4.0
4201,jh_user_85,save,signe_gjessing_3012_nbsp_from_danish_trans_denise_newman_poem_3.txt,4.0
4201,jh_user_78,save,xiao_kaiyu_the_grassy_slope_from_chinese_trans_christopher_lupke_poem_3.txt,4.0
4201,jh_user_50,save,xiao_shui_revival_island_from_chinese_trans_judith_huang_poem_5.txt,4.0
4201,jh_user_98,save,ḥusayn_mardān_the_nightmare_from_arabic_trans_suneela_mubayi_poem_2.txt,4.0
4201,jh_user_73,save,w_h_auden_brussels_in_winter.txt,
4202,jh_user_19,save,shanzhai_staring.txt,4.0
4202,jh_user_66,save,steven-j-fowler_worm-in-its-core.txt,4.0
4202,jh_user_31,save,zhu_zhu_ancient_city_from_chinese_trans_dong_li_poem_3.txt,4.0
4202,jh_user_19,save,szilárd_borbély_the_sanctification_of_the_name_from_hungarian_trans_ottilie_mulzet_poem_4.txt,4.0
4202,jh_user_38,save,zhu_zhu_ancient_city_from_chinese_trans_dong_li_poem_3.txt,4.0
4202,jh_user_69,save,violeta_savu_spectrum_from_unknown_poem_4.txt,4.0
4202,jh_user_77,save,zuzanna_ginczanka_fraud_from_polish_trans_alex_braslavsky_poem_3.txt,4.0
4202,jh_user_52,save,tomas_venclova_by_the_ruins_of_the_first_wireless_transmitter_from_lithuanian_trans_rimas_uzgiris_poem_6.txt,4.0
4202,jh_user_31,save,ulrike_almut_sandig_in_my_eyes_from_german_trans_bradley_schmidt_poem_2.txt,4.0
4202,jh_user_92,save,the_conversation.txt,4.0
4202,jh_user_48,save,taras_shevchenko_n_n_from_ukrainian_trans_daniel_moysaenko_poem_2.txt,4.0
4203,jh_user_63,save,tahir_hamut_izgil_somewhere_else_from_uyghur_trans_joshua_l_freeman_poem_5.txt,4.0
4203,jh_user_86,save,xiao_shui_revival_island_from_chinese_trans_judith_huang_poem_5.txt,4.0
4203,jh_user_11,save,uljana_wolf_lumberjack_from_german_trans_greg_nissan_poem_3.txt,4.0
4203,jh_user_10,save,wingston_gonzález_mental_yellowstone_or_the_suppressed_silence_in_every_tongue_from_spanish_trans_josé_garcía_escobar_poem_3.txt,4.0
4203,jh_user_14,save,various_burmese_poets_mr_charley_i_have_picked_you_from_burmese_trans_ko_ko_thett_and_james_byrne_poem_2.txt,
4203,jh_user_61,save,zuzanna_ginczanka_grammar_from_polish_trans_alex_braslavsky_poem_2.txt,4.0
4203,jh_user_24,save,tan_chee_lay_i_losing_childhoods_favor_from_chinese_trans_teng_qian_xi_poem_2.txt,
4203,jh_user_34,save,shanzhai_loneliness.txt,4.0
4203,jh_user_25,save,yury_milorava_untitled_2_from_russian_trans_anna_halberstadt_poem_2.txt,4.0
4203,jh_user_37,save,siranuysh_ohanyan_my_body_grew_from_armenian_trans_antranik_cassem_poem_1.txt,4.0
4203,jh_user_68,save,shanzhai_extra_tough_nationalism.txt,
4203,jh_user_29,save,shanzhai_figura.txt,
4203,jh_user_47,save,wingston_gonzález_mental_yellowstone_or_the_suppressed_silence_in_every_tongue_from_spanish_trans_josé_garcía_escobar_poem_3.txt,4.0
4204,jh_user_20,save,signe_gjessing_34nbsp_from_danish_trans_denise_newman_poem_12.txt,4.0
4204,jh_user_49,save,the_ledge_in_french.txt,4.0
4204,jh_user_31,save,violeta_savu_preface_from_unknown_poem_3.txt,4.0
4204,jh_user_87,save,zang_di_little_spring_goddess_primer_from_chinese_trans_eleanor_goodman_poem_1.txt,4.0
4204,jh_user_38,save,the_conversation.txt,4.0
4204,jh_user_33,save,various_burmese_poets_an_evening_with_a_city_girl_from_burmese_trans_ko_ko_thett_and_james_byrne_poem_4.txt,4.0
4204,jh_user_32,save,yang_zi_float_from_chinese_trans_fiona_szelorrain_poem_1.txt,4.0
4204,jh_user_74,save,tomas_venclova_i_from_lithuanian_trans_rimas_uzgiris_poem_7.txt,4.0
4204,jh_user_83,save,ya_shi_translation_and_a_daoist_song_from_chinese_trans_nick_admussen_poem_3.txt,4.0
4204,jh_user_2,save,shrikant_verma_the_people_of_magadh_from_hindi_trans_rahul_soni_poem_1.txt,4.0
4204,jh_user_48,save,shanzhai_right.txt,4.0
4204,jh_user_90,save,yi_won_tick_tick_tick_tick_from_korean_trans_e_j_koh_and_marci_calabretta_canciobello_poem_3.txt,4.0
4204,jh_user_13,save,wingston_gonzález_psicobilly_the_unflight_i_from_spanish_trans_josé_garcía_escobar_poem_2.txt,4.0
4204,jh_user_101,save,tomas_venclova_by_the_ruins_of_the_first_wireless_transmitter_from_lithuanian_trans_rimas_uzgiris_poem_6.txt,4.0
4204,jh_user_43,save,uljana_wolf_lumberjack_from_german_trans_greg_nissan_poem_3.txt,4.0
4204,jh_user_91,save,siranuysh_ohanyan_my_body_grew_from_armenian_trans_antranik_cassem_poem_1.txt,4.0
4204,jh_user_97,save,tomaž_šalamun_and_joshua_beckman_______from_slovenian_trans_michael_thomas_taren_and_tomaž_šalamun_and_joshua_beckman_poem_5.txt,4.0
4204,jh_user_14,save,uljana_wolf_kochanie_i_bought_bread_from_german_trans_greg_nissan_poem_1.txt,4.0
4204,jh_user_53,save,shuntaro_tanikawa_1_nbspshade_tree_from_japanese_trans_martin_rock_poem_1.txt,4.0
4204,jh_user_72,save,tan_chee_lay_w_the_death_of_idealism_from_chinese_trans_teng_qian_xi_poem_3.txt,4.0
4205,jh_user_98,save,yury_milorava_untitled_2_from_russian_trans_anna_halberstadt_poem_2.txt,4.0
4205,jh_user_81,save,siranuysh_ohanyan_the_clouds_are_melting_about_you_from_armenian_trans_antranik_cassem_poem_4.txt,4.0
4205,jh_user_8,save,stanislaw_borokowski_sailors_dying_of_scurvy_from_german_trans_chris_michalski_poem_5.txt,4.0
4205,jh_user_94,save,szilárd_borbély_to_patience_from_hungarian_trans_ottilie_mulzet_poem_2.txt,4.0
4205,jh_user_15,save,ya_shi_translation_and_a_daoist_song_from_chinese_trans_nick_admussen_poem_3.txt,4.0
4205,jh_user_37,save,teemu-manninen_indignatio_for-aase-berg.txt,4.0
4205,jh_user_12,save,yaryna_chornohuz_night_friend_and_foe_from_ukrainian_trans_ostap_kin_and_kate_tsurkan_poem_2.txt,4.0
4205,jh_user_79,save,zuzanna_ginczanka_process_from_polish_trans_alex_braslavsky_poem_1.txt,4.0
4205,jh_user_69,save,shanzhai_loneliness.txt,4.0
4205,jh_user_98,save,signe_gjessing_331nbspnbsp_from_danish_trans_denise_newman_poem_10.txt,4.0
4205,jh_user_101,save,various_burmese_poets_an_evening_with_a_city_girl_from_burmese_trans_ko_ko_thett_and_james_byrne_poem_4.txt,4.0
4205,jh_user_30,save,teemu-manninen_indignatio_for-aase-berg.txt,4.0
4205,jh_user_40,save,wolfgang_cordan_passing_through_from_german_trans_klein_voorhees_poem_2.txt,4.0
4205,jh_user_27,save,tomas_venclova_by_the_ruins_of_the_first_wireless_transmitter_from_lithuanian_trans_rimas_uzgiris_poem_6.txt,4.0
4205,jh_user_42,save,xiao_shui_oblique_pool_from_chinese_trans_judith_huang_poem_4.txt,4.0
4205,jh_user_42,save,shuzo_takiguchi_salvador_dalí_from_japanese_trans_yuki_tanaka_and_mary_jo_bang_poem_1.txt,4.0
4206,jh_user_3,save,taghrid_abdelal_dear_sky_from_arabic_trans_fady_joudah_poem_1.txt,4.0
4206,jh_user_80,save,shuntaro_tanikawa_1_nbspshade_tree_from_japanese_trans_martin_rock_poem_1.txt,4.0
4206,jh_user_89,save,szilárd_borbély_to_patience_from_hungarian_trans_ottilie_mulzet_poem_2.txt,4.0
4206,jh_user_36,save,siranuysh_ohanyan_my_body_grew_from_armenian_trans_antranik_cassem_poem_1.txt,4.0
4206,jh_user_92,save,tomaž_šalamun_and_joshua_beckman_______from_slovenian_trans_michael_thomas_taren_and_tomaž_šalamun_and_joshua_beckman_poem_5.txt,4.0
4206,jh_user_41,save,the_score.txt,4.0
4206,jh_user_57,save,shanzhai_petite_maison.txt,4.0
4206,jh_user_44,save,uljana_wolf_displacement_of_the_mouth_from_german_trans_greg_nissan_poem_2.txt,
4206,jh_user_61,save,various_aztec_authors_v_another_plainstyle_mexica_song_from_náhuatl_trans_david_bowles_poem_1.txt,
4206,jh_user_12,save,wolfgang_cordan_passing_through_from_german_trans_klein_voorhees_poem_2.txt,4.0
4206,jh_user_78,save,yi_won_cyborg_3_from_korean_trans_kevin_michael_smith_poem_2.txt,4.0
4206,jh_user_39,save,tsvetanka-elenkova_scheme-of-cosmos.txt,4.0
4206,jh_user_29,save,sébastien_smirou_7_cindy_from_french_trans_andrew_zawacki_poem_7.txt,4.0
4206,jh_user_1,save,ye_mimi_2_nights_9_secretsfor_turning_29_from_chinese_trans_steve_bradbury_poem_2.txt,
4206,jh_user_98,save,tsvetanka-elenkova_crown-or-roots.txt,4.0
4206,jh_user_49,save,yu_jian_i_saw_darknessnbsp_nbsp_nbsp_i_never_saw_a_crow_from_chinese_trans_shuyu_guo_poem_1.txt,4.0
4206,jh_user_58,save,valerie_mejer_caso_paulina_from_spanish_trans_michelle_gilmontero_poem_3.txt,4.0
4206,jh_user_59,save,szilárd_borbély_xvii_from_hungarian_trans_ottilie_mulzet_poem_2.txt,4.0
4207,jh_user_6,save,veronique_bergen_trans_margento_wolves.txt,4.0
4207,jh_user_88,save,tomas_venclova_by_the_ruins_of_the_first_wireless_transmitter_from_lithuanian_trans_rimas_uzgiris_poem_6.txt,4.0
4207,jh_user_69,save,the_eclipse_final_cut.txt,4.0
4207,jh_user_3,save,yang_zi_ink_from_chinese_trans_fiona_szelorrain_poem_2.txt,4.0
4207,jh_user_83,save,stanislaw_borokowski_sailors_dying_of_scurvy_from_german_trans_chris_michalski_poem_5.txt,4.0
4207,jh_user_6,save,stesichorus_geryoneis_s7_eurytion_was_born_from_ancient_trans_em_setzer_poem_1.txt,4.0
4207,jh_user_35,save,the_eclipse_final_cut.txt,4.0
4207,jh_user_59,save,signe_gjessing_3012_nbsp_from_danish_trans_denise_newman_poem_3.txt,4.0
4207,jh_user_63,save,tedi_lópez_mills_i_from_spanish_trans_wendy_burk_poem_2.txt,
4207,jh_user_36,save,szilárd_borbély_the_immaterial_embryo_from_hungarian_trans_ottilie_mulzet_poem_1.txt,4.0
4207,jh_user_101,save,signe_gjessing_3121111_from_danish_trans_denise_newman_poem_37.txt,4.0
4207,jh_user_54,save,tomaž_šalamun_and_joshua_beckman_jai_vu_un_énorme_institut_de_sociologie_from_slovenian_trans_michael_thomas_taren_and_tomaž_šalamun_and_joshua_beckman_poem_2.txt,4.0
4207,jh_user_13,save,ulrike_draesner_wolf_from_german_trans_bernadette_geyer_poem_3.txt,4.0
4207,jh_user_70,save,zhu_zhu_the_tale_of_two_cities_from_chinese_trans_dong_li_poem_4.txt,4.0
4207,jh_user_39,save,wingston_gonzález_mental_yellowstone_or_the_suppressed_silence_in_every_tongue_from_spanish_trans_josé_garcía_escobar_poem_3.txt,4.0
4207,jh_user_33,save,uljana_wolf_kochanie_i_bought_bread_from_german_trans_greg_nissan_poem_1.txt,4.0
4207,jh_user_15,save,szilárd_borbély_to_material_rough_draft_from_hungarian_trans_ottilie_mulzet_poem_4.txt,4.0
4207,jh_user_93,save,ya_shi_translation_and_a_daoist_song_from_chinese_trans_nick_admussen_poem_3.txt,4.0
4207,jh_user_19,save,shanzhai_right.txt,4.0
4208,jh_user_39,save,verheggen_portrait_trans_taylor.txt,4.0
4208,jh_user_81,save,teemu-manninen_indignatio_for-aase-berg.txt,4.0
4208,jh_user_12,save,ḥusayn_mardān_the_nightmare_from_arabic_trans_suneela_mubayi_poem_2.txt,4.0
4208,jh_user_49,save,wilson_bueno_trans_erin_moure_winter_pluies.txt,4.0
4208,jh_user_22,save,yoshihara_sachiko_from_litanies_for_youth_1964_from_japanese_trans_james_garza_poem_1.txt,4.0
4208,jh_user_13,save,şükrü_erbaş_radiance_from_turkish_trans_derick_mattern_poem_2.txt,
4208,jh_user_4,save,taghrid_abdelal_dear_sky_from_arabic_trans_fady_joudah_poem_1.txt,4.0
4208,jh_user_22,save,untitled text 657.txt,4.0
4208,jh_user_29,save,veronique_bergen_trans_margento_wolves.txt,4.0
4208,jh_user_48,save,zang_di_little_spring_goddess_primer_from_chinese_trans_eleanor_goodman_poem_1.txt,4.0
4208,jh_user_14,save,zabriskie_point.txt,4.0
4208,jh_user_52,save,steven-j-fowler_worm-in-its-core.txt,4.0
4208,jh_user_73,save,xi_chuan_poison_from_chinese_trans_lucas_klein_poem_3.txt,4.0
4208,jh_user_84,save,szilárd_borbély_the_immaterial_embryo_from_hungarian_trans_ottilie_mulzet_poem_1.txt,4.0
4208,jh_user_78,save,yu_jian_i_saw_darknessnbsp_nbsp_nbsp_i_never_saw_a_crow_from_chinese_trans_shuyu_guo_poem_1.txt,4.0
4208,jh_user_56,save,tasos_leivaditis_voiceless_faces_from_greek_trans_n_n_trakakis_poem_3.txt,
4208,jh_user_99,save,sheila_cussons_exile_i_from_afrikaans_trans_andrew_van_der_vlies_poem_1.txt,
4208,jh_user_85,save,wolfgang_cordan_passing_through_from_german_trans_klein_voorhees_poem_2.txt,4.0
4208,jh_user_80,save,stesichorus_sack_of_troy_s107_helen_and_menelaus_from_ancient_trans_em_setzer_poem_5.txt,4.0
4208,jh_user_71,save,the_ledge_in_french.txt,4.0
4208,jh_user_47,save,wingston_gonzález_psicobilly_the_unflight_i_from_spanish_trans_josé_garcía_escobar_poem_2.txt,4.0
4209,jh_user_53,save,sébastien_smirou_7_cindy_from_french_trans_andrew_zawacki_poem_7.txt,4.0
4209,jh_user_78,save,signe_gjessing_351nbsp_from_danish_trans_denise_newman_poem_16.txt,4.0
4209,jh_user_46,save,signe_gjessing_38nbsp_from_danish_trans_denise_newman_poem_25.txt,
4209,jh_user_82,save,yuri_andrukhovych_the_unicorn_from_ukrainian_trans_john_hennessy_and_ostap_kin_poem_1.txt,4.0
4209,jh_user_8,save,taras_shevchenko_n_n_from_ukrainian_trans_daniel_moysaenko_poem_2.txt,4.0
4209,jh_user_71,save,the_conversation.txt,4.0
4209,jh_user_49,save,tomas_venclova_by_the_ruins_of_the_first_wireless_transmitter_from_lithuanian_trans_rimas_uzgiris_poem_6.txt,4.0
4209,jh_user_86,save,tan_chee_lay_iv_altering_constituencies_from_chinese_trans_teng_qian_xi_poem_4.txt,4.0
4209,jh_user_88,save,yoshihara_sachiko_from_litanies_for_youth_1964_from_japanese_trans_james_garza_poem_1.txt,4.0
4209,jh_user_40,save,shrikant_verma_ujjaini_from_hindi_trans_rahul_soni_poem_2.txt,4.0
4209,jh_user_36,save,yoshihara_sachiko_from_litanies_for_youth_1964_from_japanese_trans_james_garza_poem_1.txt,4.0
4209,jh_user_44,save,yoshihara_sachiko_from_litanies_for_youth_1964_from_japanese_trans_james_garza_poem_1.txt,4.0
4209,jh_user_15,save,steven-j-fowler_worm-in-its-core.txt,4.0
4209,jh_user_99,save,steven-j-fowler_worm-in-its-core.txt,4.0
4209,jh_user_7,save,sicilian_connection.txt,4.0
4209,jh_user_61,save,tahir_hamut_izgil_the_distance_from_uyghur_trans_joshua_l_freeman_poem_3.txt,4.0
4209,jh_user_92,save,stesichorus_geryoneis_s7_eurytion_was_born_from_ancient_trans_em_setzer_poem_1.txt,4.0
4209,jh_user_57,save,tsvetanka-elenkova_crown-or-roots.txt,4.0
4209,jh_user_48,save,tomas_venclova_iv_from_lithuanian_trans_rimas_uzgiris_poem_5.txt,4.0
4209,jh_user_79,save,signe_gjessing_3121111_from_danish_trans_denise_newman_poem_37.txt,4.0
4209,jh_user_34,save,zuzanna_ginczanka_grammar_from_polish_trans_alex_braslavsky_poem_2.txt,4.0
4209,jh_user_60,save,yari_bernasconi_conversation_with_maria_a_fragment_from_italian_trans_v_penelope_pelizzon_poem_3.txt,4.0
4209,jh_user_9,save,szilárd_borbély_to_trust_from_hungarian_trans_ottilie_mulzet_poem_3.txt,4.0
4209,jh_user_33,save,tahir_hamut_izgil_sitting_in_the_sun_from_uyghur_trans_joshua_l_freeman_poem_3.txt,4.0
4209,jh_user_68,save,tomaž_šalamun_and_joshua_beckman_______from_slovenian_trans_michael_thomas_taren_and_tomaž_šalamun_and_joshua_beckman_poem_5.txt,4.0
4209,jh_user_15,save,tomaž_šalamun_and_joshua_beckman_alexandra_from_slovenian_trans_matthew_moore_and_tomaž_šalamun_and_joshua_beckman_poem_2.txt,4.0
4209,jh_user_62,save,uljana_wolf_lumberjack_from_german_trans_greg_nissan_poem_3.txt,4.0
4209,jh_user_97,save,tasos_leivaditis_the_musician_from_greek_trans_n_n_trakakis_poem_6.txt,4.0
4210,jh_user_71,save,tristan_tzara_snatched_from_the_river_from_french_trans_heather_green_poem_1.txt,4.0
4210,jh_user_53,save,wingston_gonzález_mental_yellowstone_or_the_suppressed_silence_in_every_tongue_from_spanish_trans_josé_garcía_escobar_poem_3.txt,4.0
4210,jh_user_98,save,shanzhai_moving.txt,4.0
4210,jh_user_54,save,xiao_kaiyu_the_grassy_slope_from_chinese_trans_christopher_lupke_poem_3.txt,4.0
4210,jh_user_56,save,signe_gjessing_351nbsp_from_danish_trans_denise_newman_poem_16.txt,4.0
4210,jh_user_34,save,wingston_gonzález_psicobilly_the_unflight_i_from_spanish_trans_josé_garcía_escobar_poem_2.txt,4.0
4210,jh_user_54,save,wolfgang_cordan_passing_through_from_german_trans_klein_voorhees_poem_2.txt,4.0
4210,jh_user_77,save,the_score.txt,4.0
4210,jh_user_43,save,tan_chee_lay_a_a_testament_reborn_from_chinese_trans_teng_qian_xi_poem_4.txt,4.0
4210,jh_user_53,save,sharon_olds_the_knowing.txt,4.0
4210,jh_user_67,save,ye_mimi_the_more_car_the_more_far_from_chinese_trans_steve_bradbury_poem_1.txt,4.0
4210,jh_user_37,save,stesichorus_sack_of_troy_s107_helen_and_menelaus_from_ancient_trans_em_setzer_poem_5.txt,4.0
4210,jh_user_30,save,verheggen_portrait_trans_taylor.txt,4.0
4210,jh_user_3,save,toast_coetzer_own_terms_from_afrikaans_trans_toast_coetzer_poem_1.txt,4.0
4210,jh_user_19,save,valerie_mejer_caso_paulina_from_spanish_trans_michelle_gilmontero_poem_3.txt,4.0
4210,jh_user_85,save,ye_hui_in_the_countryside_from_chinese_trans_dong_li_poem_3.txt,4.0
4210,jh_user_52,save,tan_chee_lay_iv_altering_constituencies_from_chinese_trans_teng_qian_xi_poem_4.txt,4.0
4210,jh_user_5,save,shanzhai_moment.txt,4.0
4210,jh_user_1,save,violeta_savu_preface_from_unknown_poem_3.txt,4.0
4210,jh_user_43,save,ulrike_draesner_wolf_from_german_trans_bernadette_geyer_poem_3.txt,4.0
4210,jh_user_101,save,yu_xuanji_visiting_master_zhao_and_not_finding_him_from_chinese_trans_leonard_ng_poem_3.txt,4.0
4210,jh_user_100,save,signe_gjessing_310nbspnbsp_from_danish_trans_denise_newman_poem_31.txt,4.0
4210,jh_user_6,save,yang_zi_float_from_chinese_trans_fiona_szelorrain_poem_1.txt,4.0
4210,jh_user_61,save,yang_zi_float_from_chinese_trans_fiona_szelorrain_poem_1.txt,4.0
4210,jh_user_53,save,tomaž_šalamun_and_joshua_beckman_alexandra_from_slovenian_trans_matthew_moore_and_tomaž_šalamun_and_joshua_beckman_poem_2.txt,4.0
4210,jh_user_92,save,signe_gjessing_331nbspnbsp_from_danish_trans_denise_newman_poem_10.txt,4.0
4210,jh_user_77,save,tomaž_šalamun_and_joshua_beckman_niania_ma_dit_cochon_from_slovenian_trans_michael_thomas_taren_and_tomaž_šalamun_and_joshua_beckman_poem_3.txt,4.0
4210,jh_user_56,save,the_score.txt,4.0
4210,jh_user_73,save,shanzhai_loneliness.txt,4.0
4210,jh_user_40,save,yu_xuanji_visiting_master_zhao_and_not_finding_him_from_chinese_trans_leonard_ng_poem_3.txt,4.0
4211,jh_user_14,save,valerie_mejer_caso_paulina_from_spanish_trans_michelle_gilmontero_poem_3.txt,4.0
4211,jh_user_27,save,zhu_zhu_ancient_city_from_chinese_trans_dong_li_poem_3.txt,4.0
4211,jh_user_69,save,signe_gjessing_392nbsp_from_danish_trans_denise_newman_poem_30.txt,4.0
4211,jh_user_54,save,various_burmese_poets_an_evening_with_a_city_girl_from_burmese_trans_ko_ko_thett_and_james_byrne_poem_4.txt,4.0
4211,jh_user_64,save,tan_chee_lay_ii_campaigningnbsp_from_chinese_trans_teng_qian_xi_poem_2.txt,
4211,jh_user_21,save,signe_gjessing_3511nbspnbspnbsp_from_danish_trans_denise_newman_poem_17.txt,4.0
4211,jh_user_36,save,tomasz_różycki_hair_by_hair_from_polish_trans_mira_rosenthal_poem_1.txt,
4211,jh_user_14,save,the_score.txt,4.0
4211,jh_user_53,save,yari_bernasconi_conversation_with_maria_a_fragment_from_italian_trans_v_penelope_pelizzon_poem_3.txt,4.0
4211,jh_user_14,save,ye_mimi_i_didnt_know_you_didnt_know_i_didnt_know_for_sis_from_chinese_trans_steve_bradbury_poem_3.txt,4.0
4211,jh_user_19,save,tomaž_šalamun_and_joshua_beckman_jai_vu_un_énorme_institut_de_sociologie_from_slovenian_trans_michael_thomas_taren_and_tomaž_šalamun_and_joshua_beckman_poem_2.txt,4.0
4211,jh_user_80,save,yang_zi_float_from_chinese_trans_fiona_szelorrain_poem_1.txt,4.0
4211,jh_user_41,save,yu_jian_i_saw_darknessnbsp_nbsp_nbsp_i_never_saw_a_crow_from_chinese_trans_shuyu_guo_poem_1.txt,4.0
4211,jh_user_56,save,zabriskie_point.txt,4.0
4211,jh_user_21,save,timur_kibirov_after_dorothy_sayers_from_russian_trans_jamie_olson_poem_3.txt,4.0
4211,jh_user_8,save,signe_gjessing_3311nbspnbsp_from_danish_trans_denise_newman_poem_11.txt,
4211,jh_user_56,save,toast_coetzer_own_terms_from_afrikaans_trans_toast_coetzer_poem_1.txt,4.0
4211,jh_user_30,save,shanzhai_right.txt,4.0
4211,jh_user_60,save,zeynep-koylu_requiem.txt,4.0
4211,jh_user_19,save,signe_gjessing_34nbsp_from_danish_trans_denise_newman_poem_12.txt,4.0
4212,jh_user_98,save,ye_mimi_i_didnt_know_you_didnt_know_i_didnt_know_for_sis_from_chinese_trans_steve_bradbury_poem_3.txt,4.0
4212,jh_user_47,save,ḥusayn_mardān_the_nightmare_from_arabic_trans_suneela_mubayi_poem_2.txt,4.0
4212,jh_user_86,save,signe_gjessing_3121111_from_danish_trans_denise_newman_poem_37.txt,4.0
4212,jh_user_17,save,yi_lu_that_bouquet_of_white_flowers_from_chinese_trans_fiona_szelorrain_poem_2.txt,4.0
4212,jh_user_46,save,wang_xiaoni_moonlight_no_1_from_chinese_trans_eleanor_goodman_poem_2.txt,4.0
4212,jh_user_46,save,tomaž_šalamun_and_joshua_beckman_niania_ma_dit_cochon_from_slovenian_trans_michael_thomas_taren_and_tomaž_šalamun_and_joshua_beckman_poem_3.txt,4.0
4212,jh_user_62,save,the_eclipse_final_cut.txt,4.0
4212,jh_user_7,save,tomaž_šalamun_and_joshua_beckman_jai_vu_un_énorme_institut_de_sociologie_from_slovenian_trans_michael_thomas_taren_and_tomaž_šalamun_and_joshua_beckman_poem_2.txt,4.0
4212,jh_user_56,save,vasyl_makhno_the_miner_from_ukrainian_trans_olena_jennings_poem_3.txt,4.0
4212,jh_user_32,save,ulrike_almut_sandig_in_my_eyes_from_german_trans_bradley_schmidt_poem_2.txt,4.0
4212,jh_user_89,save,sébastien_smirou_7_cindy_from_french_trans_andrew_zawacki_poem_7.txt,4.0
4212,jh_user_88,save,tedi_lópez_mills_j_from_spanish_trans_wendy_burk_poem_3.txt,4.0
4212,jh_user_57,save,tristan_tzara_on_the_threshold_from_french_trans_heather_green_poem_4.txt,
4212,jh_user_3,save,timur_kibirov_after_dorothy_sayers_from_russian_trans_jamie_olson_poem_3.txt,4.0
4212,jh_user_85,save,tedi_lópez_mills_j_from_spanish_trans_wendy_burk_poem_3.txt,4.0
4212,jh_user_76,save,stesichorus_geryoneis_s7_eurytion_was_born_from_ancient_trans_em_setzer_poem_1.txt,4.0
4212,jh_user_20,save,shrikant_verma_ujjaini_from_hindi_trans_rahul_soni_poem_2.txt,4.0
4212,jh_user_7,save,uljana_wolf_kochanie_i_bought_bread_from_german_trans_greg_nissan_poem_1.txt,4.0
4212,jh_user_66,save,shanzhai_extra_tough_nationalism.txt,
4212,jh_user_52,save,uljana_wolf_kochanie_i_bought_bread_from_german_trans_greg_nissan_poem_1.txt,4.0
4212,jh_user_45,save,signe_gjessing_3031nbsp_from_danish_trans_denise_newman_poem_6.txt,4.0
4212,jh_user_66,save,teemu-manninen_indignatio_for-aase-berg.txt,4.0
4212,jh_user_34,save,signe_gjessing_3031nbsp_from_danish_trans_denise_newman_poem_6.txt,4.0
4212,jh_user_62,save,uljana_wolf_how_the_little_murmur_came_into_poetry_from_german_trans_greg_nissan_poem_6.txt,4.0
4212,jh_user_64,save,signe_gjessing_351nbsp_from_danish_trans_denise_newman_poem_16.txt,4.0
4212,jh_user_22,save,tomas_venclova_by_the_ruins_of_the_first_wireless_transmitter_from_lithuanian_trans_rimas_uzgiris_poem_6.txt,4.0
4213,jh_user_63,save,tomas_venclova_i_from_lithuanian_trans_rimas_uzgiris_poem_7.txt,4.0
4213,jh_user_56,save,ulrike_almut_sandig_in_my_eyes_from_german_trans_bradley_schmidt_poem_2.txt,4.0
4213,jh_user_33,save,teemu-manninen_indignatio_for-aase-berg.txt,4.0
4213,jh_user_8,save,yuri_andrukhovych_the_unicorn_from_ukrainian_trans_john_hennessy_and_ostap_kin_poem_1.txt,4.0
4213,jh_user_68,save,yuri_andrukhovych_the_unicorn_from_ukrainian_trans_john_hennessy_and_ostap_kin_poem_1.txt,4.0
4213,jh_user_9,save,teemu-manninen_indignatio_for-aase-berg.txt,4.0
4213,jh_user_18,save,yari_bernasconi_on_the_train_to_zurich_from_italian_trans_v_penelope_pelizzon_poem_4.txt,4.0
4213,jh_user_92,save,yury_milorava_untitled_2_from_russian_trans_anna_halberstadt_poem_2.txt,4.0
4213,jh_user_76,save,ye_mimi_the_more_car_the_more_far_from_chinese_trans_steve_bradbury_poem_1.txt,4.0
4213,jh_user_89,save,ye_hui_the_uncanny_town_from_chinese_trans_dong_li_poem_4.txt,
4213,jh_user_48,save,ya_shi_translation_and_a_daoist_song_from_chinese_trans_nick_admussen_poem_3.txt,4.0
4213,jh_user_52,save,sébastien_smirou_2_normandy_from_french_trans_andrew_zawacki_poem_2.txt,4.0
4213,jh_user_13,save,tan_chee_lay_i_nomination_from_chinese_trans_teng_qian_xi_poem_1.txt,4.0
4213,jh_user_51,save,signe_gjessing_3511nbspnbspnbsp_from_danish_trans_denise_newman_poem_17.txt,4.0
4213,jh_user_95,save,wingston_gonzález_mental_yellowstone_or_the_suppressed_silence_in_every_tongue_from_spanish_trans_josé_garcía_escobar_poem_3.txt,4.0
4213,jh_user_100,save,tristan_tzara_snatched_from_the_river_from_french_trans_heather_green_poem_1.txt,4.0
4213,jh_user_76,save,uljana_wolf_kochanie_i_bought_bread_from_german_trans_greg_nissan_poem_1.txt,4.0
4213,jh_user_1,save,tan_chee_lay_a_the_birth_of_history_from_chinese_trans_teng_qian_xi_poem_1.txt,4.0
4213,jh_user_38,save,tan_chee_lay_a_a_testament_reborn_from_chinese_trans_teng_qian_xi_poem_4.txt,4.0
4213,jh_user_55,save,the_passanger.txt,
4213,jh_user_4,save,yoshihara_sachiko_from_litanies_for_youth_1964_from_japanese_trans_james_garza_poem_1.txt,4.0
4213,jh_user_26,save,sharon_olds_the_knowing.txt,4.0
4213,jh_user_86,save,wilson_bueno_trans_erin_moure_winter_pluies.txt,4.0
4213,jh_user_101,save,thomas-antonic_work-in-excess_part1.txt,4.0
4214,jh_user_72,save,sun_tzuping_the_gift_the_room_has_given_to_time_from_chinese_trans_nicholas_wong_poem_1.txt,4.0
4214,jh_user_68,save,signe_gjessing_37111nbspnbsp_from_danish_trans_denise_newman_poem_24.txt,4.0
4214,jh_user_71,save,tóroddur_poulsen_faces_from_faroese_trans_randi_ward_poem_3.txt,4.0
4214,jh_user_86,save,yu_jian_time_flies_from_chinese_trans_shuyu_guo_poem_3.txt,4.0
4214,jh_user_81,save,signe_gjessing_36nbsp_from_danish_trans_denise_newman_poem_19.txt,4.0
4214,jh_user_97,save,toast_coetzer_circulations_of_blood_from_afrikaans_trans_toast_coetzer_poem_2.txt,
4214,jh_user_93,save,zhu_zhu_the_tale_of_two_cities_from_chinese_trans_dong_li_poem_4.txt,4.0
4214,jh_user_3,save,uljana_wolf_how_the_little_murmur_came_into_poetry_from_german_trans_greg_nissan_poem_6.txt,4.0
4214,jh_user_81,save,yari_bernasconi_postcard_from_saintgillesdugard_from_italian_trans_v_penelope_pelizzon_poem_1.txt,
4214,jh_user_56,save,shanzhai_staring.txt,4.0
4214,jh_user_63,save,signe_gjessing_3031nbsp_from_danish_trans_denise_newman_poem_6.txt,4.0
4214,jh_user_11,save,shuzo_takiguchi_salvador_dalí_from_japanese_trans_yuki_tanaka_and_mary_jo_bang_poem_1.txt,4.0
4214,jh_user_61,save,the_score.txt,4.0
4214,jh_user_49,save,tahir_hamut_izgil_somewhere_else_from_uyghur_trans_joshua_l_freeman_poem_5.txt,4.0
4214,jh_user_49,save,zuzanna_ginczanka_grammar_from_polish_trans_alex_braslavsky_poem_2.txt,4.0
4214,jh_user_93,save,zeynep-koylu_requiem.txt,4.0
4214,jh_user_32,save,shanzhai_reality.txt,4.0
4214,jh_user_72,save,stesichorus_sack_of_troy_s107_helen_and_menelaus_from_ancient_trans_em_setzer_poem_5.txt,4.0
4214,jh_user_26,save,shanzhai_moment.txt,4.0
4214,jh_user_44,save,sharon_olds_the_knowing.txt,4.0
4214,jh_user_74,save,wang_xiaoni_moonlight_no_1_from_chinese_trans_eleanor_goodman_poem_2.txt,4.0
4214,jh_user_44,save,violeta_savu_spectrum_from_unknown_poem_4.txt,4.0
4214,jh_user_80,save,signe_gjessing_38nbsp_from_danish_trans_denise_newman_poem_25.txt,
4214,jh_user_78,save,zhu_zhu_the_tale_of_two_cities_from_chinese_trans_dong_li_poem_4.txt,4.0
4214,jh_user_49,save,siranuysh_ohanyan_the_clouds_are_melting_about_you_from_armenian_trans_antranik_cassem_poem_4.txt,4.0
4214,jh_user_28,save,tomaž_šalamun_and_joshua_beckman_the_silence_comes_from_slovenian_trans_matthew_moore_and_tomaž_šalamun_and_joshua_beckman_poem_3.txt,4.0
4214,jh_user_66,save,tomas_venclova_prehistory_from_lithuanian_trans_rimas_uzgiris_poem_1.txt,4.0
4215,jh_user_77,save,sun_tzuping_the_gift_the_room_has_given_to_time_from_chinese_trans_nicholas_wong_poem_1.txt,4.0
4215,jh_user_65,save,yu_xuanji_on_master_rens_founding_of_blessingsbestowed_temple_from_chinese_trans_leonard_ng_poem_2.txt,4.0
4215,jh_user_47,save,tomas_venclova_i_from_lithuanian_trans_rimas_uzgiris_poem_7.txt,4.0
4215,jh_user_77,save,tan_chee_lay_a_a_testament_reborn_from_chinese_trans_teng_qian_xi_poem_4.txt,4.0
4215,jh_user_24,save,steven-j-fowler_worm-in-its-core.txt,4.0
4215,jh_user_16,save,signe_gjessing_3121111_from_danish_trans_denise_newman_poem_37.txt,4.0
4215,jh_user_99,save,violeta_savu_spectrum_from_unknown_poem_4.txt,4.0
4215,jh_user_77,save,teemu-manninen_indignatio_for-aase-berg.txt,4.0
4215,jh_user_40,save,ulrike_almut_sandig_being_stared_at_from_german_trans_bradley_schmidt_poem_3.txt,4.0
4215,jh_user_17,save,shanzhai_moment.txt,4.0
4215,jh_user_44,save,tahir_hamut_izgil_the_distance_from_uyghur_trans_joshua_l_freeman_poem_3.txt,4.0
4215,jh_user_68,save,toast_coetzer_own_terms_from_afrikaans_trans_toast_coetzer_poem_1.txt,4.0
4215,jh_user_31,save,shanzhai_hard.txt,4.0
4215,jh_user_49,save,siranuysh_ohanyan_at_night_before_i_went_to_sleep_i_looked_at_the_moon_from_armenian_trans_antranik_cassem_poem_3.txt,4.0
4216,jh_user_26,save,signe_gjessing_312nbspnbsp_from_danish_trans_denise_newman_poem_33.txt,4.0
4216,jh_user_78,save,siranuysh_ohanyan_my_body_grew_from_armenian_trans_antranik_cassem_poem_1.txt,4.0
4216,jh_user_37,save,signe_gjessing_32nbspnbspnbsp_from_danish_trans_denise_newman_poem_8.txt,4.0
4216,jh_user_22,save,ulrike_almut_sandig_in_my_eyes_from_german_trans_bradley_schmidt_poem_2.txt,4.0
4216,jh_user_51,save,the_ledge_in_french.txt,4.0
4216,jh_user_64,save,signe_gjessing_3511nbspnbspnbsp_from_danish_trans_denise_newman_poem_17.txt,4.0
4216,jh_user_92,save,tsvetanka-elenkova_crown-or-roots.txt,4.0
4216,jh_user_63,save,signe_gjessing_392nbsp_from_danish_trans_denise_newman_poem_30.txt,4.0
4216,jh_user_53,save,xiao_shui_oblique_pool_from_chinese_trans_judith_huang_poem_4.txt,4.0
4216,jh_user_29,save,tóroddur_poulsen_to_eat_the_angels_from_faroese_trans_randi_ward_poem_2.txt,4.0
4216,jh_user_43,save,vasyl_makhno_the_one_from_ukrainian_trans_olena_jennings_poem_1.txt,4.0
4216,jh_user_56,save,tomas_venclova_i_from_lithuanian_trans_rimas_uzgiris_poem_7.txt,4.0
4216,jh_user_14,save,signe_gjessing_3121111_from_danish_trans_denise_newman_poem_37.txt,4.0
4216,jh_user_61,save,tan_chee_lay_iv_altering_constituencies_from_chinese_trans_teng_qian_xi_poem_4.txt,4.0
4216,jh_user_5,save,ulrike_draesner_journey_of_the_infant_as_a_flowering_ball_from_german_trans_bernadette_geyer_poem_1.txt,4.0
4216,jh_user_64,save,shuzo_takiguchi_salvador_dalí_from_japanese_trans_yuki_tanaka_and_mary_jo_bang_poem_1.txt,4.0
4216,jh_user_19,save,shanzhai_someday.txt,4.0
4216,jh_user_59,save,ye_hui_in_the_countryside_from_chinese_trans_dong_li_poem_3.txt,4.0
4216,jh_user_19,save,shanzhai_petite_maison.txt,4.0
4216,jh_user_96,save,tahir_hamut_izgil_the_distance_from_uyghur_trans_joshua_l_freeman_poem_3.txt,4.0
4216,jh_user_36,save,tahir_hamut_izgil_untitled_4_from_uyghur_trans_joshua_l_freeman_poem_4.txt,4.0
4217,jh_user_14,save,the_tempest_audiobook.txt,4.0
4217,jh_user_61,save,ulrike_almut_sandig_being_stared_at_from_german_trans_bradley_schmidt_poem_3.txt,4.0
4217,jh_user_20,save,ulrike_draesner_i_ever_i_ever_from_german_trans_bernadette_geyer_poem_4.txt,4.0
4217,jh_user_48,save,tomaž_šalamun_and_joshua_beckman_alexandra_from_slovenian_trans_matthew_moore_and_tomaž_šalamun_and_joshua_beckman_poem_2.txt,4.0
4217,jh_user_1,save,various_burmese_poets_an_evening_with_a_city_girl_from_burmese_trans_ko_ko_thett_and_james_byrne_poem_4.txt,4.0
4217,jh_user_46,save,tan_chee_lay_iv_altering_constituencies_from_chinese_trans_teng_qian_xi_poem_4.txt,4.0
4217,jh_user_77,save,wingston_gonzález_psicobilly_the_unflight_i_from_spanish_trans_josé_garcía_escobar_poem_2.txt,4.0
4217,jh_user_14,save,wolfgang_cordan_remembrance_from_german_trans_klein_voorhees_poem_1.txt,4.0
4217,jh_user_94,save,vicente_huidobro_i_from_spanish_trans_leijia_hanrahan_poem_1.txt,4.0
4217,jh_user_89,save,yi_lu_that_bouquet_of_white_flowers_from_chinese_trans_fiona_szelorrain_poem_2.txt,4.0
4217,jh_user_77,save,shanzhai_petite_maison.txt,4.0
4217,jh_user_46,save,yu_jian_i_saw_darknessnbsp_nbsp_nbsp_i_never_saw_a_crow_from_chinese_trans_shuyu_guo_poem_1.txt,4.0
4217,jh_user_82,save,stesichorus_geryoneis_s15_col_ii_geryon_was_killed_from_ancient_trans_em_setzer_poem_2.txt,4.0
4217,jh_user_101,save,zhu_zhu_the_tale_of_two_cities_from_chinese_trans_dong_li_poem_4.txt,4.0
4217,jh_user_3,save,shanzhai_staring.txt,4.0
4217,jh_user_71,save,shuntaro_tanikawa_1_nbspshade_tree_from_japanese_trans_martin_rock_poem_1.txt,4.0
4217,jh_user_3,save,wang_xiaoni_moonlight_no_1_from_chinese_trans_eleanor_goodman_poem_2.txt,4.0
4217,jh_user_69,save,shanzhai_someday.txt,4.0
4217,jh_user_98,save,tan_chee_lay_iv_altering_constituencies_from_chinese_trans_teng_qian_xi_poem_4.txt,4.0
4217,jh_user_25,save,xiao_shui_revival_island_from_chinese_trans_judith_huang_poem_5.txt,4.0
4217,jh_user_52,save,shanzhai_hows_it.txt,4.0
4217,jh_user_46,save,xiao_shui_revival_island_from_chinese_trans_judith_huang_poem_5.txt,4.0
4217,jh_user_51,save,ḥusayn_mardān_the_nightmare_from_arabic_trans_suneela_mubayi_poem_2.txt,4.0
4217,jh_user_16,save,violeta_savu_spectrum_from_unknown_poem_4.txt,4.0
4218,jh_user_64,save,stanislaw_borokowski_death_in_the_afternoon_from_german_trans_chris_michalski_poem_6.txt,4.0
4218,jh_user_14,save,stanislaw_borokowski_death_in_the_afternoon_from_german_trans_chris_michalski_poem_6.txt,4.0
4218,jh_user_20,save,shanzhai_hows_it.txt,4.0
4218,jh_user_71,save,siranuysh_ohanyan_on_my_tired_body_from_armenian_trans_antranik_cassem_poem_2.txt,4.0
4218,jh_user_81,save,víctor_rodríguez_núñez_nbsp_nbsp_nbsp_nbsp_nbsp_nbsp_nbsp_nbsp_nbsp_nbsp_nbsp_nbsp_nbsp_nbsp_nbsp_nbsp_nbsp_nbsp_nbsp_nbsp_nbsp_nbsp10_from_spanish_trans_katherine_m_hedeen_poem_3.txt,4.0
4218,jh_user_43,save,shanzhai_hard.txt,4.0
4218,jh_user_26,save,signe_gjessing_3511nbspnbspnbsp_from_danish_trans_denise_newman_poem_17.txt,4.0
4218,jh_user_17,save,vielle_first_time_trans_margento.txt,4.0
4218,jh_user_41,save,yu_xuanji_on_master_rens_founding_of_blessingsbestowed_temple_from_chinese_trans_leonard_ng_poem_2.txt,4.0
4218,jh_user_39,save,szilárd_borbély_the_sanctification_of_the_name_from_hungarian_trans_ottilie_mulzet_poem_4.txt,4.0
4218,jh_user_78,save,wingston_gonzález_psicobilly_the_unflight_i_from_spanish_trans_josé_garcía_escobar_poem_2.txt,4.0
4218,jh_user_88,save,stanislaw_borokowski_sailors_dying_of_scurvy_from_german_trans_chris_michalski_poem_5.txt,4.0
4218,jh_user_28,save,álvaro_fausto_taruma_confessionary_from_portuguese_trans_grant_schutzman_poem_1.txt,4.0
4218,jh_user_9,save,tóroddur_poulsen_to_eat_the_angels_from_faroese_trans_randi_ward_poem_2.txt,4.0
4218,jh_user_11,save,toast_coetzer_anene_booysen_from_afrikaans_trans_toast_coetzer_poem_3.txt,4.0
4218,jh_user_100,save,tomas_venclova_iv_from_lithuanian_trans_rimas_uzgiris_poem_5.txt,4.0
4218,jh_user_19,save,tsvetanka-elenkova_crown-or-roots.txt,4.0
4218,jh_user_51,save,shanzhai_light.txt,4.0
4218,jh_user_1,save,shanzhai_right.txt,4.0
4218,jh_user_82,save,tomaž_šalamun_and_joshua_beckman_jai_vu_un_énorme_institut_de_sociologie_from_slovenian_trans_michael_thomas_taren_and_tomaž_šalamun_and_joshua_beckman_poem_2.txt,4.0
4218,jh_user_22,save,sun_tzuping_the_gift_the_room_has_given_to_time_from_chinese_trans_nicholas_wong_poem_1.txt,4.0
4218,jh_user_8,save,shanzhai_reflect.txt,4.0
4218,jh_user_52,save,shanzhai_this_image.txt,4.0
4218,jh_user_31,save,yari_bernasconi_postcard_from_herisau_from_italian_trans_v_penelope_pelizzon_poem_2.txt,4.0
4219,jh_user_95,save,signe_gjessing_32nbspnbspnbsp_from_danish_trans_denise_newman_poem_8.txt,4.0
4219,jh_user_89,save,yang_zi_ink_from_chinese_trans_fiona_szelorrain_poem_2.txt,4.0
4219,jh_user_26,save,yang_zi_float_from_chinese_trans_fiona_szelorrain_poem_1.txt,4.0
4219,jh_user_23,save,signe_gjessing_312nbspnbsp_from_danish_trans_denise_newman_poem_33.txt,4.0
4219,jh_user_6,save,wolfgang_cordan_passing_through_from_german_trans_klein_voorhees_poem_2.txt,4.0
4219,jh_user_89,save,signe_gjessing_37111nbspnbsp_from_danish_trans_denise_newman_poem_24.txt,4.0
4219,jh_user_42,save,yang_mu_rabbits_from_chinese_trans_michelle_yeh_and_arthur_sze_poem_2.txt,4.0
4219,jh_user_58,save,tomaž_šalamun_and_joshua_beckman_horse_snorts_in_the_crypt_from_slovenian_trans_matthew_moore_and_tomaž_šalamun_and_joshua_beckman_poem_4.txt,
4219,jh_user_3,save,signe_gjessing_301_from_danish_trans_denise_newman_poem_2.txt,4.0
4219,jh_user_10,save,zuzanna_ginczanka_process_from_polish_trans_alex_braslavsky_poem_1.txt,4.0
4219,jh_user_62,save,shanzhai_moment.txt,4.0
4219,jh_user_93,save,yi_won_year_2050poet_inventory_from_korean_trans_kevin_michael_smith_poem_3.txt,4.0
4219,jh_user_95,save,timur_kibirov_after_dorothy_sayers_from_russian_trans_jamie_olson_poem_3.txt,4.0
4219,jh_user_62,save,tan_chee_lay_w_the_death_of_idealism_from_chinese_trans_teng_qian_xi_poem_3.txt,4.0
4219,jh_user_65,save,tan_chee_lay_iv_altering_constituencies_from_chinese_trans_teng_qian_xi_poem_4.txt,4.0
4219,jh_user_20,save,yu_jian_i_saw_darknessnbsp_nbsp_nbsp_i_never_saw_a_crow_from_chinese_trans_shuyu_guo_poem_1.txt,4.0
4219,jh_user_93,save,yu_jian_i_saw_darknessnbsp_nbsp_nbsp_i_never_saw_a_crow_from_chinese_trans_shuyu_guo_poem_1.txt,4.0
4219,jh_user_7,save,sharon_olds_the_knowing.txt,4.0
4219,jh_user_7,save,shrikant_verma_the_people_of_magadh_from_hindi_trans_rahul_soni_poem_1.txt,4.0
4219,jh_user_51,save,untitled text 657.txt,4.0
4219,jh_user_20,save,yu_xuanji_to_the_perfect_master_from_chinese_trans_leonard_ng_poem_6.txt,4.0
4219,jh_user_29,save,tan_chee_lay_i_losing_childhoods_favor_from_chinese_trans_teng_qian_xi_poem_2.txt,
4219,jh_user_51,save,shanzhai_pushkin.txt,4.0
4219,jh_user_100,save,siranuysh_ohanyan_at_night_before_i_went_to_sleep_i_looked_at_the_moon_from_armenian_trans_antranik_cassem_poem_3.txt,4.0
4220,jh_user_31,save,signe_gjessing_32nbspnbspnbsp_from_danish_trans_denise_newman_poem_8.txt,4.0
4220,jh_user_35,save,timur_kibirov_after_dorothy_sayers_from_russian_trans_jamie_olson_poem_3.txt,4.0
4220,jh_user_56,save,tasos_leivaditis_the_musician_from_greek_trans_n_n_trakakis_poem_6.txt,4.0
4220,jh_user_38,save,zang_di_little_spring_goddess_primer_from_chinese_trans_eleanor_goodman_poem_1.txt,4.0
4220,jh_user_45,save,signe_gjessing_32nbspnbspnbsp_from_danish_trans_denise_newman_poem_8.txt,4.0
4220,jh_user_50,save,zang_di_blue_hourglass_from_chinese_trans_eleanor_goodman_poem_2.txt,4.0
4220,jh_user_12,save,timur_kibirov_after_dorothy_sayers_from_russian_trans_jamie_olson_poem_3.txt,4.0
4220,jh_user_50,save,tahir_hamut_izgil_untitled_4_from_uyghur_trans_joshua_l_freeman_poem_4.txt,4.0
4220,jh_user_80,save,tahir_hamut_izgil_a_hungry_ghost_from_uyghur_trans_joshua_l_freeman_poem_6.txt,4.0
4220,jh_user_14,save,yang_mu_the_star_is_the_only_guide_from_chinese_trans_michelle_yeh_and_arthur_sze_poem_1.txt,4.0
4220,jh_user_78,save,shuzo_takiguchi_salvador_dalí_from_japanese_trans_yuki_tanaka_and_mary_jo_bang_poem_1.txt,4.0
4220,jh_user_71,save,zuzanna_ginczanka_fraud_from_polish_trans_alex_braslavsky_poem_3.txt,4.0
4220,jh_user_57,save,tan_chee_lay_i_nomination_from_chinese_trans_teng_qian_xi_poem_1.txt,4.0
4220,jh_user_28,save,yari_bernasconi_on_the_train_to_zurich_from_italian_trans_v_penelope_pelizzon_poem_4.txt,4.0
4220,jh_user_92,save,tan_chee_lay_i_nomination_from_chinese_trans_teng_qian_xi_poem_1.txt,4.0
4220,jh_user_96,save,signe_gjessing_3012_nbsp_from_danish_trans_denise_newman_poem_3.txt,4.0
4220,jh_user_71,save,tomas_venclova_iv_from_lithuanian_trans_rimas_uzgiris_poem_5.txt,4.0
4220,jh_user_16,save,tomas_venclova_iv_from_lithuanian_trans_rimas_uzgiris_poem_5.txt,4.0
4220,jh_user_17,save,shanzhai_this_image.txt,4.0
4220,jh_user_16,save,xiao_shui_bridge_of_release_from_chinese_trans_judith_huang_poem_7.txt,4.0
4220,jh_user_44,save,yari_bernasconi_postcard_from_herisau_from_italian_trans_v_penelope_pelizzon_poem_2.txt,4.0
4220,jh_user_14,save,xi_chuan_poison_from_chinese_trans_lucas_klein_poem_3.txt,4.0
4220,jh_user_64,save,wingston_gonzález_mental_yellowstone_or_the_suppressed_silence_in_every_tongue_from_spanish_trans_josé_garcía_escobar_poem_3.txt,4.0
4220,jh_user_86,save,steven-j-fowler_worm-in-its-core.txt,4.0
4220,jh_user_62,save,sun_tzuping_the_gift_the_room_has_given_to_time_from_chinese_trans_nicholas_wong_poem_1.txt,4.0
4220,jh_user_90,save,stesichorus_geryoneis_s7_eurytion_was_born_from_ancient_trans_em_setzer_poem_1.txt,4.0
4220,jh_user_2,save,tsvetanka-elenkova_scheme-of-cosmos.txt,4.0
4220,jh_user_39,save,uljana_wolf_lumberjack_from_german_trans_greg_nissan_poem_3.txt,4.0
4220,jh_user_24,save,xiao_shui_bridge_of_release_from_chinese_trans_judith_huang_poem_7.txt,4.0
4220,jh_user_25,save,the_conversation.txt,4.0
4220,jh_user_6,save,szilárd_borbély_to_trust_from_hungarian_trans_ottilie_mulzet_poem_3.txt,4.0
4221,jh_user_18,save,wilson_bueno_trans_erin_moure_winter_pluies.txt,4.0
4221,jh_user_83,save,signe_gjessing_3nbsp_from_danish_trans_denise_newman_poem_1.txt,4.0
4221,jh_user_49,save,tomas_venclova_i_from_lithuanian_trans_rimas_uzgiris_poem_7.txt,4.0
4221,jh_user_35,save,ye_mimi_the_more_car_the_more_far_from_chinese_trans_steve_bradbury_poem_1.txt,4.0
4221,jh_user_12,save,yi_lu_that_bouquet_of_white_flowers_from_chinese_trans_fiona_szelorrain_poem_2.txt,4.0
4221,jh_user_66,save,tristan_tzara_snatched_from_the_river_from_french_trans_heather_green_poem_1.txt,4.0
4221,jh_user_56,save,siranuysh_ohanyan_the_clouds_are_melting_about_you_from_armenian_trans_antranik_cassem_poem_4.txt,4.0
4221,jh_user_43,save,shrikant_verma_the_people_of_magadh_from_hindi_trans_rahul_soni_poem_1.txt,4.0
4221,jh_user_80,save,yu_xuanji_on_master_rens_founding_of_blessingsbestowed_temple_from_chinese_trans_leonard_ng_poem_2.txt,4.0
4221,jh_user_74,save,tan_chee_lay_n_nadirnirvana_from_chinese_trans_teng_qian_xi_poem_5.txt,4.0
4221,jh_user_96,save,szilárd_borbély_to_material_rough_draft_from_hungarian_trans_ottilie_mulzet_poem_4.txt,4.0
4221,jh_user_58,save,veronique_bergen_trans_margento_wolves.txt,4.0
4221,jh_user_54,save,stesichorus_geryoneis_s7_eurytion_was_born_from_ancient_trans_em_setzer_poem_1.txt,4.0
4221,jh_user_1,save,stesichorus_sack_of_troy_s107_helen_and_menelaus_from_ancient_trans_em_setzer_poem_5.txt,4.0
4221,jh_user_21,save,shanzhai_reflect.txt,4.0
4221,jh_user_99,save,shanzhai_light.txt,4.0
4221,jh_user_90,save,shanzhai_light.txt,4.0
4221,jh_user_25,save,zang_di_little_spring_goddess_primer_from_chinese_trans_eleanor_goodman_poem_1.txt,4.0
4221,jh_user_6,save,wolfgang_cordan_remembrance_from_german_trans_klein_voorhees_poem_1.txt,4.0
4221,jh_user_94,save,zuzanna_ginczanka_grammar_from_polish_trans_alex_braslavsky_poem_2.txt,4.0
4221,jh_user_72,save,tedi_lópez_mills_j_from_spanish_trans_wendy_burk_poem_3.txt,4.0
4221,jh_user_82,save,tsvetanka-elenkova_crown-or-roots.txt,4.0
4221,jh_user_35,save,ya_shi_translation_and_a_daoist_song_from_chinese_trans_nick_admussen_poem_3.txt,4.0
4221,jh_user_66,save,ya_shi_translation_and_a_daoist_song_from_chinese_trans_nick_admussen_poem_3.txt,4.0
4221,jh_user_94,save,yang_mu_the_star_is_the_only_guide_from_chinese_trans_michelle_yeh_and_arthur_sze_poem_1.txt,4.0
4221,jh_user_44,save,signe_gjessing_37111nbspnbsp_from_danish_trans_denise_newman_poem_24.txt,4.0
4221,jh_user_99,save,signe_gjessing_33nbspnbsp_from_danish_trans_denise_newman_poem_9.txt,4.0
4221,jh_user_62,save,tóroddur_poulsen_to_eat_the_angels_from_faroese_trans_randi_ward_poem_2.txt,4.0
4222,jh_user_15,save,yi_lu_that_bouquet_of_white_flowers_from_chinese_trans_fiona_szelorrain_poem_2.txt,4.0
4222,jh_user_33,save,xiao_kaiyu_the_grassy_slope_from_chinese_trans_christopher_lupke_poem_3.txt,4.0
4222,jh_user_46,save,shanzhai_this_image.txt,4.0
4222,jh_user_50,save,víctor_rodríguez_núñez_nbsp_nbsp_nbsp_nbsp_nbsp_nbsp_nbsp_nbsp_nbsp_nbsp_nbsp_nbsp_nbsp_nbsp_nbsp_nbsp_nbsp_nbsp_nbsp_nbsp_nbsp_nbsp10_from_spanish_trans_katherine_m_hedeen_poem_3.txt,4.0
4222,jh_user_70,save,zuzanna_ginczanka_virginity_from_polish_trans_alex_braslavsky_poem_5.txt,4.0
4222,jh_user_20,save,shanzhai_primer.txt,4.0
4222,jh_user_39,save,shanzhai_staring.txt,4.0
4222,jh_user_63,save,tan_chee_lay_a_the_birth_of_history_from_chinese_trans_teng_qian_xi_poem_1.txt,4.0
4222,jh_user_67,save,shanzhai_moment.txt,4.0
4222,jh_user_58,save,shuntaro_tanikawa_10_nbspunknown_person_from_japanese_trans_martin_rock_poem_4.txt,4.0
4222,jh_user_30,save,tan_chee_lay_i_nomination_from_chinese_trans_teng_qian_xi_poem_1.txt,4.0
4222,jh_user_81,save,shanzhai_light.txt,4.0
4222,jh_user_91,save,xi_chuan_the_distance_from_chinese_trans_lucas_klein_poem_2.txt,4.0
4222,jh_user_53,save,ya_shi_brief_sentences_from_chinese_trans_nick_admussen_poem_5.txt,4.0
4222,jh_user_27,save,shanzhai_this_image.txt,4.0
4222,jh_user_89,save,shanzhai_moving.txt,4.0
4222,jh_user_36,save,sicilian_connection.txt,4.0
4222,jh_user_24,save,tomas_venclova_iii_colle_aventino_from_lithuanian_trans_rimas_uzgiris_poem_14.txt,4.0
4222,jh_user_82,save,zuzanna_ginczanka_grammar_from_polish_trans_alex_braslavsky_poem_2.txt,4.0
4222,jh_user_71,save,uljana_wolf_guest_room_from_german_trans_greg_nissan_poem_4.txt,4.0
4222,jh_user_75,save,sébastien_smirou_2_normandy_from_french_trans_andrew_zawacki_poem_2.txt,4.0
4222,jh_user_88,save,zang_di_little_spring_goddess_primer_from_chinese_trans_eleanor_goodman_poem_1.txt,4.0
4222,jh_user_40,save,wingston_gonzález_mental_yellowstone_or_the_suppressed_silence_in_every_tongue_from_spanish_trans_josé_garcía_escobar_poem_3.txt,4.0
4222,jh_user_17,save,yuri_andrukhovych_the_unicorn_from_ukrainian_trans_john_hennessy_and_ostap_kin_poem_1.txt,4.0
4222,jh_user_88,save,thomas-antonic_work-in-excess_part1.txt,4.0
4222,jh_user_13,save,yaryna_chornohuz_night_friend_and_foe_from_ukrainian_trans_ostap_kin_and_kate_tsurkan_poem_2.txt,4.0
4222,jh_user_96,save,stesichorus_sack_of_troy_s107_helen_and_menelaus_from_ancient_trans_em_setzer_poem_5.txt,4.0
4222,jh_user_77,save,tedi_lópez_mills_j_from_spanish_trans_wendy_burk_poem_3.txt,4.0
4222,jh_user_41,save,verheggen_portrait_trans_taylor.txt,4.0
4222,jh_user_26,save,signe_gjessing_392nbsp_from_danish_trans_denise_newman_poem_30.txt,4.0
4222,jh_user_29,save,shanzhai_someday.txt,4.0
4222,jh_user_68,save,zabriskie_point.txt,4.0
4222,jh_user_86,save,xiao_shui_bridge_of_release_from_chinese_trans_judith_huang_poem_7.txt,4.0
4223,jh_user_23,save,szilárd_borbély_to_material_rough_draft_from_hungarian_trans_ottilie_mulzet_poem_4.txt,4.0
4223,jh_user_2,save,szilárd_borbély_to_material_rough_draft_from_hungarian_trans_ottilie_mulzet_poem_4.txt,4.0
4223,jh_user_94,save,vasyl_makhno_the_miner_from_ukrainian_trans_olena_jennings_poem_3.txt,4.0
4223,jh_user_76,save,vasyl_makhno_the_miner_from_ukrainian_trans_olena_jennings_poem_3.txt,4.0
4223,jh_user_54,save,shanzhai_this_image.txt,4.0
4223,jh_user_95,save,signe_gjessing_34nbsp_from_danish_trans_denise_newman_poem_12.txt,4.0
4223,jh_user_100,save,yuri_andrukhovych_the_unicorn_from_ukrainian_trans_john_hennessy_and_ostap_kin_poem_1.txt,4.0
4223,jh_user_81,save,shanzhai_this_image.txt,4.0
4223,jh_user_6,save,yu_xuanji_on_master_rens_founding_of_blessingsbestowed_temple_from_chinese_trans_leonard_ng_poem_2.txt,4.0
4223,jh_user_94,save,violeta_savu_he_didnt_love_me_from_unknown_poem_1.txt,4.0
4223,jh_user_97,save,wolfgang_cordan_passing_through_from_german_trans_klein_voorhees_poem_2.txt,4.0
4223,jh_user_92,save,stanislaw_borokowski_death_in_the_afternoon_from_german_trans_chris_michalski_poem_6.txt,4.0
4223,jh_user_19,save,signe_gjessing_312nbspnbsp_from_danish_trans_denise_newman_poem_33.txt,4.0
4223,jh_user_42,save,yang_zi_float_from_chinese_trans_fiona_szelorrain_poem_1.txt,4.0
4223,jh_user_71,save,zuzanna_ginczanka_fishing_from_polish_trans_alex_braslavsky_poem_7.txt,4.0
4223,jh_user_100,save,zuzanna_ginczanka_fishing_from_polish_trans_alex_braslavsky_poem_7.txt,4.0
4223,jh_user_47,save,violeta_savu_he_didnt_love_me_from_unknown_poem_1.txt,4.0
4223,jh_user_37,save,shanzhai_loneliness.txt,4.0
4223,jh_user_94,save,signe_gjessing_3311nbspnbsp_from_danish_trans_denise_newman_poem_11.txt,
4223,jh_user_39,save,shuntaro_tanikawa_10_nbspunknown_person_from_japanese_trans_martin_rock_poem_4.txt,4.0
4223,jh_user_4,save,sicilian_connection.txt,4.0
4223,jh_user_83,save,siranuysh_ohanyan_the_clouds_are_melting_about_you_from_armenian_trans_antranik_cassem_poem_4.txt,4.0
4223,jh_user_12,save,yi_won_tick_tick_tick_tick_from_korean_trans_e_j_koh_and_marci_calabretta_canciobello_poem_3.txt,4.0
4223,jh_user_71,save,siranuysh_ohanyan_the_clouds_are_melting_about_you_from_armenian_trans_antranik_cassem_poem_4.txt,4.0
4224,jh_user_11,save,signe_gjessing_312nbspnbsp_from_danish_trans_denise_newman_poem_33.txt,4.0
4224,jh_user_45,save,zuzanna_ginczanka_process_from_polish_trans_alex_braslavsky_poem_1.txt,4.0
4224,jh_user_92,save,shanzhai_gent_woman.txt,4.0
4224,jh_user_100,save,violeta_savu_spectrum_from_unknown_poem_4.txt,4.0
4224,jh_user_35,save,uljana_wolf_how_the_little_murmur_came_into_poetry_from_german_trans_greg_nissan_poem_6.txt,4.0
4224,jh_user_74,save,xiao_shui_cultural_garden_from_chinese_trans_judith_huang_poem_1.txt,4.0
4224,jh_user_83,save,summer_affair.txt,4.0
4224,jh_user_17,save,signe_gjessing_3031nbsp_from_danish_trans_denise_newman_poem_6.txt,4.0
4224,jh_user_33,save,sébastien_smirou_3_bernice_from_french_trans_andrew_zawacki_poem_3.txt,4.0
4224,jh_user_98,save,tomas_venclova_iv_from_lithuanian_trans_rimas_uzgiris_poem_5.txt,4.0
4224,jh_user_20,save,shanzhai_someday.txt,4.0
4224,jh_user_78,save,tahir_hamut_izgil_the_distance_from_uyghur_trans_joshua_l_freeman_poem_3.txt,4.0
4224,jh_user_34,save,signe_gjessing_312nbspnbsp_from_danish_trans_denise_newman_poem_33.txt,4.0
4224,jh_user_26,save,shanzhai_pushkin.txt,4.0
4224,jh_user_99,save,shanzhai_petite_maison.txt,4.0
4224,jh_user_34,save,verheggen_portrait_trans_taylor.txt,4.0
4224,jh_user_95,save,signe_gjessing_39_from_danish_trans_denise_newman_poem_28.txt,4.0
4224,jh_user_100,save,şükrü_erbaş_light_syllables_from_turkish_trans_derick_mattern_poem_3.txt,4.0
4224,jh_user_100,save,ya_shi_the_moon_from_chinese_trans_nick_admussen_poem_2.txt,4.0
4224,jh_user_26,save,taras_shevchenko_in_the_casemate_from_ukrainian_trans_daniel_moysaenko_poem_3.txt,4.0
4224,jh_user_49,save,tomaž_šalamun_and_joshua_beckman_alexandra_from_slovenian_trans_matthew_moore_and_tomaž_šalamun_and_joshua_beckman_poem_2.txt,4.0
4224,jh_user_1,save,sébastien_smirou_5_guillaume_from_french_trans_andrew_zawacki_poem_5.txt,4.0
4224,jh_user_86,save,tan_chee_lay_iv_altering_constituencies_from_chinese_trans_teng_qian_xi_poem_4.txt,4.0
4224,jh_user_13,save,vielle_first_time_trans_margento.txt,4.0
4224,jh_user_7,save,yi_lu_that_bouquet_of_white_flowers_from_chinese_trans_fiona_szelorrain_poem_2.txt,4.0
4224,jh_user_74,save,tedi_lópez_mills_j_from_spanish_trans_wendy_burk_poem_3.txt,4.0
4224,jh_user_66,save,tomaž_šalamun_and_joshua_beckman_the_silence_comes_from_slovenian_trans_matthew_moore_and_tomaž_šalamun_and_joshua_beckman_poem_3.txt,4.0
4224,jh_user_47,save,the_conversation.txt,4.0
4224,jh_user_29,save,verheggen_portrait_trans_taylor.txt,4.0
4224,jh_user_79,save,tasos_leivaditis_transfiguration_from_greek_trans_n_n_trakakis_poem_5.txt,4.0
4225,jh_user_101,save,tedi_lópez_mills_j_from_spanish_trans_wendy_burk_poem_3.txt,4.0
4225,jh_user_47,save,summer_affair.txt,4.0
4225,jh_user_48,save,signe_gjessing_3411_from_danish_trans_denise_newman_poem_14.txt,4.0
4225,jh_user_34,save,stesichorus_sack_of_troy_s88_col_ii_the_debate_from_ancient_trans_em_setzer_poem_4.txt,4.0
4225,jh_user_54,save,szilárd_borbély_the_immaterial_embryo_from_hungarian_trans_ottilie_mulzet_poem_1.txt,4.0
4225,jh_user_23,save,szilárd_borbély_to_trust_from_hungarian_trans_ottilie_mulzet_poem_3.txt,4.0
4225,jh_user_85,save,szilárd_borbély_to_trust_from_hungarian_trans_ottilie_mulzet_poem_3.txt,4.0
4225,jh_user_44,save,víctor_rodríguez_núñez_nbsp_nbsp_nbsp_nbsp_nbsp_nbsp_nbsp_nbsp_nbsp_nbsp_nbsp_nbsp_nbsp_nbsp_nbsp_nbsp_nbsp_nbsp_nbsp_nbsp_nbsp_nbsp10_from_spanish_trans_katherine_m_hedeen_poem_3.txt,4.0
4225,jh_user_21,save,uljana_wolf_lumberjack_from_german_trans_greg_nissan_poem_3.txt,4.0
4225,jh_user_49,save,signe_gjessing_39_from_danish_trans_denise_newman_poem_28.txt,4.0
4225,jh_user_90,save,wilson_bueno_trans_erin_moure_winter_pluies.txt,4.0
4225,jh_user_56,save,uljana_wolf_how_the_little_murmur_came_into_poetry_from_german_trans_greg_nissan_poem_6.txt,4.0
4225,jh_user_98,save,tristan_tzara_snatched_from_the_river_from_french_trans_heather_green_poem_1.txt,4.0
4225,jh_user_75,save,the_messenger.txt,4.0
4225,jh_user_57,save,ya_shi_the_moon_from_chinese_trans_nick_admussen_poem_2.txt,4.0
4225,jh_user_1,save,signe_gjessing_312111nbspnbsp_from_danish_trans_denise_newman_poem_36.txt,4.0
4225,jh_user_34,save,teemu-manninen_the-great-horned-owl.txt,4.0
4225,jh_user_44,save,signe_gjessing_3031nbsp_from_danish_trans_denise_newman_poem_6.txt,4.0
4225,jh_user_93,save,zabriskie_point.txt,4.0
4225,jh_user_67,save,yu_xuanji_to_guo_xiang_from_chinese_trans_leonard_ng_poem_1.txt,4.0
4225,jh_user_44,save,toast_coetzer_own_terms_from_afrikaans_trans_toast_coetzer_poem_1.txt,4.0
4225,jh_user_70,save,yi_won_cyborg_3_from_korean_trans_kevin_michael_smith_poem_2.txt,4.0
4225,jh_user_91,save,shuntaro_tanikawa_10_nbspunknown_person_from_japanese_trans_martin_rock_poem_4.txt,4.0
4225,jh_user_32,save,shrikant_verma_disillusionment_of_a_courtesan_from_the_time_of_the_buddha_from_hindi_trans_rahul_soni_poem_4.txt,4.0
4225,jh_user_13,save,tahir_hamut_izgil_the_womens_prison_from_uyghur_trans_joshua_l_freeman_poem_1.txt,4.0
4226,jh_user_52,save,wolfgang_cordan_remembrance_from_german_trans_klein_voorhees_poem_1.txt,4.0
4226,jh_user_19,save,vasyl_makhno_in_paris_from_ukrainian_trans_olena_jennings_poem_2.txt,4.0
4226,jh_user_78,save,yang_mu_waters_edge_from_chinese_trans_michelle_yeh_and_arthur_sze_poem_3.txt,4.0
4226,jh_user_40,save,valerie_mejer_caso_echo_from_spanish_trans_michelle_gilmontero_poem_1.txt,4.0
4226,jh_user_93,save,yvan_goll_deathchemistry_from_german_trans_donald_wellman_poem_1.txt,4.0
4226,jh_user_55,save,vicente_huidobro_iii_from_spanish_trans_leijia_hanrahan_poem_3.txt,4.0
4226,jh_user_96,save,vielle_first_time_trans_margento.txt,4.0
4226,jh_user_63,save,toast_coetzer_own_terms_from_afrikaans_trans_toast_coetzer_poem_1.txt,4.0
4226,jh_user_19,save,ya_shi_brief_sentences_from_chinese_trans_nick_admussen_poem_5.txt,4.0
4226,jh_user_77,save,yu_jian_time_flies_from_chinese_trans_shuyu_guo_poem_3.txt,4.0
4226,jh_user_33,save,yari_bernasconi_on_the_train_to_zurich_from_italian_trans_v_penelope_pelizzon_poem_4.txt,4.0
4226,jh_user_45,save,tomas_venclova_i_from_lithuanian_trans_rimas_uzgiris_poem_7.txt,4.0
4226,jh_user_17,save,xiao_shui_bridge_of_release_from_chinese_trans_judith_huang_poem_7.txt,4.0
4226,jh_user_30,save,wingston_gonzález_so_my_kimera_black_faviola_from_spanish_trans_josé_garcía_escobar_poem_1.txt,4.0
4226,jh_user_50,save,tomas_venclova_i_from_lithuanian_trans_rimas_uzgiris_poem_7.txt,4.0
4226,jh_user_50,save,the_score.txt,4.0
4226,jh_user_95,save,signe_gjessing_301_from_danish_trans_denise_newman_poem_2.txt,4.0
4226,jh_user_2,save,signe_gjessing_35111_nbsp_from_danish_trans_denise_newman_poem_18.txt,4.0
4226,jh_user_40,save,signe_gjessing_36nbsp_from_danish_trans_denise_newman_poem_19.txt,4.0
4226,jh_user_44,save,signe_gjessing_36nbsp_from_danish_trans_denise_newman_poem_19.txt,4.0
4226,jh_user_21,save,signe_gjessing_351nbsp_from_danish_trans_denise_newman_poem_16.txt,4.0
4226,jh_user_23,save,sébastien_smirou_2_normandy_from_french_trans_andrew_zawacki_poem_2.txt,4.0
4226,jh_user_72,save,siranuysh_ohanyan_at_night_before_i_went_to_sleep_i_looked_at_the_moon_from_armenian_trans_antranik_cassem_poem_3.txt,4.0
4226,jh_user_2,save,szilárd_borbély_to_trust_from_hungarian_trans_ottilie_mulzet_poem_3.txt,4.0
4226,jh_user_33,save,signe_gjessing_32nbspnbspnbsp_from_danish_trans_denise_newman_poem_8.txt,4.0
4226,jh_user_12,save,signe_gjessing_312111nbspnbsp_from_danish_trans_denise_newman_poem_36.txt,4.0
4226,jh_user_97,save,sébastien_smirou_8_semantika_from_french_trans_andrew_zawacki_poem_8.txt,4.0
4226,jh_user_67,save,sicilian_connection.txt,4.0
4226,jh_user_77,save,szilárd_borbély_xvii_from_hungarian_trans_ottilie_mulzet_poem_2.txt,4.0
4226,jh_user_44,save,shuntaro_tanikawa_10_nbspunknown_person_from_japanese_trans_martin_rock_poem_4.txt,4.0
4226,jh_user_23,save,shuntaro_tanikawa_10_nbspunknown_person_from_japanese_trans_martin_rock_poem_4.txt,4.0
4226,jh_user_68,save,tan_chee_lay_iii_election_night_from_chinese_trans_teng_qian_xi_poem_3.txt,4.0
4227,jh_user_46,save,shuzo_takiguchi_salvador_dalí_from_japanese_trans_yuki_tanaka_and_mary_jo_bang_poem_1.txt,4.0
4227,jh_user_55,save,tóroddur_poulsen_faces_from_faroese_trans_randi_ward_poem_3.txt,4.0
4227,jh_user_64,save,signe_gjessing_3411_from_danish_trans_denise_newman_poem_14.txt,4.0
4227,jh_user_60,save,signe_gjessing_34nbsp_from_danish_trans_denise_newman_poem_12.txt,4.0
4227,jh_user_12,save,tomas_venclova_iii_from_lithuanian_trans_rimas_uzgiris_poem_4.txt,4.0
4227,jh_user_97,save,signe_gjessing_34nbsp_from_danish_trans_denise_newman_poem_12.txt,4.0
4227,jh_user_70,save,zang_di_little_spring_goddess_primer_from_chinese_trans_eleanor_goodman_poem_1.txt,4.0
4227,jh_user_24,save,various_burmese_poets_an_evening_with_a_city_girl_from_burmese_trans_ko_ko_thett_and_james_byrne_poem_4.txt,4.0
4227,jh_user_48,save,ulrike_almut_sandig_being_stared_at_from_german_trans_bradley_schmidt_poem_3.txt,4.0
4227,jh_user_7,save,summer_affair.txt,4.0
4227,jh_user_80,save,uljana_wolf_lumberjack_from_german_trans_greg_nissan_poem_3.txt,4.0
4227,jh_user_39,save,uljana_wolf_kochanie_i_bought_bread_from_german_trans_greg_nissan_poem_1.txt,4.0
4227,jh_user_62,save,wolfgang_cordan_remembrance_from_german_trans_klein_voorhees_poem_1.txt,4.0
4227,jh_user_2,save,shanzhai_primer.txt,4.0
4227,jh_user_37,save,signe_gjessing_37111nbspnbsp_from_danish_trans_denise_newman_poem_24.txt,4.0
4227,jh_user_32,save,uljana_wolf_lumberjack_from_german_trans_greg_nissan_poem_3.txt,4.0
4227,jh_user_52,save,tomaž_šalamun_and_joshua_beckman_______from_slovenian_trans_michael_thomas_taren_and_tomaž_šalamun_and_joshua_beckman_poem_5.txt,4.0
4227,jh_user_88,save,shanzhai_reflect.txt,4.0
4227,jh_user_45,save,tristan_tzara_civil_war_song_from_french_trans_heather_green_poem_2.txt,4.0
4227,jh_user_71,save,signe_gjessing_3031nbsp_from_danish_trans_denise_newman_poem_6.txt,4.0
4227,jh_user_74,save,yu_jian_time_flies_from_chinese_trans_shuyu_guo_poem_3.txt,4.0
4227,jh_user_42,save,valerie_mejer_caso_echo_from_spanish_trans_michelle_gilmontero_poem_1.txt,4.0
4227,jh_user_3,save,tomas_venclova_i_from_lithuanian_trans_rimas_uzgiris_poem_7.txt,4.0
4227,jh_user_66,save,signe_gjessing_37nbspnbsp_from_danish_trans_denise_newman_poem_21.txt,4.0
4227,jh_user_29,save,vakis-loizides_microcosms.txt,4.0
4227,jh_user_52,save,zuzanna_ginczanka_about_centaurs_from_polish_trans_alex_braslavsky_poem_4.txt,4.0
4227,jh_user_30,save,yaryna_chornohuz_night_friend_and_foe_from_ukrainian_trans_ostap_kin_and_kate_tsurkan_poem_2.txt,4.0
4227,jh_user_75,save,yaryna_chornohuz_night_friend_and_foe_from_ukrainian_trans_ostap_kin_and_kate_tsurkan_poem_2.txt,4.0
4227,jh_user_6,save,sébastien_smirou_5_guillaume_from_french_trans_andrew_zawacki_poem_5.txt,4.0
4227,jh_user_28,save,zuzanna_ginczanka_about_centaurs_from_polish_trans_alex_braslavsky_poem_4.txt,4.0
4228,jh_user_99,save,vasyl_makhno_the_miner_from_ukrainian_trans_olena_jennings_poem_3.txt,4.0
4228,jh_user_89,save,shanzhai_light.txt,4.0
4228,jh_user_13,save,violeta_savu_he_didnt_love_me_from_unknown_poem_1.txt,4.0
4228,jh_user_74,save,zeynep-koylu_poems-of-leda.txt,4.0
4228,jh_user_9,save,szilárd_borbély_to_patience_from_hungarian_trans_ottilie_mulzet_poem_2.txt,4.0
4228,jh_user_14,save,tan_chee_lay_iii_election_night_from_chinese_trans_teng_qian_xi_poem_3.txt,4.0
4228,jh_user_42,save,shanzhai_right.txt,4.0
4228,jh_user_14,save,shanzhai_right.txt,4.0
4228,jh_user_64,save,various_burmese_poets_lullaby_for_a_night_from_burmese_trans_ko_ko_thett_and_james_byrne_poem_3.txt,4.0
4228,jh_user_85,save,shanzhai_hard.txt,4.0
4228,jh_user_54,save,tan_chee_lay_iii_election_night_from_chinese_trans_teng_qian_xi_poem_3.txt,4.0
4228,jh_user_17,save,stanislaw_borokowski_death_in_the_afternoon_from_german_trans_chris_michalski_poem_6.txt,4.0
4228,jh_user_85,save,tan_chee_lay_w_the_death_of_idealism_from_chinese_trans_teng_qian_xi_poem_3.txt,4.0
4228,jh_user_5,save,yoshihara_sachiko_from_litanies_for_youth_1964_from_japanese_trans_james_garza_poem_1.txt,4.0
4228,jh_user_22,save,sicilian_connection.txt,4.0
4228,jh_user_39,save,tomaž_šalamun_and_joshua_beckman_alexandra_from_slovenian_trans_matthew_moore_and_tomaž_šalamun_and_joshua_beckman_poem_2.txt,4.0
4228,jh_user_49,save,shuntaro_tanikawa_2_nbspyearning_from_japanese_trans_martin_rock_poem_2.txt,4.0
4228,jh_user_1,save,szilárd_borbély_xvi_from_hungarian_trans_ottilie_mulzet_poem_1.txt,4.0
4228,jh_user_98,save,signe_gjessing_303nbsp_from_danish_trans_denise_newman_poem_5.txt,4.0
4228,jh_user_28,save,shrikant_verma_ujjaini_from_hindi_trans_rahul_soni_poem_2.txt,4.0
4228,jh_user_29,save,yi_won_tick_tick_tick_tick_from_korean_trans_e_j_koh_and_marci_calabretta_canciobello_poem_3.txt,4.0
4228,jh_user_96,save,tomaž_šalamun_and_joshua_beckman_______from_slovenian_trans_michael_thomas_taren_and_tomaž_šalamun_and_joshua_beckman_poem_5.txt,4.0
4228,jh_user_53,save,tasos_leivaditis_the_musician_from_greek_trans_n_n_trakakis_poem_6.txt,4.0
4228,jh_user_93,save,tsvetanka-elenkova_crown-or-roots.txt,4.0
4228,jh_user_68,save,zuzanna_ginczanka_fishing_from_polish_trans_alex_braslavsky_poem_7.txt,4.0
4228,jh_user_4,save,tahir_hamut_izgil_somewhere_else_from_uyghur_trans_joshua_l_freeman_poem_5.txt,4.0
4228,jh_user_85,save,xiao_shui_oblique_pool_from_chinese_trans_judith_huang_poem_4.txt,4.0
4228,jh_user_42,save,uljana_wolf_guest_room_from_german_trans_greg_nissan_poem_4.txt,4.0
4228,jh_user_17,save,tahir_hamut_izgil_the_womens_prison_from_uyghur_trans_joshua_l_freeman_poem_1.txt,4.0
4228,jh_user_93,save,signe_gjessing_351nbsp_from_danish_trans_denise_newman_poem_16.txt,4.0
4228,jh_user_56,save,tomas_venclova_iii_colle_aventino_from_lithuanian_trans_rimas_uzgiris_poem_14.txt,4.0
4228,jh_user_88,save,the_conversation.txt,4.0
4228,jh_user_92,save,ye_mimi_the_more_car_the_more_far_from_chinese_trans_steve_bradbury_poem_1.txt,4.0
4229,jh_user_24,save,zang_di_little_spring_goddess_primer_from_chinese_trans_eleanor_goodman_poem_1.txt,4.0
4229,jh_user_19,save,shanzhai_hows_it.txt,4.0
4229,jh_user_83,save,zuzanna_ginczanka_about_centaurs_from_polish_trans_alex_braslavsky_poem_4.txt,4.0
4229,jh_user_90,save,tahir_hamut_izgil_untitled_4_from_uyghur_trans_joshua_l_freeman_poem_4.txt,4.0
4229,jh_user_93,save,tomas_venclova_iv_from_lithuanian_trans_rimas_uzgiris_poem_5.txt,4.0
4229,jh_user_29,save,zuzanna_ginczanka_virginity_from_polish_trans_alex_braslavsky_poem_5.txt,4.0
4229,jh_user_96,save,sébastien_smirou_7_cindy_from_french_trans_andrew_zawacki_poem_7.txt,4.0
4229,jh_user_35,save,tsvetanka-elenkova_crown-or-roots.txt,4.0
4229,jh_user_79,save,ulrike_almut_sandig_in_my_eyes_from_german_trans_bradley_schmidt_poem_2.txt,4.0
4229,jh_user_86,save,valerie_mejer_caso_echo_from_spanish_trans_michelle_gilmontero_poem_1.txt,4.0
4229,jh_user_9,save,shanzhai_reality.txt,4.0
4229,jh_user_53,save,teemu-manninen_the-great-horned-owl.txt,4.0
4229,jh_user_21,save,zang_di_blue_hourglass_from_chinese_trans_eleanor_goodman_poem_2.txt,4.0
4229,jh_user_35,save,teemu-manninen_indignatio_for-aase-berg.txt,4.0
4229,jh_user_41,save,yi_lu_look_at_the_sunset_from_chinese_trans_fiona_szelorrain_poem_1.txt,4.0
4229,jh_user_73,save,the_eclipse_final_cut.txt,4.0
4229,jh_user_66,save,tasos_leivaditis_transfiguration_from_greek_trans_n_n_trakakis_poem_5.txt,4.0
4229,jh_user_79,save,yari_bernasconi_postcard_from_herisau_from_italian_trans_v_penelope_pelizzon_poem_2.txt,4.0
4229,jh_user_56,save,yang_zi_ink_from_chinese_trans_fiona_szelorrain_poem_2.txt,4.0
4229,jh_user_70,save,yu_jian_time_flies_from_chinese_trans_shuyu_guo_poem_3.txt,4.0
4229,jh_user_6,save,yu_xuanji_sent_to_zian_while_gazing_unhappily_into_the_distance_at_jiangling_from_chinese_trans_leonard_ng_poem_4.txt,4.0
4229,jh_user_46,save,signe_gjessing_341nbsp_from_danish_trans_denise_newman_poem_13.txt,4.0
4229,jh_user_58,save,signe_gjessing_34nbsp_from_danish_trans_denise_newman_poem_12.txt,4.0
4229,jh_user_97,save,sun_tzuping_the_gift_the_room_has_given_to_time_from_chinese_trans_nicholas_wong_poem_1.txt,4.0
4229,jh_user_58,save,signe_gjessing_381nbsp_from_danish_trans_denise_newman_poem_26.txt,4.0
4229,jh_user_61,save,wang_xiaoni_moonlight_no_3_from_chinese_trans_eleanor_goodman_poem_4.txt,4.0
4229,jh_user_81,save,siranuysh_ohanyan_at_night_before_i_went_to_sleep_i_looked_at_the_moon_from_armenian_trans_antranik_cassem_poem_3.txt,4.0
4229,jh_user_62,save,siranuysh_ohanyan_on_my_tired_body_from_armenian_trans_antranik_cassem_poem_2.txt,4.0
4229,jh_user_88,save,tahir_hamut_izgil_somewhere_else_from_uyghur_trans_joshua_l_freeman_poem_5.txt,4.0
4229,jh_user_26,save,vasyl_makhno_the_miner_from_ukrainian_trans_olena_jennings_poem_3.txt,4.0
4229,jh_user_26,save,stesichorus_geryoneis_s7_eurytion_was_born_from_ancient_trans_em_setzer_poem_1.txt,4.0
4229,jh_user_61,save,tan_chee_lay_iii_election_night_from_chinese_trans_teng_qian_xi_poem_3.txt,4.0
4230,jh_user_5,save,şükrü_erbaş_delay_from_turkish_trans_derick_mattern_poem_1.txt,4.0
4230,jh_user_81,save,stesichorus_sack_of_troy_s107_helen_and_menelaus_from_ancient_trans_em_setzer_poem_5.txt,4.0
4230,jh_user_36,save,the_messenger.txt,4.0
4230,jh_user_43,save,tomaž_šalamun_and_joshua_beckman_the_marquis_comes_and_breaks_the_fist_from_slovenian_trans_matthew_moore_and_tomaž_šalamun_and_joshua_beckman_poem_1.txt,4.0
4230,jh_user_48,save,yari_bernasconi_on_the_train_to_zurich_from_italian_trans_v_penelope_pelizzon_poem_4.txt,4.0
4230,jh_user_34,save,tan_chee_lay_w_the_death_of_idealism_from_chinese_trans_teng_qian_xi_poem_3.txt,4.0
4230,jh_user_37,save,ulrike_almut_sandig_in_my_eyes_from_german_trans_bradley_schmidt_poem_2.txt,4.0
4230,jh_user_38,save,ye_hui_in_the_countryside_from_chinese_trans_dong_li_poem_3.txt,4.0
4230,jh_user_42,save,zuzanna_ginczanka_about_centaurs_from_polish_trans_alex_braslavsky_poem_4.txt,4.0
4230,jh_user_90,save,tahir_hamut_izgil_sitting_in_the_sun_from_uyghur_trans_joshua_l_freeman_poem_3.txt,4.0
4230,jh_user_101,save,shuzo_takiguchi_salvador_dalí_from_japanese_trans_yuki_tanaka_and_mary_jo_bang_poem_1.txt,4.0
4230,jh_user_18,save,tedi_lópez_mills_j_from_spanish_trans_wendy_burk_poem_3.txt,4.0
4230,jh_user_78,save,various_burmese_poets_lullaby_for_a_night_from_burmese_trans_ko_ko_thett_and_james_byrne_poem_3.txt,4.0
4230,jh_user_18,save,tsvetanka-elenkova_scheme-of-cosmos.txt,4.0
4230,jh_user_20,save,tóroddur_poulsen_faces_from_faroese_trans_randi_ward_poem_3.txt,4.0
4230,jh_user_4,save,yu_xuanji_sent_to_zian_while_gazing_unhappily_into_the_distance_at_jiangling_from_chinese_trans_leonard_ng_poem_4.txt,4.0
4230,jh_user_81,save,uljana_wolf_guest_room_from_german_trans_greg_nissan_poem_4.txt,4.0
4230,jh_user_1,save,veronique_bergen_trans_margento_wolves.txt,4.0
4230,jh_user_34,save,wilson_bueno_trans_erin_moure_winter_pluies.txt,4.0
4230,jh_user_48,save,szilárd_borbély_xvii_from_hungarian_trans_ottilie_mulzet_poem_2.txt,4.0
4230,jh_user_72,save,uljana_wolf_kochanie_i_bought_bread_from_german_trans_greg_nissan_poem_1.txt,4.0
4230,jh_user_48,save,sylvia_geist_neon_from_german_trans_catherine_hales_poem_1.txt,4.0
4230,jh_user_47,save,shanzhai_someday.txt,4.0
4230,jh_user_16,save,yu_xuanji_to_the_perfect_master_from_chinese_trans_leonard_ng_poem_6.txt,4.0
4230,jh_user_71,save,thórdís_helgadóttir_windbeast_from_unknown_poem_3.txt,4.0
4230,jh_user_86,save,stesichorus_geryoneis_s15_col_ii_geryon_was_killed_from_ancient_trans_em_setzer_poem_2.txt,4.0
4230,jh_user_18,save,ulrike_draesner_journey_of_the_infant_as_a_flowering_ball_from_german_trans_bernadette_geyer_poem_1.txt,4.0
4231,jh_user_30,save,veronique_bergen_trans_margento_wolves.txt,4.0
4231,jh_user_15,save,xiao_shui_cultural_garden_from_chinese_trans_judith_huang_poem_1.txt,4.0
4231,jh_user_67,save,sébastien_smirou_5_guillaume_from_french_trans_andrew_zawacki_poem_5.txt,4.0
4231,jh_user_24,save,yang_mu_the_star_is_the_only_guide_from_chinese_trans_michelle_yeh_and_arthur_sze_poem_1.txt,4.0
4231,jh_user_61,save,signe_gjessing_37nbspnbsp_from_danish_trans_denise_newman_poem_21.txt,4.0
4231,jh_user_74,save,signe_gjessing_301_from_danish_trans_denise_newman_poem_2.txt,4.0
4231,jh_user_97,save,stesichorus_geryoneis_s15_col_ii_geryon_was_killed_from_ancient_trans_em_setzer_poem_2.txt,4.0
4231,jh_user_24,save,yuri_andrukhovych_the_unicorn_from_ukrainian_trans_john_hennessy_and_ostap_kin_poem_1.txt,4.0
4231,jh_user_79,save,vasyl_makhno_the_miner_from_ukrainian_trans_olena_jennings_poem_3.txt,4.0
4231,jh_user_70,save,sébastien_smirou_4_aleppo_from_french_trans_andrew_zawacki_poem_4.txt,4.0
4231,jh_user_28,save,szilárd_borbély_to_patience_from_hungarian_trans_ottilie_mulzet_poem_2.txt,4.0
4231,jh_user_4,save,tomaž_šalamun_and_joshua_beckman_the_silence_comes_from_slovenian_trans_matthew_moore_and_tomaž_šalamun_and_joshua_beckman_poem_3.txt,4.0
4231,jh_user_47,save,signe_gjessing_35111_nbsp_from_danish_trans_denise_newman_poem_18.txt,4.0
4231,jh_user_69,save,yi_won_morgue_from_korean_trans_kevin_michael_smith_poem_1.txt,4.0
4231,jh_user_42,save,the_conversation.txt,4.0
4231,jh_user_74,save,timur_kibirov_after_dorothy_sayers_from_russian_trans_jamie_olson_poem_3.txt,4.0
4231,jh_user_6,save,tasos_leivaditis_the_musician_from_greek_trans_n_n_trakakis_poem_6.txt,4.0
4231,jh_user_31,save,tahir_hamut_izgil_the_distance_from_uyghur_trans_joshua_l_freeman_poem_3.txt,4.0
4232,jh_user_42,save,siranuysh_ohanyan_on_my_tired_body_from_armenian_trans_antranik_cassem_poem_2.txt,4.0
4232,jh_user_83,save,xiao_shui_bridge_of_release_from_chinese_trans_judith_huang_poem_7.txt,4.0
4232,jh_user_19,save,tasos_leivaditis_murder_from_greek_trans_n_n_trakakis_poem_1.txt,4.0
4232,jh_user_22,save,tomas_venclova_three_imperfect_sonnets_from_lithuanian_trans_rimas_uzgiris_poem_11.txt,4.0
4232,jh_user_28,save,signe_gjessing_32nbspnbspnbsp_from_danish_trans_denise_newman_poem_8.txt,4.0
4232,jh_user_61,save,shanzhai_moment.txt,4.0
4232,jh_user_88,save,vicente_huidobro_iii_from_spanish_trans_leijia_hanrahan_poem_3.txt,4.0
4232,jh_user_18,save,shanzhai_time.txt,4.0
4232,jh_user_70,save,signe_gjessing_312nbspnbsp_from_danish_trans_denise_newman_poem_33.txt,4.0
4232,jh_user_27,save,steven-j-fowler_worm-in-its-core.txt,4.0
4232,jh_user_14,save,sébastien_smirou_7_cindy_from_french_trans_andrew_zawacki_poem_7.txt,4.0
4232,jh_user_65,save,yaryna_chornohuz_night_friend_and_foe_from_ukrainian_trans_ostap_kin_and_kate_tsurkan_poem_2.txt,4.0
4232,jh_user_97,save,tasos_leivaditis_transfiguration_from_greek_trans_n_n_trakakis_poem_5.txt,4.0
4232,jh_user_22,save,yaryna_chornohuz_too_red_a_spot_from_ukrainian_trans_ostap_kin_and_kate_tsurkan_poem_1.txt,4.0
4232,jh_user_20,save,tomas_venclova_iii_colle_aventino_from_lithuanian_trans_rimas_uzgiris_poem_14.txt,4.0
4232,jh_user_5,save,tahir_hamut_izgil_somewhere_else_from_uyghur_trans_joshua_l_freeman_poem_5.txt,4.0
4232,jh_user_19,save,uljana_wolf_kochanie_i_bought_bread_from_german_trans_greg_nissan_poem_1.txt,4.0
4232,jh_user_78,save,sébastien_smirou_3_bernice_from_french_trans_andrew_zawacki_poem_3.txt,4.0
4232,jh_user_73,save,shanzhai_primer.txt,4.0
4232,jh_user_97,save,zang_di_blue_hourglass_from_chinese_trans_eleanor_goodman_poem_2.txt,4.0
4233,jh_user_74,save,yvan_goll_deathchemistry_from_german_trans_donald_wellman_poem_1.txt,4.0
4233,jh_user_58,save,verheggen_portrait_trans_taylor.txt,4.0
4233,jh_user_53,save,toast_coetzer_anene_booysen_from_afrikaans_trans_toast_coetzer_poem_3.txt,4.0
4233,jh_user_37,save,signe_gjessing_39_from_danish_trans_denise_newman_poem_28.txt,4.0
4233,jh_user_26,save,siranuysh_ohanyan_my_body_grew_from_armenian_trans_antranik_cassem_poem_1.txt,4.0
4233,jh_user_25,save,untitled text 657.txt,4.0
4233,jh_user_6,save,tan_chee_lay_a_a_testament_reborn_from_chinese_trans_teng_qian_xi_poem_4.txt,4.0
4233,jh_user_44,save,zang_di_little_spring_goddess_primer_from_chinese_trans_eleanor_goodman_poem_1.txt,4.0
4233,jh_user_31,save,valerie_mejer_caso_echo_from_spanish_trans_michelle_gilmontero_poem_1.txt,4.0
4233,jh_user_54,save,valerie_mejer_caso_echo_from_spanish_trans_michelle_gilmontero_poem_1.txt,4.0
4233,jh_user_51,save,szilárd_borbély_to_patience_from_hungarian_trans_ottilie_mulzet_poem_2.txt,4.0
4233,jh_user_94,save,zeynep-koylu_poems-of-leda.txt,4.0
4233,jh_user_43,save,ulrike_almut_sandig_being_stared_at_from_german_trans_bradley_schmidt_poem_3.txt,4.0
4233,jh_user_4,save,ulrike_almut_sandig_being_stared_at_from_german_trans_bradley_schmidt_poem_3.txt,4.0
4233,jh_user_21,save,sébastien_smirou_4_aleppo_from_french_trans_andrew_zawacki_poem_4.txt,4.0
4233,jh_user_83,save,shanzhai_pushkin.txt,4.0
4233,jh_user_79,save,zeynep-koylu_requiem.txt,4.0
4233,jh_user_53,save,sébastien_smirou_2_normandy_from_french_trans_andrew_zawacki_poem_2.txt,4.0
4233,jh_user_6,save,steven-j-fowler_worm-in-its-core.txt,4.0
4233,jh_user_72,save,yuri_andrukhovych_griffin_from_ukrainian_trans_john_hennessy_and_ostap_kin_poem_3.txt,4.0
4233,jh_user_89,save,sébastien_smirou_8_semantika_from_french_trans_andrew_zawacki_poem_8.txt,4.0
4233,jh_user_15,save,wingston_gonzález_psicobilly_the_unflight_i_from_spanish_trans_josé_garcía_escobar_poem_2.txt,4.0
4233,jh_user_90,save,signe_gjessing_33nbspnbsp_from_danish_trans_denise_newman_poem_9.txt,4.0
4233,jh_user_42,save,shanzhai_time.txt,4.0
4233,jh_user_41,save,thórdís_helgadóttir_windbeast_from_unknown_poem_3.txt,4.0
4233,jh_user_96,save,signe_gjessing_3411_from_danish_trans_denise_newman_poem_14.txt,4.0
4233,jh_user_38,save,ya_shi_brief_sentences_from_chinese_trans_nick_admussen_poem_5.txt,4.0
4233,jh_user_52,save,shanzhai_time.txt,4.0
4233,jh_user_95,save,yari_bernasconi_conversation_with_maria_a_fragment_from_italian_trans_v_penelope_pelizzon_poem_3.txt,4.0
4233,jh_user_75,save,xiao_shui_bridge_of_release_from_chinese_trans_judith_huang_poem_7.txt,4.0
4233,jh_user_4,save,yu_jian_i_saw_darknessnbsp_nbsp_nbsp_i_never_saw_a_crow_from_chinese_trans_shuyu_guo_poem_1.txt,4.0
4233,jh_user_8,save,tasos_leivaditis_the_musician_from_greek_trans_n_n_trakakis_poem_6.txt,4.0
4233,jh_user_14,save,shanzhai_loneliness.txt,4.0
4233,jh_user_47,save,yu_xuanji_to_guo_xiang_from_chinese_trans_leonard_ng_poem_1.txt,4.0
4233,jh_user_49,save,yu_xuanji_to_the_perfect_master_from_chinese_trans_leonard_ng_poem_6.txt,4.0
4233,jh_user_87,save,signe_gjessing_331nbspnbsp_from_danish_trans_denise_newman_poem_10.txt,4.0
4234,jh_user_98,save,signe_gjessing_3012_nbsp_from_danish_trans_denise_newman_poem_3.txt,4.0
4234,jh_user_41,save,sicilian_connection.txt,4.0
4234,jh_user_87,save,ye_mimi_the_more_car_the_more_far_from_chinese_trans_steve_bradbury_poem_1.txt,4.0
4234,jh_user_82,save,yi_won_year_2050poet_inventory_from_korean_trans_kevin_michael_smith_poem_3.txt,4.0
4234,jh_user_80,save,tomas_venclova_iii_from_lithuanian_trans_rimas_uzgiris_poem_4.txt,4.0
4234,jh_user_82,save,yi_won_tick_tick_tick_tick_from_korean_trans_e_j_koh_and_marci_calabretta_canciobello_poem_3.txt,4.0
4234,jh_user_55,save,signe_gjessing_32nbspnbspnbsp_from_danish_trans_denise_newman_poem_8.txt,4.0
4234,jh_user_57,save,shanzhai_reality.txt,4.0
4234,jh_user_3,save,ya_shi_the_moon_from_chinese_trans_nick_admussen_poem_2.txt,4.0
4234,jh_user_36,save,the_tempest_audiobook.txt,4.0
4234,jh_user_53,save,signe_gjessing_341nbsp_from_danish_trans_denise_newman_poem_13.txt,4.0
4234,jh_user_88,save,vasyl_makhno_in_paris_from_ukrainian_trans_olena_jennings_poem_2.txt,4.0
4234,jh_user_23,save,signe_gjessing_35111_nbsp_from_danish_trans_denise_newman_poem_18.txt,4.0
4234,jh_user_3,save,signe_gjessing_3511nbspnbspnbsp_from_danish_trans_denise_newman_poem_17.txt,4.0
4234,jh_user_20,save,stanislaw_borokowski_death_in_the_afternoon_from_german_trans_chris_michalski_poem_6.txt,4.0
4234,jh_user_88,save,xi_chuan_the_distance_from_chinese_trans_lucas_klein_poem_2.txt,4.0
4234,jh_user_3,save,thórdís_helgadóttir_windbeast_from_unknown_poem_3.txt,4.0
4234,jh_user_99,save,wingston_gonzález_psicobilly_the_unflight_i_from_spanish_trans_josé_garcía_escobar_poem_2.txt,4.0
4234,jh_user_76,save,wang_xiaoni_moonlight_no_3_from_chinese_trans_eleanor_goodman_poem_4.txt,4.0
4234,jh_user_2,save,ulrike_draesner_around_half_the_earth_from_german_trans_bernadette_geyer_poem_2.txt,4.0
4234,jh_user_19,save,sébastien_smirou_4_aleppo_from_french_trans_andrew_zawacki_poem_4.txt,4.0
4234,jh_user_43,save,zuzanna_ginczanka_grammar_from_polish_trans_alex_braslavsky_poem_2.txt,4.0
4234,jh_user_81,save,shanzhai_hurrah_humans.txt.txt,4.0
4234,jh_user_9,save,shanzhai_moving.txt,4.0
4235,jh_user_32,save,tan_chee_lay_a_the_birth_of_history_from_chinese_trans_teng_qian_xi_poem_1.txt,4.0
4235,jh_user_87,save,tahir_hamut_izgil_the_womens_prison_from_uyghur_trans_joshua_l_freeman_poem_1.txt,4.0
4235,jh_user_14,save,signe_gjessing_303nbsp_from_danish_trans_denise_newman_poem_5.txt,4.0
4235,jh_user_88,save,szilárd_borbély_to_material_rough_draft_from_hungarian_trans_ottilie_mulzet_poem_4.txt,4.0
4235,jh_user_87,save,yu_jian_i_saw_darknessnbsp_nbsp_nbsp_i_never_saw_a_crow_from_chinese_trans_shuyu_guo_poem_1.txt,4.0
4235,jh_user_30,save,tomas_venclova_ii_from_lithuanian_trans_rimas_uzgiris_poem_3.txt,4.0
4235,jh_user_86,save,vakis-loizides_microcosms.txt,4.0
4235,jh_user_86,save,shanzhai_time.txt,4.0
4235,jh_user_63,save,sicilian_connection.txt,4.0
4235,jh_user_53,save,zuzanna_ginczanka_fishing_from_polish_trans_alex_braslavsky_poem_7.txt,4.0
4235,jh_user_62,save,tan_chee_lay_a_the_birth_of_history_from_chinese_trans_teng_qian_xi_poem_1.txt,4.0
4235,jh_user_9,save,the_tempest_audiobook.txt,4.0
4235,jh_user_20,save,szilárd_borbély_to_patience_from_hungarian_trans_ottilie_mulzet_poem_2.txt,4.0
4235,jh_user_28,save,zabriskie_point.txt,4.0
4235,jh_user_93,save,signe_gjessing_3031nbsp_from_danish_trans_denise_newman_poem_6.txt,4.0
4235,jh_user_7,save,tan_chee_lay_iv_altering_constituencies_from_chinese_trans_teng_qian_xi_poem_4.txt,4.0
4235,jh_user_85,save,yu_xuanji_sent_to_zian_while_gazing_unhappily_into_the_distance_at_jiangling_from_chinese_trans_leonard_ng_poem_4.txt,4.0
4235,jh_user_66,save,taras_shevchenko_n_n_from_ukrainian_trans_daniel_moysaenko_poem_2.txt,4.0
4235,jh_user_18,save,stanislaw_borokowski_death_in_the_afternoon_from_german_trans_chris_michalski_poem_6.txt,4.0
4235,jh_user_35,save,signe_gjessing_381nbsp_from_danish_trans_denise_newman_poem_26.txt,4.0
4235,jh_user_30,save,taras_shevchenko_in_the_casemate_from_ukrainian_trans_daniel_moysaenko_poem_3.txt,4.0
4235,jh_user_5,save,tahir_hamut_izgil_the_distance_from_uyghur_trans_joshua_l_freeman_poem_3.txt,4.0
4235,jh_user_64,save,zuzanna_ginczanka_grammar_from_polish_trans_alex_braslavsky_poem_2.txt,4.0
4235,jh_user_48,save,sébastien_smirou_2_normandy_from_french_trans_andrew_zawacki_poem_2.txt,4.0
4235,jh_user_38,save,yvan_goll_deathchemistry_from_german_trans_donald_wellman_poem_1.txt,4.0
4236,jh_user_9,save,stanislaw_borokowski_death_in_the_afternoon_from_german_trans_chris_michalski_poem_6.txt,4.0
4236,jh_user_73,save,tasos_leivaditis_murder_from_greek_trans_n_n_trakakis_poem_1.txt,4.0
4236,jh_user_79,save,timur_kibirov_after_dorothy_sayers_from_russian_trans_jamie_olson_poem_3.txt,4.0
4236,jh_user_44,save,vakis-loizides_microcosms.txt,4.0
4236,jh_user_63,save,signe_gjessing_351nbsp_from_danish_trans_denise_newman_poem_16.txt,4.0
4236,jh_user_99,save,vicente_huidobro_i_from_spanish_trans_leijia_hanrahan_poem_1.txt,4.0
4236,jh_user_3,save,tomas_venclova_prehistory_from_lithuanian_trans_rimas_uzgiris_poem_1.txt,4.0
4236,jh_user_81,save,zang_di_blue_hourglass_from_chinese_trans_eleanor_goodman_poem_2.txt,4.0
4236,jh_user_7,save,yu_xuanji_sent_to_zian_while_gazing_unhappily_into_the_distance_at_jiangling_from_chinese_trans_leonard_ng_poem_4.txt,4.0
4236,jh_user_31,save,yu_xuanji_to_the_perfect_master_from_chinese_trans_leonard_ng_poem_6.txt,4.0
4236,jh_user_35,save,stesichorus_sack_of_troy_s107_helen_and_menelaus_from_ancient_trans_em_setzer_poem_5.txt,4.0
4236,jh_user_25,save,tomaž_šalamun_and_joshua_beckman_the_marquis_comes_and_breaks_the_fist_from_slovenian_trans_matthew_moore_and_tomaž_šalamun_and_joshua_beckman_poem_1.txt,4.0
4236,jh_user_20,save,signe_gjessing_35111_nbsp_from_danish_trans_denise_newman_poem_18.txt,4.0
4236,jh_user_83,save,shanzhai_shorts_metrage.txt,4.0
4236,jh_user_60,save,shrikant_verma_disillusionment_of_a_courtesan_from_the_time_of_the_buddha_from_hindi_trans_rahul_soni_poem_4.txt,4.0
4236,jh_user_27,save,ye_hui_the_fireflies_from_chinese_trans_dong_li_poem_1.txt,4.0
4236,jh_user_95,save,shanzhai_petite_maison.txt,4.0
4236,jh_user_68,save,ye_mimi_the_more_car_the_more_far_from_chinese_trans_steve_bradbury_poem_1.txt,4.0
4237,jh_user_88,save,signe_gjessing_33nbspnbsp_from_danish_trans_denise_newman_poem_9.txt,4.0
4237,jh_user_90,save,xi_chuan_poison_from_chinese_trans_lucas_klein_poem_3.txt,4.0
4237,jh_user_53,save,xi_chuan_the_distance_from_chinese_trans_lucas_klein_poem_2.txt,4.0
4237,jh_user_24,save,tan_chee_lay_n_nadirnirvana_from_chinese_trans_teng_qian_xi_poem_5.txt,4.0
4237,jh_user_21,save,signe_gjessing_31_from_danish_trans_denise_newman_poem_7.txt,4.0
4237,jh_user_36,save,xiao_shui_cultural_garden_from_chinese_trans_judith_huang_poem_1.txt,4.0
4237,jh_user_22,save,ye_mimi_the_more_car_the_more_far_from_chinese_trans_steve_bradbury_poem_1.txt,4.0
4237,jh_user_4,save,tahir_hamut_izgil_sitting_in_the_sun_from_uyghur_trans_joshua_l_freeman_poem_3.txt,4.0
4237,jh_user_32,save,tahir_hamut_izgil_the_border_from_uyghur_trans_joshua_l_freeman_poem_2.txt,4.0
4237,jh_user_35,save,taras_shevchenko_untitled_1_from_ukrainian_trans_daniel_moysaenko_poem_1.txt,
4237,jh_user_98,save,tasos_leivaditis_murder_from_greek_trans_n_n_trakakis_poem_1.txt,4.0
4237,jh_user_61,save,tomas_venclova_i_from_lithuanian_trans_rimas_uzgiris_poem_2.txt,4.0
4237,jh_user_60,save,constantine_p_cavafy_returning_home_from_greece_from_greek_trans_george_economou_poem_2.txt,4.0
4237,jh_user_33,save,sébastien_smirou_5_guillaume_from_french_trans_andrew_zawacki_poem_5.txt,4.0
4237,jh_user_19,save,tomas_venclova_iii_colle_aventino_from_lithuanian_trans_rimas_uzgiris_poem_14.txt,4.0
4237,jh_user_96,save,şükrü_erbaş_light_syllables_from_turkish_trans_derick_mattern_poem_3.txt,4.0
4237,jh_user_65,save,zeynep-koylu_poems-of-leda.txt,4.0
4237,jh_user_4,save,tomaž_šalamun_and_joshua_beckman_alexandra_from_slovenian_trans_matthew_moore_and_tomaž_šalamun_and_joshua_beckman_poem_2.txt,4.0
4237,jh_user_4,save,víctor_rodríguez_núñez_nbsp_nbsp_nbsp_nbsp_nbsp_nbsp_nbsp_nbsp_nbsp_nbsp_nbsp_nbsp_nbsp_nbsp_nbsp_nbsp_nbsp_nbsp_nbsp_nbsp_nbsp_nbsp10_from_spanish_trans_katherine_m_hedeen_poem_3.txt,4.0
4237,jh_user_58,save,siranuysh_ohanyan_at_night_before_i_went_to_sleep_i_looked_at_the_moon_from_armenian_trans_antranik_cassem_poem_3.txt,4.0
4237,jh_user_65,save,signe_gjessing_39_from_danish_trans_denise_newman_poem_28.txt,4.0
4237,jh_user_13,save,toast_coetzer_anene_booysen_from_afrikaans_trans_toast_coetzer_poem_3.txt,4.0
4237,jh_user_30,save,toast_coetzer_anene_booysen_from_afrikaans_trans_toast_coetzer_poem_3.txt,4.0
4237,jh_user_44,save,yi_won_morgue_from_korean_trans_kevin_michael_smith_poem_1.txt,4.0
4237,jh_user_88,save,shanzhai_shorts_metrage.txt,4.0
4237,jh_user_68,save,stanislaw_borokowski_religion_lesson_from_german_trans_chris_michalski_poem_4.txt,4.0
4237,jh_user_33,save,violeta_savu_he_didnt_love_me_from_unknown_poem_1.txt,4.0
4238,jh_user_54,save,violeta_savu_he_didnt_love_me_from_unknown_poem_1.txt,4.0
4238,jh_user_77,save,yu_xuanji_sent_to_zian_while_gazing_unhappily_into_the_distance_at_jiangling_from_chinese_trans_leonard_ng_poem_4.txt,4.0
4238,jh_user_38,save,tomaž_šalamun_and_joshua_beckman_niania_ma_dit_cochon_from_slovenian_trans_michael_thomas_taren_and_tomaž_šalamun_and_joshua_beckman_poem_3.txt,4.0
4238,jh_user_6,save,signe_gjessing_341nbsp_from_danish_trans_denise_newman_poem_13.txt,4.0
4238,jh_user_98,save,shrikant_verma_disillusionment_of_a_courtesan_from_the_time_of_the_buddha_from_hindi_trans_rahul_soni_poem_4.txt,4.0
4238,jh_user_9,save,stesichorus_geryoneis_s7_eurytion_was_born_from_ancient_trans_em_setzer_poem_1.txt,4.0
4238,jh_user_49,save,yu_xuanji_visiting_master_zhao_and_not_finding_him_from_chinese_trans_leonard_ng_poem_3.txt,4.0
4238,jh_user_22,save,tomas_venclova_iii_from_lithuanian_trans_rimas_uzgiris_poem_9.txt,
4238,jh_user_72,save,ye_mimi_the_more_car_the_more_far_from_chinese_trans_steve_bradbury_poem_1.txt,4.0
4238,jh_user_65,save,vicente_huidobro_i_from_spanish_trans_leijia_hanrahan_poem_1.txt,4.0
4238,jh_user_18,save,xiao_kaiyu_mao_zedong_from_chinese_trans_christopher_lupke_poem_2.txt,4.0
4238,jh_user_51,save,veronique_bergen_trans_margento_wolves.txt,4.0
4238,jh_user_31,save,veronique_bergen_trans_margento_wolves.txt,4.0
4238,jh_user_10,save,tomaž_šalamun_and_joshua_beckman_niania_ma_dit_cochon_from_slovenian_trans_michael_thomas_taren_and_tomaž_šalamun_and_joshua_beckman_poem_3.txt,4.0
4238,jh_user_53,save,vasyl_makhno_the_one_from_ukrainian_trans_olena_jennings_poem_1.txt,4.0
4238,jh_user_44,save,shuzo_takiguchi_max_ernst_from_japanese_trans_yuki_tanaka_and_mary_jo_bang_poem_2.txt,4.0
4238,jh_user_89,save,signe_gjessing_341nbsp_from_danish_trans_denise_newman_poem_13.txt,4.0
4238,jh_user_52,save,signe_gjessing_35111_nbsp_from_danish_trans_denise_newman_poem_18.txt,4.0
4238,jh_user_74,save,szilárd_borbély_to_trust_from_hungarian_trans_ottilie_mulzet_poem_3.txt,4.0
4238,jh_user_101,save,yu_jian_i_have_lost_that_sadness_from_chinese_trans_shuyu_guo_poem_2.txt,4.0
4238,jh_user_97,save,yoshihara_sachiko_from_radiances_1995_from_japanese_trans_james_garza_poem_2.txt,4.0
4238,jh_user_96,save,yoshihara_sachiko_from_radiances_1995_from_japanese_trans_james_garza_poem_2.txt,4.0
4238,jh_user_20,save,ulrike_draesner_around_half_the_earth_from_german_trans_bernadette_geyer_poem_2.txt,4.0
4238,jh_user_11,save,signe_gjessing_3012_nbsp_from_danish_trans_denise_newman_poem_3.txt,4.0
4238,jh_user_14,save,sébastien_smirou_5_guillaume_from_french_trans_andrew_zawacki_poem_5.txt,4.0
4238,jh_user_78,save,signe_gjessing_381nbsp_from_danish_trans_denise_newman_poem_26.txt,4.0
4238,jh_user_77,save,shanzhai_hows_it.txt,4.0
4239,jh_user_92,save,valerie_mejer_caso_sixth_movement_transfigured_night_from_spanish_trans_michelle_gilmontero_poem_4.txt,4.0
4239,jh_user_9,save,yuri_andrukhovych_the_unicorn_from_ukrainian_trans_john_hennessy_and_ostap_kin_poem_1.txt,4.0
4239,jh_user_10,save,sébastien_smirou_8_semantika_from_french_trans_andrew_zawacki_poem_8.txt,4.0
4239,jh_user_13,save,zhu_zhu_on_reading_mrs_mandelstams_memoirnbsp_from_chinese_trans_dong_li_poem_1.txt,4.0
4239,jh_user_22,save,xi_chuan_the_distance_from_chinese_trans_lucas_klein_poem_2.txt,4.0
4239,jh_user_71,save,the_messenger.txt,4.0
4239,jh_user_92,save,signe_gjessing_312111nbspnbsp_from_danish_trans_denise_newman_poem_36.txt,4.0
4239,jh_user_67,save,stanislaw_borokowski_death_in_the_afternoon_from_german_trans_chris_michalski_poem_6.txt,4.0
4239,jh_user_40,save,tomaž_šalamun_and_joshua_beckman_the_marquis_comes_and_breaks_the_fist_from_slovenian_trans_matthew_moore_and_tomaž_šalamun_and_joshua_beckman_poem_1.txt,4.0
4239,jh_user_53,save,yu_xuanji_to_the_perfect_master_from_chinese_trans_leonard_ng_poem_6.txt,4.0
4239,jh_user_95,save,yari_bernasconi_on_the_train_to_zurich_from_italian_trans_v_penelope_pelizzon_poem_4.txt,4.0
4239,jh_user_77,save,sébastien_smirou_4_aleppo_from_french_trans_andrew_zawacki_poem_4.txt,4.0
4239,jh_user_68,save,zhu_zhu_florence_from_chinese_trans_dong_li_poem_2.txt,4.0
4239,jh_user_31,save,stanislaw_borokowski_sailors_dying_of_scurvy_from_german_trans_chris_michalski_poem_5.txt,4.0
4239,jh_user_25,save,signe_gjessing_3031nbsp_from_danish_trans_denise_newman_poem_6.txt,4.0
4239,jh_user_43,save,signe_gjessing_371_from_danish_trans_denise_newman_poem_22.txt,4.0
4239,jh_user_17,save,signe_gjessing_303nbsp_from_danish_trans_denise_newman_poem_5.txt,4.0
4239,jh_user_89,save,stanislaw_borokowski_religion_lesson_from_german_trans_chris_michalski_poem_4.txt,4.0
4239,jh_user_16,save,ulrike_almut_sandig_being_stared_at_from_german_trans_bradley_schmidt_poem_3.txt,4.0
4239,jh_user_51,save,siranuysh_ohanyan_the_clouds_are_melting_about_you_from_armenian_trans_antranik_cassem_poem_4.txt,4.0
4239,jh_user_42,save,siranuysh_ohanyan_the_clouds_are_melting_about_you_from_armenian_trans_antranik_cassem_poem_4.txt,4.0
4239,jh_user_18,save,vakis-loizides_interview.txt,4.0
4239,jh_user_58,save,szilárd_borbély_xvi_from_hungarian_trans_ottilie_mulzet_poem_1.txt,4.0
4239,jh_user_16,save,zhu_zhu_the_tale_of_two_cities_from_chinese_trans_dong_li_poem_4.txt,4.0
4239,jh_user_97,save,víctor_rodríguez_núñez_nbsp_nbsp_nbsp_nbsp_nbsp_nbsp_nbsp_nbsp_nbsp_nbsp_nbsp_nbsp_nbsp_nbsp_nbsp_nbsp_nbsp_nbsp_nbsp_nbsp_nbsp_nbsp10_from_spanish_trans_katherine_m_hedeen_poem_3.txt,4.0
4239,jh_user_23,save,shuzo_takiguchi_max_ernst_from_japanese_trans_yuki_tanaka_and_mary_jo_bang_poem_2.txt,4.0
4239,jh_user_9,save,shanzhai_live.txt,4.0
4239,jh_user_60,save,shanzhai_pushkin.txt,4.0
4239,jh_user_29,save,tomas_venclova_i_piazza_mattei_from_lithuanian_trans_rimas_uzgiris_poem_12.txt,4.0
4239,jh_user_91,save,valerie_mejer_caso_echo_from_spanish_trans_michelle_gilmontero_poem_1.txt,4.0
4239,jh_user_98,save,signe_gjessing_3nbsp_from_danish_trans_denise_newman_poem_1.txt,4.0
4239,jh_user_5,save,vakis-loizides_microcosms.txt,4.0
4239,jh_user_7,save,tomas_venclova_three_imperfect_sonnets_from_lithuanian_trans_rimas_uzgiris_poem_11.txt,4.0
4240,jh_user_45,save,sébastien_smirou_7_cindy_from_french_trans_andrew_zawacki_poem_7.txt,4.0
4240,jh_user_3,save,yang_mu_rabbits_from_chinese_trans_michelle_yeh_and_arthur_sze_poem_2.txt,4.0
4240,jh_user_27,save,the_duel.txt,4.0
4240,jh_user_54,save,signe_gjessing_3711nbsp_from_danish_trans_denise_newman_poem_23.txt,4.0
4240,jh_user_42,save,signe_gjessing_371_from_danish_trans_denise_newman_poem_22.txt,4.0
4240,jh_user_5,save,shanzhai_right.txt,4.0
4240,jh_user_17,save,signe_gjessing_371_from_danish_trans_denise_newman_poem_22.txt,4.0
4240,jh_user_58,save,ya_shi_fragment_from_chinese_trans_nick_admussen_poem_1.txt,4.0
4240,jh_user_94,save,tóroddur_poulsen_to_eat_the_angels_from_faroese_trans_randi_ward_poem_2.txt,4.0
4240,jh_user_61,save,tahir_hamut_izgil_sitting_in_the_sun_from_uyghur_trans_joshua_l_freeman_poem_3.txt,4.0
4240,jh_user_22,save,yvan_goll_deathchemistry_from_german_trans_donald_wellman_poem_1.txt,4.0
4240,jh_user_68,save,yury_milorava_untitled_1_from_russian_trans_anna_halberstadt_poem_1.txt,4.0
4240,jh_user_34,save,yi_lu_look_at_the_sunset_from_chinese_trans_fiona_szelorrain_poem_1.txt,4.0
4240,jh_user_69,save,yari_bernasconi_conversation_with_maria_a_fragment_from_italian_trans_v_penelope_pelizzon_poem_3.txt,4.0
4240,jh_user_84,save,tomaž_šalamun_and_joshua_beckman_niania_ma_dit_cochon_from_slovenian_trans_michael_thomas_taren_and_tomaž_šalamun_and_joshua_beckman_poem_3.txt,4.0
4240,jh_user_68,save,signe_gjessing_39_from_danish_trans_denise_newman_poem_28.txt,4.0
4240,jh_user_16,save,ye_hui_the_fireflies_from_chinese_trans_dong_li_poem_1.txt,4.0
4240,jh_user_98,save,tomas_venclova_ii_from_lithuanian_trans_rimas_uzgiris_poem_3.txt,4.0
4240,jh_user_9,save,ya_shi_waking_in_the_night_flipping_the_light_on_the_switch_is_a_bit_cold_from_chinese_trans_nick_admussen_poem_4.txt,4.0
4240,jh_user_88,save,shanzhai_right.txt,4.0
4240,jh_user_45,save,xiao_kaiyu_mao_zedong_from_chinese_trans_christopher_lupke_poem_2.txt,4.0
4240,jh_user_68,save,yi_won_morgue_from_korean_trans_kevin_michael_smith_poem_1.txt,4.0
4240,jh_user_33,save,şükrü_erbaş_delay_from_turkish_trans_derick_mattern_poem_1.txt,4.0
4241,jh_user_21,save,tóroddur_poulsen_gods_lamb_from_faroese_trans_randi_ward_poem_1.txt,
4241,jh_user_43,save,yaryna_chornohuz_night_friend_and_foe_from_ukrainian_trans_ostap_kin_and_kate_tsurkan_poem_2.txt,4.0
4241,jh_user_83,save,yury_milorava_untitled_1_from_russian_trans_anna_halberstadt_poem_1.txt,4.0
4241,jh_user_11,save,vicente_huidobro_iii_from_spanish_trans_leijia_hanrahan_poem_3.txt,4.0
4241,jh_user_95,save,ulrike_draesner_around_half_the_earth_from_german_trans_bernadette_geyer_poem_2.txt,4.0
4241,jh_user_72,save,yang_lian_dead_sea_from_chinese_trans_brian_holton_poem_1.txt,4.0
4241,jh_user_36,save,wingston_gonzález_so_my_kimera_black_faviola_from_spanish_trans_josé_garcía_escobar_poem_1.txt,4.0
4241,jh_user_49,save,sylvia_geist_chromium_from_german_trans_catherine_hales_poem_3.txt,4.0
4241,jh_user_14,save,ya_shi_waking_in_the_night_flipping_the_light_on_the_switch_is_a_bit_cold_from_chinese_trans_nick_admussen_poem_4.txt,4.0
4241,jh_user_38,save,zang_di_blue_hourglass_from_chinese_trans_eleanor_goodman_poem_2.txt,4.0
4241,jh_user_6,save,shanzhai_hows_it.txt,4.0
4241,jh_user_89,save,tan_chee_lay_iii_election_night_from_chinese_trans_teng_qian_xi_poem_3.txt,4.0
4241,jh_user_15,save,thomas-antonic_work-in-excess_part2.txt,4.0
4241,jh_user_40,save,yang_mu_the_star_is_the_only_guide_from_chinese_trans_michelle_yeh_and_arthur_sze_poem_1.txt,4.0
4241,jh_user_28,save,vasyl_makhno_in_paris_from_ukrainian_trans_olena_jennings_poem_2.txt,4.0
4241,jh_user_41,save,zhu_zhu_florence_from_chinese_trans_dong_li_poem_2.txt,4.0
4241,jh_user_38,save,xiao_kaiyu_mao_zedong_from_chinese_trans_christopher_lupke_poem_2.txt,4.0
4241,jh_user_76,save,vasyl_makhno_the_one_from_ukrainian_trans_olena_jennings_poem_1.txt,4.0
4241,jh_user_18,save,ya_shi_the_moon_from_chinese_trans_nick_admussen_poem_2.txt,4.0
4241,jh_user_21,save,álvaro_fausto_taruma_confessionary_from_portuguese_trans_grant_schutzman_poem_1.txt,4.0
4241,jh_user_8,save,ye_hui_in_the_countryside_from_chinese_trans_dong_li_poem_3.txt,4.0
4241,jh_user_83,save,sylvia_geist_neon_from_german_trans_catherine_hales_poem_1.txt,4.0
4241,jh_user_92,save,shuzo_takiguchi_salvador_dalí_from_japanese_trans_yuki_tanaka_and_mary_jo_bang_poem_1.txt,4.0
4241,jh_user_5,save,yari_bernasconi_on_the_train_to_zurich_from_italian_trans_v_penelope_pelizzon_poem_4.txt,4.0
4241,jh_user_61,save,szilárd_borbély_to_material_rough_draft_from_hungarian_trans_ottilie_mulzet_poem_4.txt,4.0
4241,jh_user_19,save,taras_shevchenko_in_the_casemate_from_ukrainian_trans_daniel_moysaenko_poem_3.txt,4.0
4242,jh_user_7,save,wingston_gonzález_so_my_kimera_black_faviola_from_spanish_trans_josé_garcía_escobar_poem_1.txt,4.0
4242,jh_user_74,save,shuntaro_tanikawa_3_nbsphomecoming_from_japanese_trans_martin_rock_poem_3.txt,
4242,jh_user_2,save,shanzhai_light.txt,4.0
4242,jh_user_50,save,signe_gjessing_302nbsp_from_danish_trans_denise_newman_poem_4.txt,4.0
4242,jh_user_36,save,tedi_lópez_mills_h_from_spanish_trans_wendy_burk_poem_1.txt,4.0
4242,jh_user_7,save,zhu_zhu_the_tale_of_two_cities_from_chinese_trans_dong_li_poem_4.txt,4.0
4242,jh_user_44,save,tedi_lópez_mills_h_from_spanish_trans_wendy_burk_poem_1.txt,4.0
4242,jh_user_84,save,signe_gjessing_3nbsp_from_danish_trans_denise_newman_poem_1.txt,4.0
4242,jh_user_32,save,signe_gjessing_39_from_danish_trans_denise_newman_poem_28.txt,4.0
4242,jh_user_38,save,shuntaro_tanikawa_10_nbspunknown_person_from_japanese_trans_martin_rock_poem_4.txt,4.0
4242,jh_user_41,save,signe_gjessing_37nbspnbsp_from_danish_trans_denise_newman_poem_21.txt,4.0
4242,jh_user_76,save,signe_gjessing_35111_nbsp_from_danish_trans_denise_newman_poem_18.txt,4.0
4242,jh_user_41,save,signe_gjessing_392nbsp_from_danish_trans_denise_newman_poem_30.txt,4.0
4242,jh_user_44,save,thomas-antonic_work-in-excess_part2.txt,4.0
4242,jh_user_50,save,tahir_hamut_izgil_sitting_in_the_sun_from_uyghur_trans_joshua_l_freeman_poem_3.txt,4.0
4242,jh_user_60,save,shanzhai_wild_flowers.txt,4.0
4242,jh_user_86,save,yang_mu_waters_edge_from_chinese_trans_michelle_yeh_and_arthur_sze_poem_3.txt,4.0
4242,jh_user_43,save,yi_won_morgue_from_korean_trans_kevin_michael_smith_poem_1.txt,4.0
4242,jh_user_13,save,yaryna_chornohuz_too_red_a_spot_from_ukrainian_trans_ostap_kin_and_kate_tsurkan_poem_1.txt,4.0
4242,jh_user_78,save,signe_gjessing_392nbsp_from_danish_trans_denise_newman_poem_30.txt,4.0
4242,jh_user_101,save,tóroddur_poulsen_to_eat_the_angels_from_faroese_trans_randi_ward_poem_2.txt,4.0
4242,jh_user_79,save,tristan_tzara_civil_war_song_from_french_trans_heather_green_poem_2.txt,4.0
4242,jh_user_44,save,álvaro_fausto_taruma_nbspuntitled_from_portuguese_trans_grant_schutzman_poem_3.txt,
4242,jh_user_4,save,siranuysh_ohanyan_the_clouds_are_melting_about_you_from_armenian_trans_antranik_cassem_poem_4.txt,4.0
4242,jh_user_51,save,stanislaw_borokowski_religion_lesson_from_german_trans_chris_michalski_poem_4.txt,4.0
4242,jh_user_7,save,vicente_huidobro_ii_from_spanish_trans_leijia_hanrahan_poem_2.txt,4.0
4242,jh_user_12,save,szilárd_borbély_to_material_rough_draft_from_hungarian_trans_ottilie_mulzet_poem_4.txt,4.0
4242,jh_user_26,save,stesichorus_sack_of_troy_s88_col_ii_the_debate_from_ancient_trans_em_setzer_poem_4.txt,4.0
4242,jh_user_43,save,sun_tzuping_loving_underground_carparks_from_chinese_trans_nicholas_wong_poem_3.txt,4.0
4242,jh_user_40,save,ulrike_draesner_wolf_from_german_trans_bernadette_geyer_poem_3.txt,4.0
4242,jh_user_14,save,zuzanna_ginczanka_virginity_from_polish_trans_alex_braslavsky_poem_5.txt,4.0
4242,jh_user_3,save,vasyl_makhno_the_one_from_ukrainian_trans_olena_jennings_poem_1.txt,4.0
4242,jh_user_43,save,vasyl_makhno_in_paris_from_ukrainian_trans_olena_jennings_poem_2.txt,4.0
4243,jh_user_95,save,yaryna_chornohuz_too_red_a_spot_from_ukrainian_trans_ostap_kin_and_kate_tsurkan_poem_1.txt,4.0
4243,jh_user_22,save,yu_xuanji_visiting_master_zhao_and_not_finding_him_from_chinese_trans_leonard_ng_poem_3.txt,4.0
4243,jh_user_94,save,signe_gjessing_381nbsp_from_danish_trans_denise_newman_poem_26.txt,4.0
4243,jh_user_84,save,tedi_lópez_mills_h_from_spanish_trans_wendy_burk_poem_1.txt,4.0
4243,jh_user_89,save,signe_gjessing_3711nbsp_from_danish_trans_denise_newman_poem_23.txt,4.0
4243,jh_user_99,save,tomas_venclova_prehistory_from_lithuanian_trans_rimas_uzgiris_poem_1.txt,4.0
4243,jh_user_94,save,tsvetanka-elenkova_crown-or-roots.txt,4.0
4243,jh_user_46,save,zang_di_blue_hourglass_from_chinese_trans_eleanor_goodman_poem_2.txt,4.0
4243,jh_user_35,save,tomas_venclova_prehistory_from_lithuanian_trans_rimas_uzgiris_poem_1.txt,4.0
4243,jh_user_45,save,various_aztec_authors_vi_another_song_in_the_chalcan_style_from_náhuatl_trans_david_bowles_poem_2.txt,4.0
4243,jh_user_60,save,tomas_venclova_iv_from_lithuanian_trans_rimas_uzgiris_poem_5.txt,4.0
4243,jh_user_10,save,vakis-loizides_interview.txt,4.0
4243,jh_user_55,save,constantine_p_cavafy_returning_home_from_greece_from_greek_trans_george_economou_poem_2.txt,4.0
4243,jh_user_2,save,zuzanna_ginczanka_fishing_from_polish_trans_alex_braslavsky_poem_7.txt,4.0
4243,jh_user_84,save,szilárd_borbély_xvi_from_hungarian_trans_ottilie_mulzet_poem_1.txt,4.0
4243,jh_user_79,save,shanzhai_shorts_metrage.txt,4.0
4243,jh_user_4,save,szilárd_borbély_to_material_rough_draft_from_hungarian_trans_ottilie_mulzet_poem_4.txt,4.0
4243,jh_user_53,save,şükrü_erbaş_light_syllables_from_turkish_trans_derick_mattern_poem_3.txt,4.0
4243,jh_user_19,save,shanzhai_reflect.txt,4.0
4243,jh_user_18,save,sébastien_smirou_3_bernice_from_french_trans_andrew_zawacki_poem_3.txt,4.0
4243,jh_user_92,save,zhu_zhu_on_reading_mrs_mandelstams_memoirnbsp_from_chinese_trans_dong_li_poem_1.txt,4.0
4243,jh_user_86,save,tan_chee_lay_n_nadirnirvana_from_chinese_trans_teng_qian_xi_poem_5.txt,4.0
4243,jh_user_32,save,xiao_shui_bridge_of_release_from_chinese_trans_judith_huang_poem_7.txt,4.0
4243,jh_user_70,save,sébastien_smirou_3_bernice_from_french_trans_andrew_zawacki_poem_3.txt,4.0
4243,jh_user_38,save,shuzo_takiguchi_salvador_dalí_from_japanese_trans_yuki_tanaka_and_mary_jo_bang_poem_1.txt,4.0
4243,jh_user_73,save,ya_shi_waking_in_the_night_flipping_the_light_on_the_switch_is_a_bit_cold_from_chinese_trans_nick_admussen_poem_4.txt,4.0
4243,jh_user_56,save,tomaž_šalamun_and_joshua_beckman_niania_ma_dit_cochon_from_slovenian_trans_michael_thomas_taren_and_tomaž_šalamun_and_joshua_beckman_poem_3.txt,4.0
4243,jh_user_25,save,signe_gjessing_39_from_danish_trans_denise_newman_poem_28.txt,4.0
4243,jh_user_81,save,summer_affair.txt,4.0
4244,jh_user_17,save,shrikant_verma_disillusionment_of_a_courtesan_from_the_time_of_the_buddha_from_hindi_trans_rahul_soni_poem_4.txt,4.0
4244,jh_user_75,save,thórdís_helgadóttir_windbeast_from_unknown_poem_3.txt,4.0
4244,jh_user_71,save,stesichorus_geryoneis_s7_eurytion_was_born_from_ancient_trans_em_setzer_poem_1.txt,4.0
4244,jh_user_95,save,shrikant_verma_disillusionment_of_a_courtesan_from_the_time_of_the_buddha_from_hindi_trans_rahul_soni_poem_4.txt,4.0
4244,jh_user_84,save,tahir_hamut_izgil_untitled_4_from_uyghur_trans_joshua_l_freeman_poem_4.txt,4.0
4244,jh_user_53,save,sébastien_smirou_3_bernice_from_french_trans_andrew_zawacki_poem_3.txt,4.0
4244,jh_user_45,save,víctor_rodríguez_núñez_nbsp_nbsp_nbsp_nbsp_nbsp_nbsp_nbsp_nbsp_nbsp_nbsp_nbsp_nbsp_nbsp_nbsp_nbsp_nbsp_nbsp_nbsp_nbsp_nbsp_nbsp_nbsp10_from_spanish_trans_katherine_m_hedeen_poem_3.txt,4.0
4244,jh_user_44,save,the_duel.txt,4.0
4244,jh_user_5,save,ulrike_draesner_wolf_from_german_trans_bernadette_geyer_poem_3.txt,4.0
4244,jh_user_52,save,yvan_goll_deathchemistry_from_german_trans_donald_wellman_poem_1.txt,4.0
4244,jh_user_81,save,yury_milorava_untitled_1_from_russian_trans_anna_halberstadt_poem_1.txt,4.0
4244,jh_user_5,save,signe_gjessing_302nbsp_from_danish_trans_denise_newman_poem_4.txt,4.0
4244,jh_user_87,save,teemu-manninen_the-great-horned-owl.txt,4.0
4244,jh_user_92,save,tomas_venclova_iv_from_lithuanian_trans_rimas_uzgiris_poem_10.txt,
4244,jh_user_61,save,taras_shevchenko_will_and_testament_from_ukrainian_trans_daniel_moysaenko_poem_5.txt,
4244,jh_user_87,save,yvan_goll_deathchemistry_from_german_trans_donald_wellman_poem_1.txt,4.0
4244,jh_user_38,save,tomas_venclova_iii_colle_aventino_from_lithuanian_trans_rimas_uzgiris_poem_14.txt,4.0
4244,jh_user_46,save,signe_gjessing_3411_from_danish_trans_denise_newman_poem_14.txt,4.0
4245,jh_user_37,save,vakis-loizides_microcosms.txt,4.0
4245,jh_user_82,save,signe_gjessing_31_from_danish_trans_denise_newman_poem_7.txt,4.0
4245,jh_user_36,save,yaryna_chornohuz_about_the_truth_from_ukrainian_trans_ostap_kin_and_kate_tsurkan_poem_3.txt,
4245,jh_user_71,save,tomas_venclova_ii_from_lithuanian_trans_rimas_uzgiris_poem_8.txt,
4245,jh_user_7,save,xiao_shui_sadhu_life_from_chinese_trans_judith_huang_poem_2.txt,
4245,jh_user_10,save,tasos_leivaditis_murder_from_greek_trans_n_n_trakakis_poem_1.txt,4.0
4245,jh_user_1,save,yang_mu_rabbits_from_chinese_trans_michelle_yeh_and_arthur_sze_poem_2.txt,4.0
4245,jh_user_82,save,tasos_leivaditis_futile_road_from_greek_trans_n_n_trakakis_poem_4.txt,
4245,jh_user_82,save,yoshihara_sachiko_from_radiances_1995_from_japanese_trans_james_garza_poem_2.txt,4.0
4245,jh_user_82,save,tasos_leivaditis_transfiguration_from_greek_trans_n_n_trakakis_poem_5.txt,4.0
4245,jh_user_24,save,shanzhai_live.txt,4.0
4245,jh_user_49,save,signe_gjessing_302nbsp_from_danish_trans_denise_newman_poem_4.txt,4.0
4245,jh_user_19,save,sébastien_smirou_8_semantika_from_french_trans_andrew_zawacki_poem_8.txt,4.0
4245,jh_user_3,save,vladimir-durisic_love-song-of-j-alfred-hitschawk.txt,
4245,jh_user_28,save,sylvia_geist_neon_from_german_trans_catherine_hales_poem_1.txt,4.0
4245,jh_user_76,save,verheggen_portrait_trans_taylor.txt,4.0
4245,jh_user_1,save,wolfgang_cordan_remembrance_from_german_trans_klein_voorhees_poem_1.txt,4.0
4245,jh_user_57,save,sylvia_geist_chromium_from_german_trans_catherine_hales_poem_3.txt,4.0
4245,jh_user_64,save,the_messenger.txt,4.0
4245,jh_user_54,save,stanislaw_borokowski_religion_lesson_from_german_trans_chris_michalski_poem_4.txt,4.0
4245,jh_user_68,save,taras_shevchenko_untitled_1_from_ukrainian_trans_daniel_moysaenko_poem_1.txt,
4245,jh_user_29,save,signe_gjessing_382_from_danish_trans_denise_newman_poem_27.txt,
4245,jh_user_68,save,zeynep-koylu_poems-of-leda.txt,4.0
4246,jh_user_35,save,shanzhai_hurrah_humans.txt.txt,4.0
4246,jh_user_43,save,uljana_wolf_guest_room_from_german_trans_greg_nissan_poem_4.txt,4.0
4246,jh_user_76,save,zhu_zhu_florence_from_chinese_trans_dong_li_poem_2.txt,4.0
4246,jh_user_72,save,uljana_wolf_guest_room_from_german_trans_greg_nissan_poem_4.txt,4.0
4246,jh_user_24,save,sun_tzuping_loving_underground_carparks_from_chinese_trans_nicholas_wong_poem_3.txt,4.0
4246,jh_user_69,save,tahir_hamut_izgil_untitled_4_from_uyghur_trans_joshua_l_freeman_poem_4.txt,4.0
4246,jh_user_66,save,soumitra_mohan_and_from_hindi_trans_samartha_vashishtha_and_shailendra_shail_poem_1.txt,
4246,jh_user_32,save,signe_gjessing_3711nbsp_from_danish_trans_denise_newman_poem_23.txt,4.0
4246,jh_user_85,save,vicente_huidobro_ii_from_spanish_trans_leijia_hanrahan_poem_2.txt,4.0
4246,jh_user_99,save,zuzanna_ginczanka_virginity_from_polish_trans_alex_braslavsky_poem_5.txt,4.0
4246,jh_user_47,save,wolfgang_cordan_remembrance_from_german_trans_klein_voorhees_poem_1.txt,4.0
4246,jh_user_73,save,signe_gjessing_37nbspnbsp_from_danish_trans_denise_newman_poem_21.txt,4.0
4246,jh_user_28,save,yi_lu_look_at_the_sunset_from_chinese_trans_fiona_szelorrain_poem_1.txt,4.0
4246,jh_user_74,save,tomas_venclova_iii_from_lithuanian_trans_rimas_uzgiris_poem_4.txt,4.0
4246,jh_user_59,save,shanzhai_someday.txt,4.0
4246,jh_user_73,save,shanzhai_sheep.txt,
4246,jh_user_80,save,shanzhai_wild_flowers.txt,4.0
4247,jh_user_68,save,signe_gjessing_32nbspnbspnbsp_from_danish_trans_denise_newman_poem_8.txt,4.0
4247,jh_user_62,save,signe_gjessing_3411_from_danish_trans_denise_newman_poem_14.txt,4.0
4247,jh_user_29,save,ya_shi_fragment_from_chinese_trans_nick_admussen_poem_1.txt,4.0
4247,jh_user_64,save,sun_tzuping_loving_underground_carparks_from_chinese_trans_nicholas_wong_poem_3.txt,4.0
4247,jh_user_22,save,álvaro_fausto_taruma_confessionary_from_portuguese_trans_grant_schutzman_poem_1.txt,4.0
4247,jh_user_83,save,tasos_leivaditis_transfiguration_from_greek_trans_n_n_trakakis_poem_5.txt,4.0
4247,jh_user_20,save,tomas_venclova_three_imperfect_sonnets_from_lithuanian_trans_rimas_uzgiris_poem_11.txt,4.0
4247,jh_user_8,save,shanzhai_pushkin.txt,4.0
4247,jh_user_45,save,ya_shi_fragment_from_chinese_trans_nick_admussen_poem_1.txt,4.0
4247,jh_user_93,save,álvaro_fausto_taruma_confessionary_from_portuguese_trans_grant_schutzman_poem_1.txt,4.0
4247,jh_user_89,save,vakis-loizides_microcosms.txt,4.0
4247,jh_user_84,save,xi_chuan_poison_from_chinese_trans_lucas_klein_poem_3.txt,4.0
4247,jh_user_68,save,signe_gjessing_31211_from_danish_trans_denise_newman_poem_35.txt,4.0
4247,jh_user_59,save,tristan_tzara_civil_war_song_from_french_trans_heather_green_poem_2.txt,4.0
4247,jh_user_30,save,zuzanna_ginczanka_virginity_from_polish_trans_alex_braslavsky_poem_5.txt,4.0
4247,jh_user_35,save,signe_gjessing_302nbsp_from_danish_trans_denise_newman_poem_4.txt,4.0
4247,jh_user_60,save,summer_affair.txt,4.0
4247,jh_user_47,save,şükrü_erbaş_light_syllables_from_turkish_trans_derick_mattern_poem_3.txt,4.0
4247,jh_user_22,save,tomaž_šalamun_and_joshua_beckman_the_marquis_comes_and_breaks_the_fist_from_slovenian_trans_matthew_moore_and_tomaž_šalamun_and_joshua_beckman_poem_1.txt,4.0
4247,jh_user_19,save,siranuysh_ohanyan_at_night_before_i_went_to_sleep_i_looked_at_the_moon_from_armenian_trans_antranik_cassem_poem_3.txt,4.0
4247,jh_user_27,save,shanzhai_gent_woman.txt,4.0
4247,jh_user_37,save,vicente_huidobro_ii_from_spanish_trans_leijia_hanrahan_poem_2.txt,4.0
4248,jh_user_4,save,yaryna_chornohuz_too_red_a_spot_from_ukrainian_trans_ostap_kin_and_kate_tsurkan_poem_1.txt,4.0
4248,jh_user_15,save,wang_xiaoni_moonlight_no_3_from_chinese_trans_eleanor_goodman_poem_4.txt,4.0
4248,jh_user_48,save,tahir_hamut_izgil_a_hungry_ghost_from_uyghur_trans_joshua_l_freeman_poem_6.txt,4.0
4248,jh_user_20,save,stanislaw_borokowski_religion_lesson_from_german_trans_chris_michalski_poem_4.txt,4.0
4248,jh_user_55,save,yi_won_year_2050poet_inventory_from_korean_trans_kevin_michael_smith_poem_3.txt,4.0
4248,jh_user_74,save,yu_xuanji_visiting_master_zhao_and_not_finding_him_from_chinese_trans_leonard_ng_poem_3.txt,4.0
4248,jh_user_6,save,szilárd_borbély_xvi_from_hungarian_trans_ottilie_mulzet_poem_1.txt,4.0
4248,jh_user_77,save,tomas_venclova_i_from_lithuanian_trans_rimas_uzgiris_poem_2.txt,4.0
4248,jh_user_12,save,zhu_zhu_on_reading_mrs_mandelstams_memoirnbsp_from_chinese_trans_dong_li_poem_1.txt,4.0
4248,jh_user_73,save,yu_xuanji_to_the_perfect_master_from_chinese_trans_leonard_ng_poem_6.txt,4.0
4248,jh_user_86,save,xiao_kaiyu_mao_zedong_from_chinese_trans_christopher_lupke_poem_2.txt,4.0
4248,jh_user_1,save,signe_gjessing_312nbspnbsp_from_danish_trans_denise_newman_poem_33.txt,4.0
4248,jh_user_24,save,zuzanna_ginczanka_fishing_from_polish_trans_alex_braslavsky_poem_7.txt,4.0
4248,jh_user_74,save,sébastien_smirou_5_guillaume_from_french_trans_andrew_zawacki_poem_5.txt,4.0
4248,jh_user_15,save,tan_chee_lay_i_nomination_from_chinese_trans_teng_qian_xi_poem_1.txt,4.0
4248,jh_user_62,save,tasos_leivaditis_murder_from_greek_trans_n_n_trakakis_poem_1.txt,4.0
4248,jh_user_87,save,signe_gjessing_302nbsp_from_danish_trans_denise_newman_poem_4.txt,4.0
4248,jh_user_61,save,wolfgang_cordan_remembrance_from_german_trans_klein_voorhees_poem_1.txt,4.0
4248,jh_user_57,save,signe_gjessing_3121_from_danish_trans_denise_newman_poem_34.txt,
4249,jh_user_51,save,vakis-loizides_microcosms.txt,4.0
4249,jh_user_68,save,vakis-loizides_interview.txt,4.0
4249,jh_user_76,save,tahir_hamut_izgil_a_hungry_ghost_from_uyghur_trans_joshua_l_freeman_poem_6.txt,4.0
4249,jh_user_59,save,the_messenger.txt,4.0
4249,jh_user_99,save,yang_mu_rabbits_from_chinese_trans_michelle_yeh_and_arthur_sze_poem_2.txt,4.0
4249,jh_user_30,save,tomaž_šalamun_and_joshua_beckman_important_confessions_from_slovenian_trans_michael_thomas_taren_and_tomaž_šalamun_and_joshua_beckman_poem_4.txt,4.0
4249,jh_user_81,save,şükrü_erbaş_light_syllables_from_turkish_trans_derick_mattern_poem_3.txt,4.0
4249,jh_user_9,save,tomas_venclova_iv_from_lithuanian_trans_rimas_uzgiris_poem_10.txt,
4249,jh_user_93,save,yu_xuanji_to_guo_xiang_from_chinese_trans_leonard_ng_poem_1.txt,4.0
4249,jh_user_25,save,xiao_kaiyu_mao_zedong_from_chinese_trans_christopher_lupke_poem_2.txt,4.0
4249,jh_user_48,save,shuzo_takiguchi_max_ernst_from_japanese_trans_yuki_tanaka_and_mary_jo_bang_poem_2.txt,4.0
4249,jh_user_3,save,şükrü_erbaş_light_syllables_from_turkish_trans_derick_mattern_poem_3.txt,4.0
4249,jh_user_9,save,signe_gjessing_381nbsp_from_danish_trans_denise_newman_poem_26.txt,4.0
4249,jh_user_93,save,various_burmese_poets_lullaby_for_a_night_from_burmese_trans_ko_ko_thett_and_james_byrne_poem_3.txt,4.0
4249,jh_user_62,save,taras_shevchenko_will_and_testament_from_ukrainian_trans_daniel_moysaenko_poem_5.txt,
4249,jh_user_31,save,tomas_venclova_iii_from_lithuanian_trans_rimas_uzgiris_poem_9.txt,
4249,jh_user_70,save,tasos_leivaditis_futile_road_from_greek_trans_n_n_trakakis_poem_4.txt,
4249,jh_user_5,save,shanzhai_sheep.txt,
4249,jh_user_63,save,shanzhai_live.txt,4.0
4249,jh_user_27,save,ya_shi_brief_sentences_from_chinese_trans_nick_admussen_poem_5.txt,4.0
4250,jh_user_56,save,sébastien_smirou_3_bernice_from_french_trans_andrew_zawacki_poem_3.txt,4.0
4250,jh_user_62,save,shuntaro_tanikawa_2_nbspyearning_from_japanese_trans_martin_rock_poem_2.txt,4.0
4250,jh_user_29,save,yari_bernasconi_on_the_train_to_zurich_from_italian_trans_v_penelope_pelizzon_poem_4.txt,4.0
4250,jh_user_89,save,shanzhai_hurrah_humans.txt.txt,4.0
4250,jh_user_60,save,signe_gjessing_381nbsp_from_danish_trans_denise_newman_poem_26.txt,4.0
4250,jh_user_13,save,yari_bernasconi_on_the_train_to_zurich_from_italian_trans_v_penelope_pelizzon_poem_4.txt,4.0
4250,jh_user_95,save,uljana_wolf_guest_room_from_german_trans_greg_nissan_poem_4.txt,4.0
4250,jh_user_23,save,constantine_p_cavafy_returning_home_from_greece_from_greek_trans_george_economou_poem_2.txt,4.0
4250,jh_user_64,save,vicente_huidobro_ii_from_spanish_trans_leijia_hanrahan_poem_2.txt,4.0
4250,jh_user_71,save,shanzhai_reflect.txt,4.0
4250,jh_user_1,save,xiao_shui_cultural_garden_from_chinese_trans_judith_huang_poem_1.txt,4.0
4250,jh_user_39,save,signe_gjessing_3411_from_danish_trans_denise_newman_poem_14.txt,4.0
4250,jh_user_90,save,tan_chee_lay_i_nomination_from_chinese_trans_teng_qian_xi_poem_1.txt,4.0
4250,jh_user_81,save,tasos_leivaditis_futile_road_from_greek_trans_n_n_trakakis_poem_4.txt,
4250,jh_user_96,save,shanzhai_shorts_metrage.txt,4.0
4250,jh_user_56,save,signe_gjessing_35111_nbsp_from_danish_trans_denise_newman_poem_18.txt,4.0
4250,jh_user_73,save,tahir_hamut_izgil_untitled_4_from_uyghur_trans_joshua_l_freeman_poem_4.txt,4.0
4250,jh_user_81,save,vasyl_makhno_the_one_from_ukrainian_trans_olena_jennings_poem_1.txt,4.0
4250,jh_user_54,save,tóroddur_poulsen_faces_from_faroese_trans_randi_ward_poem_3.txt,4.0
4251,jh_user_36,save,tomas_venclova_iii_colle_aventino_from_lithuanian_trans_rimas_uzgiris_poem_14.txt,4.0
4251,jh_user_47,save,sébastien_smirou_3_bernice_from_french_trans_andrew_zawacki_poem_3.txt,4.0
4251,jh_user_61,save,shuntaro_tanikawa_10_nbspunknown_person_from_japanese_trans_martin_rock_poem_4.txt,4.0
4251,jh_user_44,save,sébastien_smirou_4_aleppo_from_french_trans_andrew_zawacki_poem_4.txt,4.0
4251,jh_user_37,save,zuzanna_ginczanka_virginity_from_polish_trans_alex_braslavsky_poem_5.txt,4.0
4251,jh_user_7,save,tomas_venclova_iii_from_lithuanian_trans_rimas_uzgiris_poem_4.txt,4.0
4251,jh_user_95,save,shanzhai_hurrah_humans.txt.txt,4.0
4251,jh_user_86,save,uljana_wolf_guest_room_from_german_trans_greg_nissan_poem_4.txt,4.0
4251,jh_user_26,save,various_burmese_poets_lullaby_for_a_night_from_burmese_trans_ko_ko_thett_and_james_byrne_poem_3.txt,4.0
4251,jh_user_48,save,tan_chee_lay_iii_election_night_from_chinese_trans_teng_qian_xi_poem_3.txt,4.0
4251,jh_user_64,save,shanzhai_gent_woman.txt,4.0
4251,jh_user_27,save,sun_tzuping_loving_underground_carparks_from_chinese_trans_nicholas_wong_poem_3.txt,4.0
4251,jh_user_41,save,shanzhai_reflect.txt,4.0
4251,jh_user_18,save,zuzanna_ginczanka_about_centaurs_from_polish_trans_alex_braslavsky_poem_4.txt,4.0
4251,jh_user_56,save,xiao_kaiyu_hillside_from_chinese_trans_christopher_lupke_poem_1.txt,
4251,jh_user_70,save,tan_chee_lay_iii_election_night_from_chinese_trans_teng_qian_xi_poem_3.txt,4.0
4251,jh_user_53,save,valerie_mejer_caso_sixth_movement_transfigured_night_from_spanish_trans_michelle_gilmontero_poem_4.txt,4.0
4251,jh_user_67,save,yvan_goll_deathchemistry_from_german_trans_donald_wellman_poem_1.txt,4.0
4251,jh_user_54,save,various_burmese_poets_lullaby_for_a_night_from_burmese_trans_ko_ko_thett_and_james_byrne_poem_3.txt,4.0
4251,jh_user_80,save,yvan_goll_deathchemistry_from_german_trans_donald_wellman_poem_1.txt,4.0
4251,jh_user_8,save,signe_gjessing_39_from_danish_trans_denise_newman_poem_28.txt,4.0
4251,jh_user_76,save,signe_gjessing_31_from_danish_trans_denise_newman_poem_7.txt,4.0
4252,jh_user_101,save,shanzhai_wild_flowers.txt,4.0
4252,jh_user_82,save,the_duel.txt,4.0
4252,jh_user_67,save,víctor_rodríguez_núñez_nbsp_nbsp_nbsp_nbsp_nbsp_nbsp_nbsp_nbsp_nbsp_nbsp_nbsp_nbsp_nbsp_nbsp_nbsp_nbsp_nbsp_nbsp_nbsp_nbsp_8_from_spanish_trans_katherine_m_hedeen_poem_1.txt,
4252,jh_user_51,save,stesichorus_sack_of_troy_s88_col_ii_the_debate_from_ancient_trans_em_setzer_poem_4.txt,4.0
4252,jh_user_21,save,xiao_shui_shiliupu_from_chinese_trans_judith_huang_poem_6.txt,
4252,jh_user_50,save,shanzhai_shorts_metrage.txt,4.0
4252,jh_user_96,save,sébastien_smirou_4_aleppo_from_french_trans_andrew_zawacki_poem_4.txt,4.0
4252,jh_user_15,save,ya_shi_brief_sentences_from_chinese_trans_nick_admussen_poem_5.txt,4.0
4252,jh_user_70,save,sébastien_smirou_5_guillaume_from_french_trans_andrew_zawacki_poem_5.txt,4.0
4252,jh_user_33,save,various_aztec_authors_vi_another_song_in_the_chalcan_style_from_náhuatl_trans_david_bowles_poem_2.txt,4.0
4252,jh_user_25,save,szilárd_borbély_xvi_from_hungarian_trans_ottilie_mulzet_poem_1.txt,4.0
4252,jh_user_15,save,tomasz_różycki_sorting_from_polish_trans_mira_rosenthal_poem_4.txt,
4252,jh_user_100,save,constantine_p_cavafy_returning_home_from_greece_from_greek_trans_george_economou_poem_2.txt,4.0
4252,jh_user_84,save,tomaž_šalamun_and_joshua_beckman_important_confessions_from_slovenian_trans_michael_thomas_taren_and_tomaž_šalamun_and_joshua_beckman_poem_4.txt,4.0
4252,jh_user_88,save,tahir_hamut_izgil_the_womens_prison_from_uyghur_trans_joshua_l_freeman_poem_1.txt,4.0
4252,jh_user_6,save,shanzhai_gertrude_stein.txt,
4252,jh_user_94,save,yi_lu_look_at_the_sunset_from_chinese_trans_fiona_szelorrain_poem_1.txt,4.0
4252,jh_user_53,save,tasos_leivaditis_transfiguration_from_greek_trans_n_n_trakakis_poem_5.txt,4.0
4252,jh_user_98,save,zuzanna_ginczanka_declaration_from_polish_trans_alex_braslavsky_poem_6.txt,
4252,jh_user_42,save,stesichorus_sack_of_troy_s88_col_ii_the_debate_from_ancient_trans_em_setzer_poem_4.txt,4.0
4253,jh_user_21,save,violeta_savu_he_didnt_love_me_from_unknown_poem_1.txt,4.0
4253,jh_user_44,save,shanzhai_time.txt,4.0
4253,jh_user_6,save,şükrü_erbaş_light_syllables_from_turkish_trans_derick_mattern_poem_3.txt,4.0
4253,jh_user_79,save,timur_kibirov_corporate_event_from_russian_trans_jamie_olson_poem_2.txt,
4253,jh_user_78,save,yi_lu_look_at_the_sunset_from_chinese_trans_fiona_szelorrain_poem_1.txt,4.0
4253,jh_user_66,save,xi_chuan_the_distance_from_chinese_trans_lucas_klein_poem_2.txt,4.0
4253,jh_user_92,save,signe_gjessing_312112_from_danish_trans_denise_newman_poem_38.txt,
4253,jh_user_63,save,sun_tzuping_the_gift_the_room_has_given_to_time_from_chinese_trans_nicholas_wong_poem_1.txt,4.0
4253,jh_user_52,save,valerie_mejer_caso_echo_from_spanish_trans_michelle_gilmontero_poem_1.txt,4.0
4253,jh_user_47,save,signe_gjessing_33nbspnbsp_from_danish_trans_denise_newman_poem_9.txt,4.0
4253,jh_user_89,save,signe_gjessing_302nbsp_from_danish_trans_denise_newman_poem_4.txt,4.0
4253,jh_user_73,save,sheila_cussons_bee_from_gingerbeer_from_afrikaans_trans_andrew_van_der_vlies_poem_3.txt,
4253,jh_user_37,save,sun_tzuping_the_gift_the_room_has_given_to_time_from_chinese_trans_nicholas_wong_poem_1.txt,4.0
4254,jh_user_1,save,yu_xuanji_sent_to_zian_while_gazing_unhappily_into_the_distance_at_jiangling_from_chinese_trans_leonard_ng_poem_4.txt,4.0
4254,jh_user_18,save,yi_won_a_bright_room_from_korean_trans_e_j_koh_and_marci_calabretta_canciobello_poem_2.txt,
4254,jh_user_79,save,yuri_andrukhovych_griffin_from_ukrainian_trans_john_hennessy_and_ostap_kin_poem_3.txt,4.0
4254,jh_user_53,save,yuri_andrukhovych_echidna_from_ukrainian_trans_john_hennessy_and_ostap_kin_poem_2.txt,
4254,jh_user_86,save,timur_kibirov_when_pontius_pilate_from_the_vantage_from_russian_trans_jamie_olson_poem_1.txt,4.0
4254,jh_user_69,save,shanzhai_live.txt,4.0
4254,jh_user_74,save,zuzanna_ginczanka_virginity_from_polish_trans_alex_braslavsky_poem_5.txt,4.0
4254,jh_user_40,save,sébastien_smirou_8_semantika_from_french_trans_andrew_zawacki_poem_8.txt,4.0
4254,jh_user_61,save,signe_gjessing_31211_from_danish_trans_denise_newman_poem_35.txt,4.0
4254,jh_user_68,save,yang_mu_rabbits_from_chinese_trans_michelle_yeh_and_arthur_sze_poem_2.txt,4.0
4254,jh_user_83,save,ya_shi_fragment_from_chinese_trans_nick_admussen_poem_1.txt,4.0
4254,jh_user_6,save,shanzhai_light.txt,4.0
4254,jh_user_99,save,zeynep-koylu_poems-of-leda.txt,4.0
4254,jh_user_55,save,violeta_savu_he_didnt_love_me_from_unknown_poem_1.txt,4.0
4255,jh_user_55,save,tahir_hamut_izgil_a_hungry_ghost_from_uyghur_trans_joshua_l_freeman_poem_6.txt,4.0
4255,jh_user_67,save,teemu-manninen_the-great-horned-owl.txt,4.0
4255,jh_user_90,save,şükrü_erbaş_delay_from_turkish_trans_derick_mattern_poem_1.txt,4.0
4255,jh_user_29,save,zeynep-koylu_poems-of-leda.txt,4.0
4255,jh_user_99,save,constantine_p_cavafy_returning_home_from_greece_from_greek_trans_george_economou_poem_2.txt,4.0
4255,jh_user_20,save,yang_mu_rabbits_from_chinese_trans_michelle_yeh_and_arthur_sze_poem_2.txt,4.0
4255,jh_user_22,save,shuntaro_tanikawa_2_nbspyearning_from_japanese_trans_martin_rock_poem_2.txt,4.0
4255,jh_user_85,save,signe_gjessing_35111_nbsp_from_danish_trans_denise_newman_poem_18.txt,4.0
4255,jh_user_76,save,signe_gjessing_33nbspnbsp_from_danish_trans_denise_newman_poem_9.txt,4.0
4255,jh_user_17,save,xi_chuan_the_distance_from_chinese_trans_lucas_klein_poem_2.txt,4.0
4255,jh_user_37,save,ya_shi_brief_sentences_from_chinese_trans_nick_admussen_poem_5.txt,4.0
4255,jh_user_10,save,tomas_venclova_iv_from_lithuanian_trans_rimas_uzgiris_poem_10.txt,
4255,jh_user_9,save,shuzo_takiguchi_max_ernst_from_japanese_trans_yuki_tanaka_and_mary_jo_bang_poem_2.txt,4.0
4255,jh_user_13,save,signe_gjessing_37nbspnbsp_from_danish_trans_denise_newman_poem_21.txt,4.0
4256,jh_user_85,save,shanzhai_wild_flowers.txt,4.0
4256,jh_user_15,save,shanzhai_reflect.txt,4.0
4256,jh_user_28,save,constantine_p_cavafy_returning_home_from_greece_from_greek_trans_george_economou_poem_2.txt,4.0
4256,jh_user_69,save,vicente_huidobro_ii_from_spanish_trans_leijia_hanrahan_poem_2.txt,4.0
4256,jh_user_22,save,timur_kibirov_corporate_event_from_russian_trans_jamie_olson_poem_2.txt,
4256,jh_user_42,save,signe_gjessing_3711nbsp_from_danish_trans_denise_newman_poem_23.txt,4.0
4256,jh_user_52,save,yang_mu_waters_edge_from_chinese_trans_michelle_yeh_and_arthur_sze_poem_3.txt,4.0
4256,jh_user_81,save,yang_mu_waters_edge_from_chinese_trans_michelle_yeh_and_arthur_sze_poem_3.txt,4.0
4256,jh_user_12,save,sébastien_smirou_3_bernice_from_french_trans_andrew_zawacki_poem_3.txt,4.0
4256,jh_user_36,save,teemu-manninen_the-great-horned-owl.txt,4.0
4256,jh_user_2,save,tahir_hamut_izgil_the_womens_prison_from_uyghur_trans_joshua_l_freeman_poem_1.txt,4.0
4256,jh_user_89,save,szilárd_borbély_xvi_from_hungarian_trans_ottilie_mulzet_poem_1.txt,4.0
4256,jh_user_12,save,yi_won_morgue_from_korean_trans_kevin_michael_smith_poem_1.txt,4.0
4256,jh_user_25,save,various_aztec_authors_vi_another_song_in_the_chalcan_style_from_náhuatl_trans_david_bowles_poem_2.txt,4.0
4256,jh_user_76,save,tahir_hamut_izgil_the_womens_prison_from_uyghur_trans_joshua_l_freeman_poem_1.txt,4.0
4256,jh_user_33,save,tomas_venclova_ii_from_lithuanian_trans_rimas_uzgiris_poem_8.txt,
4256,jh_user_75,save,taras_shevchenko_untitled_1_from_ukrainian_trans_daniel_moysaenko_poem_1.txt,
4257,jh_user_31,save,xi_chuan_the_distance_from_chinese_trans_lucas_klein_poem_2.txt,4.0
4257,jh_user_3,save,zeynep-koylu_poems-of-leda.txt,4.0
4257,jh_user_51,save,signe_gjessing_31_from_danish_trans_denise_newman_poem_7.txt,4.0
4257,jh_user_33,save,zhu_zhu_florence_from_chinese_trans_dong_li_poem_2.txt,4.0
4257,jh_user_80,save,tristan_tzara_civil_war_song_from_french_trans_heather_green_poem_2.txt,4.0
4257,jh_user_5,save,various_aztec_authors_vi_another_song_in_the_chalcan_style_from_náhuatl_trans_david_bowles_poem_2.txt,4.0
4257,jh_user_51,save,tedi_lópez_mills_h_from_spanish_trans_wendy_burk_poem_1.txt,4.0
4257,jh_user_39,save,tahir_hamut_izgil_a_hungry_ghost_from_uyghur_trans_joshua_l_freeman_poem_6.txt,4.0
4257,jh_user_14,save,timur_kibirov_when_pontius_pilate_from_the_vantage_from_russian_trans_jamie_olson_poem_1.txt,4.0
4257,jh_user_93,save,ye_hui_the_fireflies_from_chinese_trans_dong_li_poem_1.txt,4.0
4258,jh_user_57,save,yu_jian_i_have_lost_that_sadness_from_chinese_trans_shuyu_guo_poem_2.txt,4.0
4258,jh_user_27,save,tahir_hamut_izgil_a_hungry_ghost_from_uyghur_trans_joshua_l_freeman_poem_6.txt,4.0
4258,jh_user_47,save,shanzhai_wild_flowers.txt,4.0
4258,jh_user_40,save,timur_kibirov_when_pontius_pilate_from_the_vantage_from_russian_trans_jamie_olson_poem_1.txt,4.0
4258,jh_user_42,save,various_burmese_poets_2010_the_curvaceousness_of_burmese_poetry_poetics_and_an_unknown_from_burmese_trans_ko_ko_thett_and_james_byrne_poem_1.txt,
4258,jh_user_22,save,yaryna_chornohuz_about_the_truth_from_ukrainian_trans_ostap_kin_and_kate_tsurkan_poem_3.txt,
4258,jh_user_84,save,shanzhai_hurrah_humans.txt.txt,4.0
4258,jh_user_2,save,shanzhai_gertrude_stein.txt,
4258,jh_user_95,save,xi_chuan_the_distance_from_chinese_trans_lucas_klein_poem_2.txt,4.0
4258,jh_user_38,save,zuzanna_ginczanka_virginity_from_polish_trans_alex_braslavsky_poem_5.txt,4.0
4258,jh_user_67,save,wang_xiaoni_moonlight_no_3_from_chinese_trans_eleanor_goodman_poem_4.txt,4.0
4259,jh_user_75,save,vicente_huidobro_ii_from_spanish_trans_leijia_hanrahan_poem_2.txt,4.0
4259,jh_user_82,save,tan_chee_lay_iii_election_night_from_chinese_trans_teng_qian_xi_poem_3.txt,4.0
4259,jh_user_36,save,ya_shi_brief_sentences_from_chinese_trans_nick_admussen_poem_5.txt,4.0
4259,jh_user_1,save,yury_milorava_untitled_1_from_russian_trans_anna_halberstadt_poem_1.txt,4.0
4259,jh_user_86,save,sheila_cussons_bee_from_gingerbeer_from_afrikaans_trans_andrew_van_der_vlies_poem_3.txt,
4259,jh_user_86,save,shuzo_takiguchi_pablo_picasso_from_japanese_trans_yuki_tanaka_and_mary_jo_bang_poem_3.txt,
4259,jh_user_27,save,violeta_savu_he_didnt_love_me_from_unknown_poem_1.txt,4.0
4259,jh_user_94,save,shanzhai_wild_flowers.txt,4.0
4259,jh_user_3,save,tomaž_šalamun_and_joshua_beckman_important_confessions_from_slovenian_trans_michael_thomas_taren_and_tomaž_šalamun_and_joshua_beckman_poem_4.txt,4.0
4259,jh_user_93,save,zuzanna_ginczanka_fishing_from_polish_trans_alex_braslavsky_poem_7.txt,4.0
4260,jh_user_100,save,víctor_rodríguez_núñez_sanities_or_youre_a_tempest_in_a_teapot_from_spanish_trans_katherine_m_hedeen_poem_4.txt,
4260,jh_user_83,save,stanislaw_borokowski_religion_lesson_from_german_trans_chris_michalski_poem_4.txt,4.0
4260,jh_user_34,save,yury_milorava_untitled_1_from_russian_trans_anna_halberstadt_poem_1.txt,4.0
4260,jh_user_31,save,sébastien_smirou_8_semantika_from_french_trans_andrew_zawacki_poem_8.txt,4.0
4260,jh_user_68,save,tomaž_šalamun_and_joshua_beckman_______from_slovenian_trans_michael_thomas_taren_and_tomaž_šalamun_and_joshua_beckman_poem_1.txt,
4260,jh_user_93,save,tahir_hamut_izgil_the_border_from_uyghur_trans_joshua_l_freeman_poem_2.txt,4.0
4260,jh_user_27,save,shanzhai_hurrah_humans.txt.txt,4.0
4260,jh_user_40,save,shanzhai_hurrah_humans.txt.txt,4.0
4260,jh_user_49,save,tomas_venclova_ii_caffe_greco_from_lithuanian_trans_rimas_uzgiris_poem_13.txt,
4260,jh_user_22,save,tomas_venclova_i_piazza_mattei_from_lithuanian_trans_rimas_uzgiris_poem_12.txt,4.0
4260,jh_user_62,save,tomas_venclova_i_piazza_mattei_from_lithuanian_trans_rimas_uzgiris_poem_12.txt,4.0
4260,jh_user_31,save,szilárd_borbély_xvi_from_hungarian_trans_ottilie_mulzet_poem_1.txt,4.0
4260,jh_user_37,save,shanzhai_shorts_metrage.txt,4.0
4260,jh_user_34,save,yi_won_morgue_from_korean_trans_kevin_michael_smith_poem_1.txt,4.0
4260,jh_user_43,save,xi_chuan_beast_from_chinese_trans_lucas_klein_poem_1.txt,
4260,jh_user_68,save,xiao_kaiyu_mao_zedong_from_chinese_trans_christopher_lupke_poem_2.txt,4.0
4260,jh_user_39,save,ya_shi_fragment_from_chinese_trans_nick_admussen_poem_1.txt,4.0
4260,jh_user_50,save,xiao_kaiyu_mao_zedong_from_chinese_trans_christopher_lupke_poem_2.txt,4.0
4260,jh_user_26,save,ya_shi_fragment_from_chinese_trans_nick_admussen_poem_1.txt,4.0
4260,jh_user_77,save,the_duel.txt,4.0
4261,jh_user_27,save,valerie_mejer_caso_echo_from_spanish_trans_michelle_gilmontero_poem_1.txt,4.0
4261,jh_user_35,save,szilárd_borbély_xvi_from_hungarian_trans_ottilie_mulzet_poem_1.txt,4.0
4261,jh_user_74,save,signe_gjessing_371_from_danish_trans_denise_newman_poem_22.txt,4.0
4261,jh_user_42,save,tristan_tzara_civil_war_song_from_french_trans_heather_green_poem_2.txt,4.0
4261,jh_user_63,save,signe_gjessing_361nbsp_from_danish_trans_denise_newman_poem_20.txt,
4261,jh_user_51,save,tomaž_šalamun_and_joshua_beckman_important_confessions_from_slovenian_trans_michael_thomas_taren_and_tomaž_šalamun_and_joshua_beckman_poem_4.txt,4.0
4261,jh_user_7,save,various_aztec_authors_vi_another_song_in_the_chalcan_style_from_náhuatl_trans_david_bowles_poem_2.txt,4.0
4261,jh_user_60,save,tedi_lópez_mills_h_from_spanish_trans_wendy_burk_poem_1.txt,4.0
4261,jh_user_37,save,tomasz_różycki_the_warmest_place_from_polish_trans_mira_rosenthal_poem_3.txt,4.0
4261,jh_user_53,save,yuri_andrukhovych_griffin_from_ukrainian_trans_john_hennessy_and_ostap_kin_poem_3.txt,4.0
4261,jh_user_4,save,tomas_venclova_i_from_lithuanian_trans_rimas_uzgiris_poem_2.txt,4.0
4261,jh_user_3,save,signe_gjessing_37nbspnbsp_from_danish_trans_denise_newman_poem_21.txt,4.0
4261,jh_user_58,save,shanzhai_shorts_metrage.txt,4.0
4262,jh_user_72,save,wang_xiaoni_moonlight_no_3_from_chinese_trans_eleanor_goodman_poem_4.txt,4.0
4262,jh_user_90,save,signe_gjessing_371_from_danish_trans_denise_newman_poem_22.txt,4.0
4262,jh_user_28,save,taras_shevchenko_will_and_testament_from_ukrainian_trans_daniel_moysaenko_poem_5.txt,
4262,jh_user_38,save,vakis-loizides_interview.txt,4.0
4262,jh_user_99,save,wang_xiaoni_moonlight_no_3_from_chinese_trans_eleanor_goodman_poem_4.txt,4.0
4262,jh_user_66,save,tasos_leivaditis_murder_from_greek_trans_n_n_trakakis_poem_1.txt,4.0
4262,jh_user_9,save,tasos_leivaditis_murder_from_greek_trans_n_n_trakakis_poem_1.txt,4.0
4262,jh_user_61,save,tomas_venclova_three_imperfect_sonnets_from_lithuanian_trans_rimas_uzgiris_poem_11.txt,4.0
4262,jh_user_94,save,yury_milorava_untitled_1_from_russian_trans_anna_halberstadt_poem_1.txt,4.0
4262,jh_user_35,save,thórdís_helgadóttir_phase_shift_from_unknown_poem_1.txt,
4262,jh_user_81,save,sébastien_smirou_4_aleppo_from_french_trans_andrew_zawacki_poem_4.txt,4.0
4262,jh_user_16,save,stesichorus_sack_of_troy_s88_col_ii_the_debate_from_ancient_trans_em_setzer_poem_4.txt,4.0
4263,jh_user_86,save,yang_lian_dead_sea_from_chinese_trans_brian_holton_poem_1.txt,4.0
4263,jh_user_75,save,yoshihara_sachiko_from_radiances_1995_from_japanese_trans_james_garza_poem_2.txt,4.0
4263,jh_user_58,save,tristan_tzara_cash_on_the_nail_from_french_trans_heather_green_poem_3.txt,
4263,jh_user_49,save,shanzhai_gertrude_stein.txt,
4263,jh_user_9,save,various_aztec_authors_vi_another_song_in_the_chalcan_style_from_náhuatl_trans_david_bowles_poem_2.txt,4.0
4263,jh_user_2,save,thomas-antonic_work-in-excess_part2.txt,4.0
4263,jh_user_40,save,wilson_bueno_trans_erin_moure_dusk_apres.txt,
4263,jh_user_65,save,stanislaw_borokowski_winter_map_of_montreal_from_german_trans_chris_michalski_poem_3.txt,
4264,jh_user_9,save,vakis-loizides_interview.txt,4.0
4264,jh_user_95,save,yury_milorava_untitled_1_from_russian_trans_anna_halberstadt_poem_1.txt,4.0
4264,jh_user_29,save,zuzanna_ginczanka_about_centaurs_from_polish_trans_alex_braslavsky_poem_4.txt,4.0
4264,jh_user_34,save,tomas_venclova_i_piazza_mattei_from_lithuanian_trans_rimas_uzgiris_poem_12.txt,4.0
4264,jh_user_18,save,tomaž_šalamun_and_joshua_beckman_important_confessions_from_slovenian_trans_michael_thomas_taren_and_tomaž_šalamun_and_joshua_beckman_poem_4.txt,4.0
4264,jh_user_25,save,signe_gjessing_371_from_danish_trans_denise_newman_poem_22.txt,4.0
4264,jh_user_43,save,álvaro_fausto_taruma_nbspuntitled_from_portuguese_trans_grant_schutzman_poem_3.txt,
4264,jh_user_11,save,yi_won_morgue_from_korean_trans_kevin_michael_smith_poem_1.txt,4.0
4264,jh_user_61,save,shuntaro_tanikawa_2_nbspyearning_from_japanese_trans_martin_rock_poem_2.txt,4.0
4265,jh_user_13,save,ulrike_almut_sandig_like_sun_like_winter_like_wind_from_german_trans_bradley_schmidt_poem_1.txt,
4265,jh_user_32,save,tomaž_šalamun_and_joshua_beckman_important_confessions_from_slovenian_trans_michael_thomas_taren_and_tomaž_šalamun_and_joshua_beckman_poem_4.txt,4.0
4265,jh_user_88,save,shanzhai_delighted.txt,
4265,jh_user_37,save,vakis-loizides_interview.txt,4.0
4265,jh_user_65,save,tomaž_šalamun_and_joshua_beckman_the_marquis_comes_and_breaks_the_fist_from_slovenian_trans_matthew_moore_and_tomaž_šalamun_and_joshua_beckman_poem_1.txt,4.0
4265,jh_user_44,save,signe_gjessing_371_from_danish_trans_denise_newman_poem_22.txt,4.0
4265,jh_user_53,save,shanzhai_hurrah_humans.txt.txt,4.0
4265,jh_user_18,save,various_burmese_poets_2010_the_curvaceousness_of_burmese_poetry_poetics_and_an_unknown_from_burmese_trans_ko_ko_thett_and_james_byrne_poem_1.txt,
4265,jh_user_20,save,sheila_cussons_the_ferret_from_afrikaans_trans_andrew_van_der_vlies_poem_2.txt,
4265,jh_user_23,save,yi_lu_because_there_is_awakening_from_chinese_trans_fiona_szelorrain_poem_3.txt,
4265,jh_user_21,save,tomas_venclova_i_piazza_mattei_from_lithuanian_trans_rimas_uzgiris_poem_12.txt,4.0
4265,jh_user_19,save,tomaž_šalamun_and_joshua_beckman_important_confessions_from_slovenian_trans_michael_thomas_taren_and_tomaž_šalamun_and_joshua_beckman_poem_4.txt,4.0
4266,jh_user_27,save,signe_gjessing_3711nbsp_from_danish_trans_denise_newman_poem_23.txt,4.0
4266,jh_user_25,save,signe_gjessing_31211_from_danish_trans_denise_newman_poem_35.txt,4.0
4266,jh_user_18,save,wang_xiaoni_moonlight_no_3_from_chinese_trans_eleanor_goodman_poem_4.txt,4.0
4266,jh_user_97,save,yang_lian_dead_sea_from_chinese_trans_brian_holton_poem_1.txt,4.0
4266,jh_user_70,save,shanzhai_you_are.txt,
4267,jh_user_1,save,tomasz_różycki_the_warmest_place_from_polish_trans_mira_rosenthal_poem_3.txt,4.0
4267,jh_user_42,save,signe_gjessing_31211_from_danish_trans_denise_newman_poem_35.txt,4.0
4267,jh_user_90,save,yaryna_chornohuz_too_red_a_spot_from_ukrainian_trans_ostap_kin_and_kate_tsurkan_poem_1.txt,4.0
4267,jh_user_24,save,various_burmese_poets_lullaby_for_a_night_from_burmese_trans_ko_ko_thett_and_james_byrne_poem_3.txt,4.0
4267,jh_user_39,save,tomaž_šalamun_and_joshua_beckman_important_confessions_from_slovenian_trans_michael_thomas_taren_and_tomaž_šalamun_and_joshua_beckman_poem_4.txt,4.0
4267,jh_user_22,save,constantine_p_cavafy_returning_home_from_greece_from_greek_trans_george_economou_poem_2.txt,4.0
4267,jh_user_62,save,valerie_mejer_caso_sixth_movement_transfigured_night_from_spanish_trans_michelle_gilmontero_poem_4.txt,4.0
4267,jh_user_1,save,timur_kibirov_when_pontius_pilate_from_the_vantage_from_russian_trans_jamie_olson_poem_1.txt,4.0
4267,jh_user_20,save,yu_xuanji_farewell_from_chinese_trans_leonard_ng_poem_5.txt,
4267,jh_user_8,save,stanislaw_borokowski_religion_lesson_from_german_trans_chris_michalski_poem_4.txt,4.0
4268,jh_user_36,save,various_burmese_poets_lullaby_for_a_night_from_burmese_trans_ko_ko_thett_and_james_byrne_poem_3.txt,4.0
4268,jh_user_25,save,shanzhai_wild_flowers.txt,4.0
4268,jh_user_31,save,timur_kibirov_when_pontius_pilate_from_the_vantage_from_russian_trans_jamie_olson_poem_1.txt,4.0
4269,jh_user_11,save,shuzo_takiguchi_max_ernst_from_japanese_trans_yuki_tanaka_and_mary_jo_bang_poem_2.txt,4.0
4269,jh_user_71,save,vicente_huidobro_ii_from_spanish_trans_leijia_hanrahan_poem_2.txt,4.0
4269,jh_user_56,save,valerie_mejer_caso_sixth_movement_transfigured_night_from_spanish_trans_michelle_gilmontero_poem_4.txt,4.0
4269,jh_user_20,save,signe_gjessing_311nbspnbsp_from_danish_trans_denise_newman_poem_32.txt,
4269,jh_user_12,save,tomas_venclova_ii_from_lithuanian_trans_rimas_uzgiris_poem_3.txt,4.0
4269,jh_user_49,save,tomas_venclova_i_from_lithuanian_trans_rimas_uzgiris_poem_2.txt,4.0
4269,jh_user_97,save,thórdís_helgadóttir_phase_shift_from_unknown_poem_1.txt,
4270,jh_user_64,save,zuzanna_ginczanka_declaration_from_polish_trans_alex_braslavsky_poem_6.txt,
4270,jh_user_28,save,vicente_huidobro_ii_from_spanish_trans_leijia_hanrahan_poem_2.txt,4.0
4270,jh_user_76,save,víctor_rodríguez_núñez_sanities_or_youre_a_tempest_in_a_teapot_from_spanish_trans_katherine_m_hedeen_poem_4.txt,
4270,jh_user_68,save,tomasz_różycki_the_warmest_place_from_polish_trans_mira_rosenthal_poem_3.txt,4.0
4270,jh_user_79,save,yang_lian_dead_sea_from_chinese_trans_brian_holton_poem_1.txt,4.0
4271,jh_user_59,save,tomasz_różycki_the_warmest_place_from_polish_trans_mira_rosenthal_poem_3.txt,4.0
4271,jh_user_39,save,sylvia_geist_chromium_from_german_trans_catherine_hales_poem_3.txt,4.0
4271,jh_user_23,save,vítězslav_nezval_a_man_composing_a_selfportrait_out_of_objects_from_czech_trans_stephan_delbos_and_tereza_novická_poem_1.txt,
4271,jh_user_78,save,yuri_andrukhovych_griffin_from_ukrainian_trans_john_hennessy_and_ostap_kin_poem_3.txt,4.0
4271,jh_user_72,save,yaryna_chornohuz_too_red_a_spot_from_ukrainian_trans_ostap_kin_and_kate_tsurkan_poem_1.txt,4.0
4271,jh_user_11,save,tahir_hamut_izgil_the_border_from_uyghur_trans_joshua_l_freeman_poem_2.txt,4.0
4271,jh_user_79,save,vakis-loizides_interview.txt,4.0
4271,jh_user_52,save,tomaž_šalamun_and_joshua_beckman_______from_slovenian_trans_michael_thomas_taren_and_tomaž_šalamun_and_joshua_beckman_poem_1.txt,
4272,jh_user_24,save,shuntaro_tanikawa_3_nbsphomecoming_from_japanese_trans_martin_rock_poem_3.txt,
4272,jh_user_33,save,xiao_shui_sadhu_life_from_chinese_trans_judith_huang_poem_2.txt,
4272,jh_user_32,save,wilson_bueno_trans_erin_moure_dusk_apres.txt,
4273,jh_user_26,save,signe_gjessing_31211_from_danish_trans_denise_newman_poem_35.txt,4.0
4273,jh_user_7,save,tomas_venclova_ii_from_lithuanian_trans_rimas_uzgiris_poem_8.txt,
4273,jh_user_43,save,shanzhai_raise.txt,
4273,jh_user_48,save,szilárd_borbély_xxi_from_hungarian_trans_ottilie_mulzet_poem_3.txt,
4273,jh_user_37,save,constantine_p_cavafy_returning_home_from_greece_from_greek_trans_george_economou_poem_2.txt,4.0
4274,jh_user_81,save,signe_gjessing_31211_from_danish_trans_denise_newman_poem_35.txt,4.0
4274,jh_user_16,save,taghrid_abdelal_my_bodys_always_saying_from_arabic_trans_fady_joudah_poem_3.txt,
4274,jh_user_21,save,víctor_rodríguez_núñez_nbsp_nbsp_nbsp_nbsp_nbsp_nbsp_nbsp_nbsp_nbsp_nbsp_nbsp_nbsp_nbsp_nbsp_nbsp_nbsp_nbsp_nbsp_nbsp_nbsp_8_from_spanish_trans_katherine_m_hedeen_poem_1.txt,
4274,jh_user_31,save,thórdís_helgadóttir_babushkas_from_unknown_poem_2.txt,
4274,jh_user_85,save,szilárd_borbély_xxi_from_hungarian_trans_ottilie_mulzet_poem_3.txt,
4274,jh_user_13,save,shanzhai_fashion_not_the_same_feeling.txt,
4275,jh_user_70,save,shanzhai_sheep.txt,
4275,jh_user_69,save,yu_jian_i_have_lost_that_sadness_from_chinese_trans_shuyu_guo_poem_2.txt,4.0
4275,jh_user_42,save,zuzanna_ginczanka_declaration_from_polish_trans_alex_braslavsky_poem_6.txt,
4275,jh_user_14,save,shanzhai_you_are.txt,
4275,jh_user_51,save,sébastien_smirou_6_alexandra_from_french_trans_andrew_zawacki_poem_6.txt,
4275,jh_user_31,save,signe_gjessing_35_from_danish_trans_denise_newman_poem_15.txt,
4276,jh_user_2,save,taghrid_abdelal_who_is_he_from_arabic_trans_fady_joudah_poem_2.txt,
4276,jh_user_55,save,yi_lu_because_there_is_awakening_from_chinese_trans_fiona_szelorrain_poem_3.txt,
4276,jh_user_60,save,tomaž_šalamun_and_joshua_beckman_______from_slovenian_trans_michael_thomas_taren_and_tomaž_šalamun_and_joshua_beckman_poem_1.txt,
4276,jh_user_95,save,yi_won_a_bright_room_from_korean_trans_e_j_koh_and_marci_calabretta_canciobello_poem_2.txt,
4276,jh_user_70,save,yaryna_chornohuz_about_the_truth_from_ukrainian_trans_ostap_kin_and_kate_tsurkan_poem_3.txt,
4276,jh_user_2,save,sylvia_geist_aluminium_from_german_trans_catherine_hales_poem_2.txt,
4277,jh_user_7,save,yi_won_a_bright_room_from_korean_trans_e_j_koh_and_marci_calabretta_canciobello_poem_2.txt,
4277,jh_user_58,save,shuntaro_tanikawa_3_nbsphomecoming_from_japanese_trans_martin_rock_poem_3.txt,
4277,jh_user_58,save,tahir_hamut_izgil_your_unknown_place_from_uyghur_trans_joshua_l_freeman_poem_2.txt,
4277,jh_user_99,save,valerie_mejer_caso_riding_the_crocodile_from_spanish_trans_michelle_gilmontero_poem_2.txt,
4278,jh_user_8,save,xiao_shui_shiliupu_from_chinese_trans_judith_huang_poem_6.txt,
4278,jh_user_90,save,taghrid_abdelal_who_is_he_from_arabic_trans_fady_joudah_poem_2.txt,
4279,jh_user_41,save,wilson_bueno_trans_erin_moure_dusk_apres.txt,
4279,jh_user_93,save,vladimir-durisic_love-song-of-j-alfred-hitschawk.txt,
4279,jh_user_58,save,taghrid_abdelal_my_bodys_always_saying_from_arabic_trans_fady_joudah_poem_3.txt,
4280,jh_user_10,save,signe_gjessing_311nbspnbsp_from_danish_trans_denise_newman_poem_32.txt,
4280,jh_user_75,save,signe_gjessing_311nbspnbsp_from_danish_trans_denise_newman_poem_32.txt,
4280,jh_user_32,save,tomasz_różycki_sorting_from_polish_trans_mira_rosenthal_poem_4.txt,
4282,jh_user_92,save,tomasz_różycki_sorting_from_polish_trans_mira_rosenthal_poem_4.txt,
4282,jh_user_2,save,signe_gjessing_361nbsp_from_danish_trans_denise_newman_poem_20.txt,
4282,jh_user_74,save,thórdís_helgadóttir_phase_shift_from_unknown_poem_1.txt,
4285,jh_user_32,save,signe_gjessing_382_from_danish_trans_denise_newman_poem_27.txt,
4285,jh_user_92,save,wingston_gonzález_tourists_waiting_to_leave_paradise_from_spanish_trans_josé_garcía_escobar_poem_4.txt,
4286,jh_user_71,save,sébastien_smirou_6_alexandra_from_french_trans_andrew_zawacki_poem_6.txt,
4289,jh_user_24,save,shanzhai_quik_sick.txt,
4292,jh_user_80,save,víctor_rodríguez_núñez_outsides_or_the_groundhog_gorges_on_twilight_from_spanish_trans_katherine_m_hedeen_poem_2.txt,
4293,jh_user_50,save,vítězslav_nezval_a_man_composing_a_selfportrait_out_of_objects_from_czech_trans_stephan_delbos_and_tereza_novická_poem_1.txt,
4293,jh_user_19,save,signe_gjessing_35_from_danish_trans_denise_newman_poem_15.txt,
4294,jh_user_48,save,sébastien_smirou_6_alexandra_from_french_trans_andrew_zawacki_poem_6.txt,
4294,jh_user_43,save,valerie_mejer_caso_riding_the_crocodile_from_spanish_trans_michelle_gilmontero_poem_2.txt,
4295,jh_user_38,save,signe_gjessing_35_from_danish_trans_denise_newman_poem_15.txt,
4295,jh_user_52,save,taghrid_abdelal_who_is_he_from_arabic_trans_fady_joudah_poem_2.txt,
4297,jh_user_42,save,sébastien_smirou_1_daisy_from_french_trans_andrew_zawacki_poem_1.txt,
4299,jh_user_30,save,thórdís_helgadóttir_babushkas_from_unknown_poem_2.txt,
